﻿POS;NUMBER;LAP;TIME;GAP_FIRST;GAP_PREVIOUS;KPH; LAPS;TEAM;CLASS;GROUP;DIVISION;VEHICLE;TIRES;ECM Participant Id;ECM Team Id;ECM Category Id;ECM Car Id;ECM Brand Id;ECM Country Id;*Extra 7;*Extra 8;*Extra 9;Sort Key;DRIVER_FIRSTNAME;DRIVER_SECONDNAME;DRIVER_LICENSE;DRIVER_HOMETOWN;DRIVER_COUNTRY;DRIVER_SHORTNAME;DRIVER_ECM Driver Id;DRIVER_ECM Country Id;DRIVER_*Extra 3;DRIVER_*Extra 4;DRIVER_*Extra 5;
1;99;6;1:45.831;-;-;146.7;10;Griffin Core;;B;;Tatuus F4 T -421;;;;;;;;;;;;Thomas;STRAUVEN;;;BEL;;;;;;;
2;9;6;1:46.044;+0.213;+0.213;146.4;9;MP Motorsport;;A;;Tatuus F4 T -421;;;;;;;;;;;;René;LAMMERS;;;NLD;;;;;;;
3;23;8;1:46.114;+0.283;+0.070;146.3;11;Griffin Core;;B;;Tatuus F4 T -421;;;;;;;;;;;;Jan;PRZYROWSKI;;;POL;;;;;;;
4;2;9;1:46.126;+0.295;+0.012;146.3;11;Campos Racing;R;B;;Tatuus F4 T -421;;;;;;;;;;;;Vivek;KANTHAN;;;USA;;;;;;;
5;22;8;1:46.131;+0.300;+0.005;146.3;10;MP Motorsport;;A;;Tatuus F4 T -421;;;;;;;;;;;;Juan;COTA;;;ESP;;;;;;;
6;11;8;1:46.175;+0.344;+0.044;146.2;10;KCL MP Motorsport;;A;;Tatuus F4 T -421;;;;;;;;;;;;Reno;FRANCOT;;;NLD;;;;;;;
7;81;7;1:46.196;+0.365;+0.021;146.2;10;Campos Racing;R;B;;Tatuus F4 T -421;;;;;;;;;;;;Noah;MONTEIRO;;;PRT;MOT;;;;;;
8;4;6;1:46.224;+0.393;+0.028;146.2;9;MP Motorsport;R;A;;Tatuus F4 T -421;;;;;;;;;;;;Ean;EYCKMANS;;;BEL;;;;;;;
9;5;9;1:46.247;+0.416;+0.023;146.1;11;Campos Racing;R;B;;Tatuus F4 T -421;;;;;;;;;;;;Miguel;COSTA;;;BRA;;;;;;;
10;19;10;1:46.281;+0.450;+0.034;146.1;10;Griffin Core;;B;;Tatuus F4 T -421;;;;;;;;;;;;Matus;RYBA;;;SVK;;;;;;;
11;1;6;1:46.324;+0.493;+0.043;146.0;10;KCL MP Motorsport;;A;;Tatuus F4 T -421;;;;;;;;;;;;Hudson;SCHWARTZ;;;USA;SCW;;;;;;
12;33;6;1:46.405;+0.574;+0.081;145.9;11;Drivex;R;A;;Tatuus F4 T -421;;;;;;;;;;;;Christopher;EL FEGHALI;;;LBN;FEG;;;;;;
13;46;7;1:46.411;+0.580;+0.006;145.9;11;Rodin Motorsport;;B;;Tatuus F4 T -421;;;;;;;;;;;;Nathan;TYE;;;GBR;;;;;;;
14;77;7;1:46.454;+0.623;+0.043;145.9;10;T-Code by Amtog;;B;;Tatuus F4 T -421;;;;;;;;;;;;Andrej;PETROVIC;;;SRB;;;;;;;
15;48;7;1:46.550;+0.719;+0.096;145.7;11;Drivex;;A;;Tatuus F4 T -421;;;;;;;;;;;;Gino;TRAPPA;;;ARG;;;;;;;
16;78;9;1:46.553;+0.722;+0.003;145.7;11;TC Racing;;A;;Tatuus F4 T -421;;;;;;;;;;;;Alfio;SPINA;;;ITA;;;;;;;
17;37;9;1:46.661;+0.830;+0.108;145.6;10;Drivex;;A;;Tatuus F4 T -421;;;;;;;;;;;;Filippo;FIORENTINO;;;BRA;;;;;;;
18;91;9;1:46.737;+0.906;+0.076;145.5;11;Monlau Motorsport;R;A;;Tatuus F4 T -421;;;;;;;;;;;;Lorenzo;CAMPOS;;;AGO;;;;;;;
19;10;8;1:46.797;+0.966;+0.060;145.4;10;KCL MP Motorsport;R;A;;Tatuus F4 T -421;;;;;;;;;;;;Niklas;SCHAUFLER;;;AUT;SCF;;;;;;
20;25;9;1:46.828;+0.997;+0.031;145.3;10;Monlau Motorsport;R;A;;Tatuus F4 T -421;;;;;;;;;;;;Francisco;MONARCA;;;ARG;MOR;;;;;;
21;39;8;1:46.892;+1.061;+0.064;145.3;9;TC Racing;R;A;;Tatuus F4 T -421;;;;;;;;;;;;Santino;PANETTA;;;ARG;;;;;;;
22;6;7;1:46.923;+1.092;+0.031;145.2;11;T-Code by Amtog;R;B;;Tatuus F4 T -421;;;;;;;;;;;;Sacha;VAN'T PAD BOSCH;;;NLD;;;;;;;
23;88;7;1:46.961;+1.130;+0.038;145.2;10;TC Racing;;A;;Tatuus F4 T -421;;;;;;;;;;;;Santiago;BAZTARRICA;;;ARG;;;;;;;
24;17;9;1:47.109;+1.278;+0.148;145.0;11;Tecnicar by Amtog;R;B;;Tatuus F4 T -421;;;;;;;;;;;;Nacho;TUÑON;;;ESP;TUN;;;;;;
25;57;8;1:47.109;+1.278;+0.000;145.0;10;DXR;R;A;;Tatuus F4 T -421;;;;;;;;;;;;Kaiden;HIGGINS;;;ARE;;;;;;;
26;41;6;1:47.162;+1.331;+0.053;144.9;10;DXR;R;A;;Tatuus F4 T -421;;;;;;;;;;;;Stepan;SUSLOV;;;SWE;;;;;;;
27;71;8;1:47.202;+1.371;+0.040;144.8;9;GRS Team;R;B;;Tatuus F4 T -421;;;;;;;;;;;;Daniel;DALLAKYAN;;;ARM;DALL;;;;;;
28;24;9;1:47.287;+1.456;+0.085;144.7;11;Rodin Motorsport;R;B;;Tatuus F4 T -421;;;;;;;;;;;;Kyuho;LEE;;;KOR;;;;;;;
29;32;8;1:47.690;+1.859;+0.403;144.2;11;Tecnicar by Amtog;;B;;Tatuus F4 T -421;;;;;;;;;;;;Wiktor;DOBRZANSKI;;;POL;;;;;;;
30;70;7;1:47.700;+1.869;+0.010;144.2;10;GRS Team;R;B;;Tatuus F4 T -421;;;;;;;;;;;;Aleksandar;BOGUNOVIC;;;SVN;;;;;;;
;27;0;;;;;2;Monlau Motorsport;;A;;Tatuus F4 T -421;;;;;;;;;;;;Alexander;JACOBY;;;BRA;;;;;;;
