﻿POS;NUMBER;LAP;TIME;GAP_FIRST;GAP_PREVIOUS;KPH; LAPS;TEAM;CLASS;GROUP;DIVISION;VEHICLE;TIRES;ECM Participant Id;ECM Team Id;ECM Category Id;ECM Car Id;ECM Brand Id;ECM Country Id;*Extra 7;*Extra 8;*Extra 9;Sort Key;DRIVER_FIRSTNAME;DRIVER_SECONDNAME;DRIVER_LICENSE;DRIVER_HOMETOWN;DRIVER_COUNTRY;DRIVER_SHORTNAME;DRIVER_ECM Driver Id;DRIVER_ECM Country Id;DRIVER_*Extra 3;DRIVER_*Extra 4;DRIVER_*Extra 5;
1;99;10;1:58.353;-;-;162.6;10;Griffin Core;;;;Tatuus F4 T -421;;;;;;;;;;;;Thomas;STRAUVEN;;;BEL;;;;;;;
2;23;10;1:58.489;+0.136;+0.136;162.4;10;Griffin Core;;;;Tatuus F4 T -421;;;;;;;;;;;;Jan;PRZYROWSKI;;;POL;;;;;;;
3;10;10;1:58.772;+0.419;+0.283;162.0;11;KCL MP Motorsport;R;;;Tatuus F4 T -421;;;;;;;;;;;;Niklas;SCHAUFLER;;;AUT;SCF;;;;;;
4;9;10;1:58.950;+0.597;+0.178;161.7;11;MP Motorsport;;;;Tatuus F4 T -421;;;;;;;;;;;;René;LAMMERS;;;NLD;;;;;;;
5;81;10;1:58.956;+0.603;+0.006;161.7;10;Campos Racing;R;;;Tatuus F4 T -421;;;;;;;;;;;;Noah;MONTEIRO;;;PRT;MOT;;;;;;
6;22;10;1:58.974;+0.621;+0.018;161.7;11;MP Motorsport;;;;Tatuus F4 T -421;;;;;;;;;;;;Juan;COTA;;;ESP;;;;;;;
7;1;10;1:58.993;+0.640;+0.019;161.7;11;KCL MP Motorsport;;;;Tatuus F4 T -421;;;;;;;;;;;;Hudson;SCHWARTZ;;;USA;SCW;;;;;;
8;4;11;1:59.149;+0.796;+0.156;161.5;11;MP Motorsport;R;;;Tatuus F4 T -421;;;;;;;;;;;;Ean;EYCKMANS;;;BEL;;;;;;;
9;88;9;1:59.216;+0.863;+0.067;161.4;9;TC Racing;;;;Tatuus F4 T -421;;;;;;;;;;;;Santiago;BAZTARRICA;;;ARG;;;;;;;
10;6;7;1:59.284;+0.931;+0.068;161.3;10;T-Code by Amtog;R;;;Tatuus F4 T -421;;;;;;;;;;;;Sacha;VAN'T PAD BOSCH;;;NLD;;;;;;;
11;5;8;1:59.299;+0.946;+0.015;161.3;9;Campos Racing;R;;;Tatuus F4 T -421;;;;;;;;;;;;Miguel;COSTA;;;BRA;;;;;;;
12;77;9;1:59.402;+1.049;+0.103;161.1;9;T-Code by Amtog;;;;Tatuus F4 T -421;;;;;;;;;;;;Andrej;PETROVIC;;;SRB;;;;;;;
13;33;10;1:59.439;+1.086;+0.037;161.1;10;Drivex;R;;;Tatuus F4 T -421;;;;;;;;;;;;Christopher;EL FEGHALI;;;LBN;FEG;;;;;;
14;78;9;1:59.471;+1.118;+0.032;161.0;9;TC Racing;;;;Tatuus F4 T -421;;;;;;;;;;;;Alfio;SPINA;;;ITA;;;;;;;
15;19;9;1:59.665;+1.312;+0.194;160.8;10;Griffin Core;;;;Tatuus F4 T -421;;;;;;;;;;;;Matus;RYBA;;;SVK;;;;;;;
16;46;10;1:59.674;+1.321;+0.009;160.8;10;Rodin Motorsport;;;;Tatuus F4 T -421;;;;;;;;;;;;Nathan;TYE;;;GBR;;;;;;;
17;91;9;1:59.731;+1.378;+0.057;160.7;9;Monlau Motorsport;R;;;Tatuus F4 T -421;;;;;;;;;;;;Lorenzo;CAMPOS;;;AGO;;;;;;;
18;70;9;1:59.852;+1.499;+0.121;160.5;9;GRS Team;R;;;Tatuus F4 T -421;;;;;;;;;;;;Aleksandar;BOGUNOVIC;;;SVN;;;;;;;
19;39;7;1:59.871;+1.518;+0.019;160.5;9;TC Racing;R;;;Tatuus F4 T -421;;;;;;;;;;;;Santino;PANETTA;;;ARG;;;;;;;
20;80;10;2:00.147;+1.794;+0.276;160.1;10;Saintéloc Racing;;;;Tatuus F4 T -421;;;;;;;;;;;;Alex;POWELL;;;USA;;;;;;;
21;27;9;2:00.150;+1.797;+0.003;160.1;9;Monlau Motorsport;;;;Tatuus F4 T -421;;;;;;;;;;;;Alexander;JACOBY;;;BRA;;;;;;;
22;48;9;2:00.206;+1.853;+0.056;160.0;10;Drivex;;;;Tatuus F4 T -421;;;;;;;;;;;;Gino;TRAPPA;;;ARG;;;;;;;
23;41;9;2:00.477;+2.124;+0.271;159.7;10;DXR;R;;;Tatuus F4 T -421;;;;;;;;;;;;Stepan;SUSLOV;;;SWE;;;;;;;
24;71;9;2:00.910;+2.557;+0.433;159.1;9;GRS Team;R;;;Tatuus F4 T -421;;;;;;;;;;;;Daniel;DALLAKYAN;;;ARM;DALL;;;;;;
25;24;9;2:00.970;+2.617;+0.060;159.0;10;Rodin Motorsport;R;;;Tatuus F4 T -421;;;;;;;;;;;;Kyuho;LEE;;;KOR;;;;;;;
26;55;10;2:01.010;+2.657;+0.040;159.0;10;Rodin Motorsport;R;;;Tatuus F4 T -421;;;;;;;;;;;;Emma;FELBERMAYR;;;AUT;;;;;;;
27;32;9;2:01.086;+2.733;+0.076;158.9;9;Tecnicar by Amtog;;;;Tatuus F4 T -421;;;;;;;;;;;;Wiktor;DOBRZANSKI;;;POL;;;;;;;
28;57;9;2:01.349;+2.996;+0.263;158.5;10;DXR;R;;;Tatuus F4 T -421;;;;;;;;;;;;Artem;SEVERIUKHIN;;;KGZ;;;;;;;
29;14;9;2:01.436;+3.083;+0.087;158.4;10;Saintéloc Racing;R;;;Tatuus F4 T -421;;;;;;;;;;;;Jean Paul;KARRAS;;;GRC;KAJ;;;;;;
30;8;7;2:01.939;+3.586;+0.503;157.8;9;Saintéloc Racing;R;;;Tatuus F4 T -421;;;;;;;;;;;;Philippe Armand;KARRAS;;;GRC;KAP;;;;;;
31;37;6;2:02.287;+3.934;+0.348;157.3;10;Drivex;;;;Tatuus F4 T -421;;;;;;;;;;;;Filippo;FIORENTINO;;;BRA;;;;;;;
;2;0;;;;;10;Campos Racing;R;;;Tatuus F4 T -421;;;;;;;;;;;;Vivek;KANTHAN;;;USA;;;;;;;
;11;0;;;;;11;KCL MP Motorsport;;;;Tatuus F4 T -421;;;;;;;;;;;;Reno;FRANCOT;;;NLD;;;;;;;
;15;0;;;;;1;DXR;;;;Tatuus F4 T -421;;;;;;;;;;;;Edward;ROBINSON;;;ESP;ROB;;;;;;
;17;0;;;;;9;Tecnicar by Amtog;R;;;Tatuus F4 T -421;;;;;;;;;;;;Nacho;TUÑON;;;ESP;TUN;;;;;;
;25;0;;;;;3;Monlau Motorsport;R;;;Tatuus F4 T -421;;;;;;;;;;;;Francisco;MONARCA;;;ARG;MOR;;;;;;
