﻿Nr;Driver;Team;TL_Nr;Camera;Lap;Time;Total_Infractions;TL_After;TL_PREVIOUS
1;Hudson SCHWARTZ;KCL MP Motorsport;1;Turn 1;3;10:50:29.934;3;no;no
1;Hudson SCHWARTZ;KCL MP Motorsport;2;Turn 1;7;11:02:10.016;3;no;no
1;Hudson SCHWARTZ;KCL MP Motorsport;3;Turn 1;17;11:24:40.464;3;no;no
2;Vivek KANTHAN;Campos Racing;1;Turn 1;7;11:04:03.136;2;no;no
2;Vivek KANTHAN;Campos Racing;2;Turn 1;8;11:05:47.537;2;no;no
4;Ean EYCKMANS;MP Motorsport;1;Turn 1;17;11:24:51.063;1;no;no
5;Miguel COSTA;Campos Racing;1;Turn 1;7;11:10:30.132;2;no;no
5;Miguel COSTA;Campos Racing;2;Turn 1;8;11:12:15.811;2;no;no
6;Sacha VAN'T PAD BOSCH;T-Code by Amtog;1;Turn 1;3;10:49:29.053;4;no;no
6;Sacha VAN'T PAD BOSCH;T-Code by Amtog;2;Turn 1;9;11:09:38.873;4;no;no
6;Sacha VAN'T PAD BOSCH;T-Code by Amtog;3;Turn 1;11;11:13:12.140;4;no;no
6;Sacha VAN'T PAD BOSCH;T-Code by Amtog;4;Turn 1;16;11:22:13.212;4;no;no
10;Niklas SCHAUFLER;KCL MP Motorsport;1;Turn 1;6;11:02:13.601;4;no;no
10;Niklas SCHAUFLER;KCL MP Motorsport;2;Turn 1;8;11:05:47.537;4;no;no
10;Niklas SCHAUFLER;KCL MP Motorsport;3;Turn 1;12;11:17:15.816;4;no;no
10;Niklas SCHAUFLER;KCL MP Motorsport;4;Turn 1;14;11:20:47.146;4;no;no
11;Reno FRANCOT;KCL MP Motorsport;1;Turn 1;3;10:50:29.934;3;no;no
11;Reno FRANCOT;KCL MP Motorsport;2;Turn 1;13;11:17:27.412;3;no;no
11;Reno FRANCOT;KCL MP Motorsport;3;Turn 1;16;11:22:44.540;3;no;no
17;Nacho TUÑON;Tecnicar by Amtog;1;Turn 1;4;10:51:00.127;4;no;no
17;Nacho TUÑON;Tecnicar by Amtog;2;Turn 5;4;10:51:27.161;4;no;no
17;Nacho TUÑON;Tecnicar by Amtog;3;Turn 1;11;11:11:15.805;4;no;no
17;Nacho TUÑON;Tecnicar by Amtog;4;Turn 1;14;11:16:42.348;4;no;no
17;Nacho TUÑON;Tecnicar by Amtog;5;Turn 1;18;11:23:52.066;4;no;no
19;Matus RYBA;Griffin Core;1;Turn 1;7;11:09:44.934;3;no;no
19;Matus RYBA;Griffin Core;2;Turn 1;9;11:13:18.140;3;no;no
19;Matus RYBA;Griffin Core;3;Turn 1;11;11:17:11.137;3;no;no
22;Juan COTA;MP Motorsport;1;Turn 1;12;11:16:39.411;1;no;no
23;Jan PRZYROWSKI;Griffin Core;1;Turn 1;13;11:19:45.468;1;no;no
24;Kyuho LEE;Rodin Motorsport;1;Turn 1;10;11:09:38.873;3;no;no
24;Kyuho LEE;Rodin Motorsport;2;Turn 1;12;11:13:18.140;3;no;no
24;Kyuho LEE;Rodin Motorsport;3;Turn 1;14;11:17:08.880;3;no;no
25;Francisco MONARCA;Monlau Motorsport;1;Turn 1;10;11:11:22.864;1;no;no
32;Wiktor DOBRZANSKI;Tecnicar by Amtog;1;Turn 1;10;11:11:26.931;3;no;no
32;Wiktor DOBRZANSKI;Tecnicar by Amtog;2;Turn 1;11;11:13:13.533;3;no;no
32;Wiktor DOBRZANSKI;Tecnicar by Amtog;3;Turn 1;16;11:22:14.945;3;no;no
33;Christopher EL FEGHALI;Drivex;1;Turn 1;9;11:10:15.597;4;no;no
33;Christopher EL FEGHALI;Drivex;2;Turn 1;11;11:13:48.863;4;no;no
33;Christopher EL FEGHALI;Drivex;3;Turn 1;12;11:15:34.744;4;no;no
33;Christopher EL FEGHALI;Drivex;4;Turn 1;15;11:21:01.545;4;no;no
37;Filippo FIORENTINO;Drivex;1;Turn 5;3;10:50:29.629;2;no;no
37;Filippo FIORENTINO;Drivex;2;Turn 1;17;11:22:50.144;2;no;no
39;Santino PANETTA;TC Racing;1;Turn 1;11;11:13:18.859;3;no;no
39;Santino PANETTA;TC Racing;2;Turn 4;15;11:20:42.364;3;no;no
39;Santino PANETTA;TC Racing;3;Turn 1;16;11:22:16.608;3;no;no
41;Stepan SUSLOV;DXR;1;Turn 5;4;10:52:24.679;3;no;no
41;Stepan SUSLOV;DXR;2;Turn 5;8;11:09:17.017;3;no;no
41;Stepan SUSLOV;DXR;3;Turn 4;12;11:16:10.626;3;no;no
46;Nathan TYE;Rodin Motorsport;1;Turn 1;8;11:05:50.536;1;no;no
48;Gino TRAPPA;Drivex;1;Turn 1;4;10:51:04.930;2;no;no
48;Gino TRAPPA;Drivex;2;Turn 5;16;11:17:25.777;2;no;no
55;Emma FELBERMAYR;Rodin Motorsport;1;Turn 1;4;10:51:16.069;2;no;no
55;Emma FELBERMAYR;Rodin Motorsport;2;Turn 1;6;11:00:17.268;2;no;no
57;Kaiden HIGGINS;DXR;1;Turn 5;6;11:01:37.292;4;no;no
57;Kaiden HIGGINS;DXR;2;Turn 5;8;11:05:13.242;4;no;no
57;Kaiden HIGGINS;DXR;3;Turn 5;9;11:07:01.286;4;no;no
57;Kaiden HIGGINS;DXR;4;Turn 1;11;11:10:09.144;4;no;no
62;Andre RODRIGUEZ;Monlau Motorsport;1;Turn 1;7;11:05:04.264;1;no;no
70;Aleksandar BOGUNOVIC;GRS Team;1;Turn 1;10;11:08:14.529;4;no;no
70;Aleksandar BOGUNOVIC;GRS Team;2;Turn 1;11;11:10:02.064;4;no;no
70;Aleksandar BOGUNOVIC;GRS Team;3;Turn 1;12;11:11:49.069;4;no;no
70;Aleksandar BOGUNOVIC;GRS Team;4;Turn 1;14;11:15:26.808;4;no;no
71;Daniel DALLAKYAN;GRS Team;1;Turn 1;7;11:08:52.867;2;no;no
71;Daniel DALLAKYAN;GRS Team;2;Turn 1;10;11:14:13.736;2;no;no
77;Andrej PETROVIC;T-Code by Amtog;1;Turn 1;2;10:47:23.797;2;no;no
77;Andrej PETROVIC;T-Code by Amtog;2;Turn 1;11;11:11:11.523;2;no;no
78;Alfio SPINA;TC Racing;1;Turn 1;12;11:14:07.334;3;no;no
78;Alfio SPINA;TC Racing;2;Turn 1;14;11:19:41.074;3;no;no
78;Alfio SPINA;TC Racing;3;Turn 1;16;11:23:14.874;3;no;no
81;Noah MONTEIRO;Campos Racing;1;Turn 1;10;11:09:55.866;2;no;no
81;Noah MONTEIRO;Campos Racing;2;Turn 1;12;11:13:30.072;2;no;no
88;Santiago BAZTARRICA;TC Racing;1;Turn 1;11;11:12:37.603;3;no;no
88;Santiago BAZTARRICA;TC Racing;2;Turn 1;13;11:16:11.077;3;no;no
88;Santiago BAZTARRICA;TC Racing;3;Turn 1;14;11:18:00.819;3;no;no
88;Santiago BAZTARRICA;TC Racing;4;Turn 4;14;11:18:14.154;3;no;no
91;Lorenzo CAMPOS;Monlau Motorsport;1;Turn 1;7;11:06:06.674;2;no;no
91;Lorenzo CAMPOS;Monlau Motorsport;2;Turn 1;13;11:16:47.943;2;no;no
99;Thomas STRAUVEN;Griffin Core;1;Turn 1;16;11:22:42.405;1;no;no
