﻿POS;NUMBER;LAP;TIME;GAP_FIRST;GAP_PREVIOUS;KPH; LAPS;TEAM;CLASS;GROUP;DIVISION;VEHICLE;TIRES;ECM Participant Id;ECM Team Id;ECM Category Id;ECM Car Id;ECM Brand Id;ECM Country Id;*Extra 7;*Extra 8;*Extra 9;Sort Key;DRIVER_FIRSTNAME;DRIVER_SECONDNAME;DRIVER_LICENSE;DRIVER_HOMETOWN;DRIVER_COUNTRY;DRIVER_SHORTNAME;DRIVER_ECM Driver Id;DRIVER_ECM Country Id;DRIVER_*Extra 3;DRIVER_*Extra 4;DRIVER_*Extra 5;
1;78;10;1:58.539;-;-;141.4;11;TC Racing;;;;Tatuus F4 T -421;;;;;;;;;;;;Alfio;SPINA;;;ITA;;;;;;;
2;4;10;1:58.760;+0.221;+0.221;141.2;10;MP Motorsport;R;;;Tatuus F4 T -421;;;;;;;;;;;;Ean;EYCKMANS;;;BEL;;;;;;;
3;11;10;1:58.877;+0.338;+0.117;141.0;10;KCL MP Motorsport;;;;Tatuus F4 T -421;;;;;;;;;;;;Reno;FRANCOT;;;NLD;;;;;;;
4;10;9;1:59.068;+0.529;+0.191;140.8;9;KCL MP Motorsport;R;;;Tatuus F4 T -421;;;;;;;;;;;;Niklas;SCHAUFLER;;;AUT;SCF;;;;;;
5;3;10;1:59.098;+0.559;+0.030;140.8;10;MP Motorsport;R;;;Tatuus F4 T -421;;;;;;;;;;;;Rocco;CORONEL;;;NLD;;;;;;;
6;22;10;1:59.515;+0.976;+0.417;140.3;10;MP Motorsport;;;;Tatuus F4 T -421;;;;;;;;;;;;Juan;COTA;;;ESP;;;;;;;
7;13;10;1:59.534;+0.995;+0.019;140.3;10;G4 Racing;R;;;Tatuus F4 T -421;;;;;;;;;;;;Jean Paul;KARRAS;;;GRC;KJP;;;;;;
8;9;10;1:59.537;+0.998;+0.003;140.3;10;MP Motorsport;;;;Tatuus F4 T -421;;;;;;;;;;;;René;LAMMERS;;;NLD;;;;;;;
9;39;11;1:59.727;+1.188;+0.190;140.0;11;TC Racing;R;;;Tatuus F4 T -421;;;;;;;;;;;;Santino;PANETTA;;;ARG;;;;;;;
10;99;9;1:59.812;+1.273;+0.085;139.9;9;Griffin Core;;;;Tatuus F4 T -421;;;;;;;;;;;;Thomas;STRAUVEN;;;BEL;;;;;;;
11;2;10;2:00.084;+1.545;+0.272;139.6;10;Campos Racing;R;;;Tatuus F4 T -421;;;;;;;;;;;;Vivek;KANTHAN;;;USA;;;;;;;
12;77;11;2:00.420;+1.881;+0.336;139.2;11;T-Code by Amtog;;;;Tatuus F4 T -421;;;;;;;;;;;;Andrej;PETROVIC;;;SRB;;;;;;;
13;70;10;2:00.435;+1.896;+0.015;139.2;10;GRS Team;R;;;Tatuus F4 T -421;;;;;;;;;;;;Aleksandar;BOGUNOVIC;;;SVN;;;;;;;
14;19;7;2:00.471;+1.932;+0.036;139.2;10;Griffin Core;;;;Tatuus F4 T -421;;;;;;;;;;;;Matus;RYBA;;;SVK;;;;;;;
15;12;7;2:00.522;+1.983;+0.051;139.1;8;G4 Racing;R;;;Tatuus F4 T -421;;;;;;;;;;;;Philippe Armand;KARRAS;;;GRC;KPA;;;;;;
16;23;9;2:00.546;+2.007;+0.024;139.1;9;Griffin Core;;;;Tatuus F4 T -421;;;;;;;;;;;;Jan;PRZYROWSKI;;;POL;;;;;;;
17;41;10;2:00.607;+2.068;+0.061;139.0;10;DXR;R;;;Tatuus F4 T -421;;;;;;;;;;;;Stepan;SUSLOV;;;SWE;;;;;;;
18;46;10;2:00.689;+2.150;+0.082;138.9;10;Rodin Motorsport;;;;Tatuus F4 T -421;;;;;;;;;;;;Nathan;TYE;;;GBR;;;;;;;
19;5;9;2:00.713;+2.174;+0.024;138.9;9;Campos Racing;R;;;Tatuus F4 T -421;;;;;;;;;;;;Miguel;COSTA;;;BRA;;;;;;;
20;48;9;2:00.809;+2.270;+0.096;138.8;9;Drivex;R;;;Tatuus F4 T -421;;;;;;;;;;;;Christopher;EL FEGHALI;;;LBN;FEG;;;;;;
21;1;9;2:01.235;+2.696;+0.426;138.3;9;KCL MP Motorsport;;;;Tatuus F4 T -421;;;;;;;;;;;;Hudson;SCHWARTZ;;;USA;SCW;;;;;;
22;81;9;2:01.311;+2.772;+0.076;138.2;9;Campos Racing;R;;;Tatuus F4 T -421;;;;;;;;;;;;Noah;MONTEIRO;;;PRT;MOT;;;;;;
23;17;11;2:01.325;+2.786;+0.014;138.2;11;Tecnicar by Amtog;R;;;Tatuus F4 T -421;;;;;;;;;;;;Nacho;TUÑON;;;ESP;TUN;;;;;;
24;91;7;2:01.667;+3.128;+0.342;137.8;10;Monlau Motorsport;R;;;Tatuus F4 T -421;;;;;;;;;;;;Santiago;BAZTARRICA;;;;;;;;;;
25;25;7;2:01.731;+3.192;+0.064;137.7;11;Monlau Motorsport;R;;;Tatuus F4 T -421;;;;;;;;;;;;Miki;BLASCOS;;;ESP;BLA;;;;;;
26;33;10;2:02.197;+3.658;+0.466;137.2;10;Drivex;;;;Tatuus F4 T -421;;;;;;;;;;;;Kirill;KUTSKOV;;;KGZ;KUT;;;;;;
27;71;10;2:02.220;+3.681;+0.023;137.2;10;GRS Team;R;;;Tatuus F4 T -421;;;;;;;;;;;;Pablo;RICCOBONO;;;FRA;;;;;;;
28;57;7;2:02.835;+4.296;+0.615;136.5;10;DXR;R;;;Tatuus F4 T -421;;;;;;;;;;;;Kaiden;HIGGINS;;;ARE;;;;;;;
29;37;4;2:03.117;+4.578;+0.282;136.2;4;Drivex;;;;Tatuus F4 T -421;;;;;;;;;;;;Filippo;FIORENTINO;;;BRA;;;;;;;
30;27;7;2:03.172;+4.633;+0.055;136.1;10;Monlau Motorsport;;;;Tatuus F4 T -421;;;;;;;;;;;;Alexander;JACOBY;;;BRA;;;;;;;
31;55;9;2:03.325;+4.786;+0.153;135.9;9;Rodin Motorsport;R;;;Tatuus F4 T -421;;;;;;;;;;;;Emma;FELBERMAYR;;;AUT;;;;;;;
32;88;3;2:03.876;+5.337;+0.551;135.3;4;TC Racing;;;;Tatuus F4 T -421;;;;;;;;;;;;Rogerio;GROTTA;;;BRA;;;;;;;
33;32;7;2:04.034;+5.495;+0.158;135.2;10;Tecnicar by Amtog;;;;Tatuus F4 T -421;;;;;;;;;;;;Wiktor;DOBRZANSKI;;;POL;;;;;;;
34;6;4;2:04.241;+5.702;+0.207;134.9;8;T-Code by Amtog;R;;;Tatuus F4 T -421;;;;;;;;;;;;Aleix;PIÑERA;;;ESP;;;;;;;
