NUMBER; DRIVER_NUMBER; LAP_NUMBER; LAP_TIME; LAP_IMPROVEMENT; CROSSING_FINISH_LINE_IN_PIT; S1; S1_IMPROVEMENT; S2; S2_IMPROVEMENT; S3; S3_IMPROVEMENT; KPH; ELAPSED; HOUR;S1_LARGE;S2_LARGE;S3_LARGE;TOP_SPEED;DRIVER_NAME;PIT_TIME;CLASS;GROUP;TEAM;MANUFACTURER;FLAG_AT_FL;S1_SECONDS;S2_SECONDS;S3_SECONDS;
10;1;1;2:59.994;0;B;;0;;0;1:15.221;0;116.8;2:59.994;12:37:04.595;;;1:15.221;;Lorenzo CASTILLO;;R;;Saintéloc Racing;;GF;;;75.221;
11;1;1;2:11.909;0;;41.733;0;38.671;0;51.505;0;159.4;2:11.909;12:36:16.510;0:41.733;0:38.671;0:51.505;;Oscar WURZ;;R;;Drivex;;GF;41.733;38.671;51.505;
11;1;2;2:02.665;0;;33.599;0;37.983;0;51.083;0;171.5;4:14.574;12:38:19.175;0:33.599;0:37.983;0:51.083;230.3;Oscar WURZ;;R;;Drivex;;GF;33.599;37.983;51.083;
11;1;3;2:02.572;0;;33.443;0;37.948;0;51.181;0;171.6;6:17.146;12:40:21.747;0:33.443;0:37.948;0:51.181;228.8;Oscar WURZ;;R;;Drivex;;GF;33.443;37.948;51.181;
11;1;4;2:02.926;0;;33.429;0;37.978;0;51.519;0;171.1;8:20.072;12:42:24.673;0:33.429;0:37.978;0:51.519;230.3;Oscar WURZ;;R;;Drivex;;GF;33.429;37.978;51.519;
11;1;5;2:02.588;0;;33.522;0;37.853;0;51.213;0;171.6;10:22.660;12:44:27.261;0:33.522;0:37.853;0:51.213;230.3;Oscar WURZ;;R;;Drivex;;GF;33.522;37.853;51.213;
11;1;6;2:02.515;0;;33.373;0;37.882;0;51.260;0;171.7;12:25.175;12:46:29.776;0:33.373;0:37.882;0:51.260;230.3;Oscar WURZ;;R;;Drivex;;GF;33.373;37.882;51.260;
11;1;7;2:02.359;2;;33.350;2;37.986;0;51.023;0;171.9;14:27.534;12:48:32.135;0:33.350;0:37.986;0:51.023;230.3;Oscar WURZ;;R;;Drivex;;GF;33.350;37.986;51.023;
11;1;8;2:02.664;0;;33.620;0;38.078;0;50.966;2;171.5;16:30.198;12:50:34.799;0:33.620;0:38.078;0:50.966;228.8;Oscar WURZ;;R;;Drivex;;GF;33.620;38.078;50.966;
11;1;9;2:02.566;0;;33.506;0;37.958;0;51.102;0;171.6;18:32.764;12:52:37.365;0:33.506;0:37.958;0:51.102;228.3;Oscar WURZ;;R;;Drivex;;GF;33.506;37.958;51.102;
11;1;10;2:02.848;0;;33.575;0;37.940;0;51.333;0;171.2;20:35.612;12:54:40.213;0:33.575;0:37.940;0:51.333;229.3;Oscar WURZ;;R;;Drivex;;GF;33.575;37.940;51.333;
11;1;11;2:03.206;0;;33.703;0;37.977;0;51.526;0;170.7;22:38.818;12:56:43.419;0:33.703;0:37.977;0:51.526;227.8;Oscar WURZ;;R;;Drivex;;GF;33.703;37.977;51.526;
11;1;12;2:02.826;0;;33.503;0;38.086;0;51.237;0;171.2;24:41.644;12:58:46.245;0:33.503;0:38.086;0:51.237;230.3;Oscar WURZ;;R;;Drivex;;GF;33.503;38.086;51.237;
11;1;13;2:02.987;0;;33.811;0;37.886;0;51.290;0;171.0;26:44.631;13:00:49.232;0:33.811;0:37.886;0:51.290;229.3;Oscar WURZ;;R;;Drivex;;GF;33.811;37.886;51.290;
11;1;14;2:02.719;0;;33.503;0;37.957;0;51.259;0;171.4;28:47.350;13:02:51.951;0:33.503;0:37.957;0:51.259;230.3;Oscar WURZ;;R;;Drivex;;GF;33.503;37.957;51.259;
11;1;15;2:03.047;0;;33.769;0;38.030;0;51.248;0;170.9;30:50.397;13:04:54.998;0:33.769;0:38.030;0:51.248;228.8;Oscar WURZ;;R;;Drivex;;GF;33.769;38.030;51.248;
11;1;16;2:02.763;0;;33.726;0;37.822;2;51.215;0;171.3;32:53.160;13:06:57.761;0:33.726;0:37.822;0:51.215;230.8;Oscar WURZ;;R;;Drivex;;FF;33.726;37.822;51.215;
12;1;1;2:11.363;0;;40.300;0;38.554;0;52.509;0;160.1;2:11.363;12:36:15.964;0:40.300;0:38.554;0:52.509;;Alexander ABKHAZAVA;;;;KCL MP Motorsport;;GF;40.300;38.554;52.509;
12;1;2;2:02.398;0;;33.575;0;37.895;0;50.928;0;171.8;4:13.761;12:38:18.362;0:33.575;0:37.895;0:50.928;228.8;Alexander ABKHAZAVA;;;;KCL MP Motorsport;;GF;33.575;37.895;50.928;
12;1;3;2:02.598;0;;33.592;0;37.888;0;51.118;0;171.5;6:16.359;12:40:20.960;0:33.592;0:37.888;0:51.118;228.3;Alexander ABKHAZAVA;;;;KCL MP Motorsport;;GF;33.592;37.888;51.118;
12;1;4;2:02.283;0;;33.389;0;37.840;0;51.054;0;172.0;8:18.642;12:42:23.243;0:33.389;0:37.840;0:51.054;230.3;Alexander ABKHAZAVA;;;;KCL MP Motorsport;;GF;33.389;37.840;51.054;
12;1;5;2:02.705;0;;33.482;0;37.780;0;51.443;0;171.4;10:21.347;12:44:25.948;0:33.482;0:37.780;0:51.443;229.3;Alexander ABKHAZAVA;;;;KCL MP Motorsport;;GF;33.482;37.780;51.443;
12;1;6;2:02.547;0;;33.570;0;38.010;0;50.967;0;171.6;12:23.894;12:46:28.495;0:33.570;0:38.010;0:50.967;228.8;Alexander ABKHAZAVA;;;;KCL MP Motorsport;;GF;33.570;38.010;50.967;
12;1;7;2:02.221;0;;33.446;0;37.990;0;50.785;0;172.1;14:26.115;12:48:30.716;0:33.446;0:37.990;0:50.785;229.3;Alexander ABKHAZAVA;;;;KCL MP Motorsport;;GF;33.446;37.990;50.785;
12;1;8;2:02.270;0;;33.475;0;37.953;0;50.842;0;172.0;16:28.385;12:50:32.986;0:33.475;0:37.953;0:50.842;229.3;Alexander ABKHAZAVA;;;;KCL MP Motorsport;;GF;33.475;37.953;50.842;
12;1;9;2:01.943;2;;33.326;2;37.927;0;50.690;2;172.5;18:30.328;12:52:34.929;0:33.326;0:37.927;0:50.690;228.3;Alexander ABKHAZAVA;;;;KCL MP Motorsport;;GF;33.326;37.927;50.690;
12;1;10;2:02.077;0;;33.489;0;37.758;2;50.830;0;172.3;20:32.405;12:54:37.006;0:33.489;0:37.758;0:50.830;229.8;Alexander ABKHAZAVA;;;;KCL MP Motorsport;;GF;33.489;37.758;50.830;
12;1;11;2:02.737;0;;33.543;0;38.172;0;51.022;0;171.4;22:35.142;12:56:39.743;0:33.543;0:38.172;0:51.022;229.3;Alexander ABKHAZAVA;;;;KCL MP Motorsport;;GF;33.543;38.172;51.022;
12;1;12;2:02.164;0;;33.339;0;37.935;0;50.890;0;172.2;24:37.306;12:58:41.907;0:33.339;0:37.935;0:50.890;230.3;Alexander ABKHAZAVA;;;;KCL MP Motorsport;;GF;33.339;37.935;50.890;
12;1;13;2:02.377;0;;33.527;0;37.900;0;50.950;0;171.9;26:39.683;13:00:44.284;0:33.527;0:37.900;0:50.950;228.3;Alexander ABKHAZAVA;;;;KCL MP Motorsport;;GF;33.527;37.900;50.950;
12;1;14;2:01.978;0;;33.393;0;37.776;0;50.809;0;172.4;28:41.661;13:02:46.262;0:33.393;0:37.776;0:50.809;234.3;Alexander ABKHAZAVA;;;;KCL MP Motorsport;;GF;33.393;37.776;50.809;
12;1;15;2:02.588;0;;33.718;0;38.038;0;50.832;0;171.6;30:44.249;13:04:48.850;0:33.718;0:38.038;0:50.832;230.3;Alexander ABKHAZAVA;;;;KCL MP Motorsport;;GF;33.718;38.038;50.832;
12;1;16;2:02.568;0;;33.609;0;37.802;0;51.157;0;171.6;32:46.817;13:06:51.418;0:33.609;0:37.802;0:51.157;227.8;Alexander ABKHAZAVA;;;;KCL MP Motorsport;;FF;33.609;37.802;51.157;
17;1;1;2:12.799;0;;41.363;0;39.012;0;52.424;0;158.4;2:12.799;12:36:17.400;0:41.363;0:39.012;0:52.424;;Owen TANGAVELOU;;;;DXR;;GF;41.363;39.012;52.424;
17;1;2;2:02.755;0;;33.790;0;37.741;0;51.224;0;171.3;4:15.554;12:38:20.155;0:33.790;0:37.741;0:51.224;230.3;Owen TANGAVELOU;;;;DXR;;GF;33.790;37.741;51.224;
17;1;3;2:03.690;0;;34.515;0;37.812;0;51.363;0;170.0;6:19.244;12:40:23.845;0:34.515;0:37.812;0:51.363;232.8;Owen TANGAVELOU;;;;DXR;;GF;34.515;37.812;51.363;
17;1;4;2:02.476;0;;33.845;0;37.720;2;50.911;0;171.7;8:21.720;12:42:26.321;0:33.845;0:37.720;0:50.911;225.5;Owen TANGAVELOU;;;;DXR;;GF;33.845;37.720;50.911;
17;1;5;2:02.090;2;;33.429;0;37.849;0;50.812;2;172.3;10:23.810;12:44:28.411;0:33.429;0:37.849;0:50.812;227.8;Owen TANGAVELOU;;;;DXR;;GF;33.429;37.849;50.812;
17;1;6;2:02.234;0;;33.334;2;37.977;0;50.923;0;172.1;12:26.044;12:46:30.645;0:33.334;0:37.977;0:50.923;231.3;Owen TANGAVELOU;;;;DXR;;GF;33.334;37.977;50.923;
17;1;7;2:02.134;0;;33.338;0;37.919;0;50.877;0;172.2;14:28.178;12:48:32.779;0:33.338;0:37.919;0:50.877;230.8;Owen TANGAVELOU;;;;DXR;;GF;33.338;37.919;50.877;
17;1;8;2:02.598;0;;33.564;0;38.121;0;50.913;0;171.5;16:30.776;12:50:35.377;0:33.564;0:38.121;0:50.913;229.8;Owen TANGAVELOU;;;;DXR;;GF;33.564;38.121;50.913;
17;1;9;2:02.618;0;;33.494;0;38.005;0;51.119;0;171.5;18:33.394;12:52:37.995;0:33.494;0:38.005;0:51.119;230.8;Owen TANGAVELOU;;;;DXR;;GF;33.494;38.005;51.119;
17;1;10;2:02.630;0;;33.521;0;37.866;0;51.243;0;171.5;20:36.024;12:54:40.625;0:33.521;0:37.866;0:51.243;230.8;Owen TANGAVELOU;;;;DXR;;GF;33.521;37.866;51.243;
17;1;11;2:03.307;0;;33.787;0;37.904;0;51.616;0;170.6;22:39.331;12:56:43.932;0:33.787;0:37.904;0:51.616;230.8;Owen TANGAVELOU;;;;DXR;;GF;33.787;37.904;51.616;
17;1;12;2:02.915;0;;33.634;0;37.979;0;51.302;0;171.1;24:42.246;12:58:46.847;0:33.634;0:37.979;0:51.302;232.3;Owen TANGAVELOU;;;;DXR;;GF;33.634;37.979;51.302;
17;1;13;2:02.954;0;;33.720;0;37.873;0;51.361;0;171.0;26:45.200;13:00:49.801;0:33.720;0:37.873;0:51.361;231.3;Owen TANGAVELOU;;;;DXR;;GF;33.720;37.873;51.361;
17;1;14;2:02.675;0;;33.577;0;38.025;0;51.073;0;171.4;28:47.875;13:02:52.476;0:33.577;0:38.025;0:51.073;231.8;Owen TANGAVELOU;;;;DXR;;GF;33.577;38.025;51.073;
17;1;15;2:03.066;0;;33.820;0;38.124;0;51.122;0;170.9;30:50.941;13:04:55.542;0:33.820;0:38.124;0:51.122;230.8;Owen TANGAVELOU;;;;DXR;;GF;33.820;38.124;51.122;
17;1;16;2:02.954;0;;33.750;0;38.000;0;51.204;0;171.0;32:53.895;13:06:58.496;0:33.750;0:38.000;0:51.204;229.8;Owen TANGAVELOU;;;;DXR;;FF;33.750;38.000;51.204;
18;1;1;2:21.507;0;B;42.204;0;43.985;0;55.318;0;148.6;2:21.507;12:36:26.108;0:42.204;0:43.985;0:55.318;;Garrett BERRY;;;;Saintéloc Racing;;GF;42.204;43.985;55.318;
18;1;2;2:45.802;0;;1:16.516;0;38.046;0;51.240;0;126.8;5:07.309;12:39:11.910;1:16.516;0:38.046;0:51.240;142.1;Garrett BERRY;0:00:45.406;;;Saintéloc Racing;;GF;76.516;38.046;51.240;
18;1;3;2:02.053;0;;33.357;0;37.831;0;50.865;0;172.3;7:09.362;12:41:13.963;0:33.357;0:37.831;0:50.865;225.9;Garrett BERRY;;;;Saintéloc Racing;;GF;33.357;37.831;50.865;
18;1;4;2:01.791;0;;33.359;0;37.710;0;50.722;0;172.7;9:11.153;12:43:15.754;0:33.359;0:37.710;0:50.722;227.4;Garrett BERRY;;;;Saintéloc Racing;;GF;33.359;37.710;50.722;
18;1;5;2:01.911;0;;33.315;0;37.792;0;50.804;0;172.5;11:13.064;12:45:17.665;0:33.315;0:37.792;0:50.804;227.8;Garrett BERRY;;;;Saintéloc Racing;;GF;33.315;37.792;50.804;
18;1;6;2:02.061;0;;33.335;0;37.773;0;50.953;0;172.3;13:15.125;12:47:19.726;0:33.335;0:37.773;0:50.953;227.8;Garrett BERRY;;;;Saintéloc Racing;;GF;33.335;37.773;50.953;
18;1;7;2:01.585;0;;33.188;0;37.777;0;50.620;2;173.0;15:16.710;12:49:21.311;0:33.188;0:37.777;0:50.620;226.9;Garrett BERRY;;;;Saintéloc Racing;;GF;33.188;37.777;50.620;
18;1;8;2:02.070;0;;33.263;0;37.964;0;50.843;0;172.3;17:18.780;12:51:23.381;0:33.263;0:37.964;0:50.843;226.9;Garrett BERRY;;;;Saintéloc Racing;;GF;33.263;37.964;50.843;
18;1;9;2:02.028;0;;33.460;0;37.864;0;50.704;0;172.3;19:20.808;12:53:25.409;0:33.460;0:37.864;0:50.704;227.8;Garrett BERRY;;;;Saintéloc Racing;;GF;33.460;37.864;50.704;
18;1;10;2:11.637;0;;33.876;0;39.599;0;58.162;0;159.8;21:32.445;12:55:37.046;0:33.876;0:39.599;0:58.162;228.3;Garrett BERRY;;;;Saintéloc Racing;;GF;33.876;39.599;58.162;
18;1;11;2:02.980;0;;33.323;0;38.023;0;51.634;0;171.0;23:35.425;12:57:40.026;0:33.323;0:38.023;0:51.634;233.3;Garrett BERRY;;;;Saintéloc Racing;;GF;33.323;38.023;51.634;
18;1;12;2:01.476;2;;33.185;2;37.525;2;50.766;0;173.1;25:36.901;12:59:41.502;0:33.185;0:37.525;0:50.766;232.8;Garrett BERRY;;;;Saintéloc Racing;;GF;33.185;37.525;50.766;
18;1;13;2:02.315;0;;33.260;0;37.987;0;51.068;0;171.9;27:39.216;13:01:43.817;0:33.260;0:37.987;0:51.068;231.8;Garrett BERRY;;;;Saintéloc Racing;;GF;33.260;37.987;51.068;
18;1;14;2:02.168;0;;33.359;0;38.025;0;50.784;0;172.1;29:41.384;13:03:45.985;0:33.359;0:38.025;0:50.784;228.3;Garrett BERRY;;;;Saintéloc Racing;;GF;33.359;38.025;50.784;
18;1;15;2:02.267;0;;33.471;0;37.939;0;50.857;0;172.0;31:43.651;13:05:48.252;0:33.471;0:37.939;0:50.857;227.4;Garrett BERRY;;;;Saintéloc Racing;;GF;33.471;37.939;50.857;
18;1;16;2:02.593;0;;33.424;0;38.155;0;51.014;0;171.6;33:46.244;13:07:50.845;0:33.424;0:38.155;0:51.014;226.9;Garrett BERRY;;;;Saintéloc Racing;;FF;33.424;38.155;51.014;
2;1;1;2:24.016;0;B;39.371;0;44.092;0;1:00.553;0;146.0;2:24.016;12:36:28.617;0:39.371;0:44.092;1:00.553;;Francisco MACEDO;;R;;Griffin Core;;GF;39.371;44.092;60.553;
2;1;2;2:58.134;0;B;1:22.616;0;39.045;0;56.473;0;118.1;5:22.150;12:39:26.751;1:22.616;0:39.045;0:56.473;134.5;Francisco MACEDO;0:00:50.535;R;;Griffin Core;;GF;82.616;39.045;56.473;
2;1;3;3:26.441;0;;1:55.777;0;38.670;0;51.994;0;101.9;8:48.591;12:42:53.192;1:55.777;0:38.670;0:51.994;72.9;Francisco MACEDO;0:01:18.172;R;;Griffin Core;;GF;115.777;38.670;51.994;
2;1;4;2:04.231;0;;34.045;0;38.144;0;52.042;0;169.3;10:52.822;12:44:57.423;0:34.045;0:38.144;0:52.042;225.5;Francisco MACEDO;;R;;Griffin Core;;GF;34.045;38.144;52.042;
2;1;5;2:01.091;0;;32.971;3;37.415;0;50.705;0;173.7;12:53.913;12:46:58.514;0:32.971;0:37.415;0:50.705;231.3;Francisco MACEDO;;R;;Griffin Core;;GF;32.971;37.415;50.705;
2;1;6;2:01.217;0;;32.997;0;37.558;0;50.662;2;173.5;14:55.130;12:48:59.731;0:32.997;0:37.558;0:50.662;230.8;Francisco MACEDO;;R;;Griffin Core;;GF;32.997;37.558;50.662;
2;1;7;2:02.222;0;;33.280;0;37.910;0;51.032;0;172.1;16:57.352;12:51:01.953;0:33.280;0:37.910;0:51.032;225.5;Francisco MACEDO;;R;;Griffin Core;;GF;33.280;37.910;51.032;
2;1;8;2:02.272;0;;33.366;0;37.739;0;51.167;0;172.0;18:59.624;12:53:04.225;0:33.366;0:37.739;0:51.167;226.4;Francisco MACEDO;;R;;Griffin Core;;GF;33.366;37.739;51.167;
2;1;9;2:02.620;0;;33.612;0;37.907;0;51.101;0;171.5;21:02.244;12:55:06.845;0:33.612;0:37.907;0:51.101;228.8;Francisco MACEDO;;R;;Griffin Core;;GF;33.612;37.907;51.101;
2;1;10;2:01.087;3;;33.515;0;35.954;3;51.618;0;173.7;23:03.331;12:57:07.932;0:33.515;0:35.954;0:51.618;226.4;Francisco MACEDO;;R;;Griffin Core;;GF;33.515;35.954;51.618;
2;1;11;2:02.856;0;;33.643;0;37.879;0;51.334;0;171.2;25:06.187;12:59:10.788;0:33.643;0:37.879;0:51.334;229.3;Francisco MACEDO;;R;;Griffin Core;;GF;33.643;37.879;51.334;
2;1;12;2:02.791;0;;33.709;0;37.843;0;51.239;0;171.3;27:08.978;13:01:13.579;0:33.709;0:37.843;0:51.239;228.8;Francisco MACEDO;;R;;Griffin Core;;GF;33.709;37.843;51.239;
2;1;13;2:02.937;0;;33.628;0;37.702;0;51.607;0;171.1;29:11.915;13:03:16.516;0:33.628;0:37.702;0:51.607;228.8;Francisco MACEDO;;R;;Griffin Core;;GF;33.628;37.702;51.607;
2;1;14;2:02.855;0;;33.992;0;37.861;0;51.002;0;171.2;31:14.770;13:05:19.371;0:33.992;0:37.861;0:51.002;228.8;Francisco MACEDO;;R;;Griffin Core;;GF;33.992;37.861;51.002;
2;1;15;2:03.041;0;;33.754;0;37.883;0;51.404;0;170.9;33:17.811;13:07:22.412;0:33.754;0:37.883;0:51.404;227.8;Francisco MACEDO;;R;;Griffin Core;;FF;33.754;37.883;51.404;
21;1;1;2:15.171;0;;43.516;0;39.799;0;51.856;0;155.6;2:15.171;12:36:19.772;0:43.516;0:39.799;0:51.856;;Cristian CANTÚ;;R;;Drivex;;GF;43.516;39.799;51.856;
21;1;2;2:05.405;0;;34.635;0;38.346;0;52.424;0;167.7;4:20.576;12:38:25.177;0:34.635;0:38.346;0:52.424;235.3;Cristian CANTÚ;;R;;Drivex;;GF;34.635;38.346;52.424;
21;1;3;2:04.474;0;;34.579;0;38.058;2;51.837;0;169.0;6:25.050;12:40:29.651;0:34.579;0:38.058;0:51.837;227.8;Cristian CANTÚ;;R;;Drivex;;GF;34.579;38.058;51.837;
21;1;4;2:03.818;0;;33.872;0;38.062;0;51.884;0;169.9;8:28.868;12:42:33.469;0:33.872;0:38.062;0:51.884;230.3;Cristian CANTÚ;;R;;Drivex;;GF;33.872;38.062;51.884;
21;1;5;2:05.638;0;;34.807;0;38.264;0;52.567;0;167.4;10:34.506;12:44:39.107;0:34.807;0:38.264;0:52.567;228.3;Cristian CANTÚ;;R;;Drivex;;GF;34.807;38.264;52.567;
21;1;6;2:03.926;0;;34.089;0;38.278;0;51.559;0;169.7;12:38.432;12:46:43.033;0:34.089;0:38.278;0:51.559;230.8;Cristian CANTÚ;;R;;Drivex;;GF;34.089;38.278;51.559;
21;1;7;2:03.743;2;;33.844;0;38.243;0;51.656;0;170.0;14:42.175;12:48:46.776;0:33.844;0:38.243;0:51.656;230.8;Cristian CANTÚ;;R;;Drivex;;GF;33.844;38.243;51.656;
21;1;8;2:03.802;0;;34.041;0;38.364;0;51.397;2;169.9;16:45.977;12:50:50.578;0:34.041;0:38.364;0:51.397;226.4;Cristian CANTÚ;;R;;Drivex;;GF;34.041;38.364;51.397;
21;1;9;2:03.978;0;;34.039;0;38.277;0;51.662;0;169.6;18:49.955;12:52:54.556;0:34.039;0:38.277;0:51.662;227.4;Cristian CANTÚ;;R;;Drivex;;GF;34.039;38.277;51.662;
21;1;10;2:03.717;0;;33.797;2;38.340;0;51.580;0;170.0;20:53.672;12:54:58.273;0:33.797;0:38.340;0:51.580;229.3;Cristian CANTÚ;;R;;Drivex;;GF;33.797;38.340;51.580;
21;1;11;2:04.170;0;;34.012;0;38.358;0;51.800;0;169.4;22:57.842;12:57:02.443;0:34.012;0:38.358;0:51.800;224.5;Cristian CANTÚ;;R;;Drivex;;GF;34.012;38.358;51.800;
21;1;12;2:05.488;0;;34.074;0;38.388;0;53.026;0;167.6;25:03.330;12:59:07.931;0:34.074;0:38.388;0:53.026;227.4;Cristian CANTÚ;;R;;Drivex;;GF;34.074;38.388;53.026;
21;1;13;2:04.319;0;;34.195;0;38.305;0;51.819;0;169.2;27:07.649;13:01:12.250;0:34.195;0:38.305;0:51.819;226.4;Cristian CANTÚ;;R;;Drivex;;GF;34.195;38.305;51.819;
21;1;14;2:04.121;0;;33.839;0;38.293;0;51.989;0;169.4;29:11.770;13:03:16.371;0:33.839;0:38.293;0:51.989;226.9;Cristian CANTÚ;;R;;Drivex;;GF;33.839;38.293;51.989;
21;1;15;2:04.876;0;;34.872;0;38.379;0;51.625;0;168.4;31:16.646;13:05:21.247;0:34.872;0:38.379;0:51.625;226.4;Cristian CANTÚ;;R;;Drivex;;GF;34.872;38.379;51.625;
21;1;16;2:04.696;0;;34.203;0;38.671;0;51.822;0;168.7;33:21.342;13:07:25.943;0:34.203;0:38.671;0:51.822;226.9;Cristian CANTÚ;;R;;Drivex;;FF;34.203;38.671;51.822;
23;1;1;2:16.500;0;;43.439;0;40.151;0;52.910;0;154.1;2:16.500;12:36:21.101;0:43.439;0:40.151;0:52.910;;Alceu FELDMANN;;R;;Sparco Palou MS;;GF;43.439;40.151;52.910;
23;1;2;2:06.143;0;;35.782;0;38.550;0;51.811;0;166.7;4:22.643;12:38:27.244;0:35.782;0:38.550;0:51.811;227.4;Alceu FELDMANN;;R;;Sparco Palou MS;;GF;35.782;38.550;51.811;
23;1;3;2:05.217;0;;34.227;0;38.725;0;52.265;0;168.0;6:27.860;12:40:32.461;0:34.227;0:38.725;0:52.265;229.3;Alceu FELDMANN;;R;;Sparco Palou MS;;GF;34.227;38.725;52.265;
23;1;4;2:04.654;0;;34.163;0;38.496;0;51.995;0;168.7;8:32.514;12:42:37.115;0:34.163;0:38.496;0:51.995;230.3;Alceu FELDMANN;;R;;Sparco Palou MS;;GF;34.163;38.496;51.995;
23;1;5;2:04.602;0;;34.139;0;38.393;0;52.070;0;168.8;10:37.116;12:44:41.717;0:34.139;0:38.393;0:52.070;230.8;Alceu FELDMANN;;R;;Sparco Palou MS;;GF;34.139;38.393;52.070;
23;1;6;2:04.759;0;;34.202;0;38.716;0;51.841;0;168.6;12:41.875;12:46:46.476;0:34.202;0:38.716;0:51.841;228.8;Alceu FELDMANN;;R;;Sparco Palou MS;;GF;34.202;38.716;51.841;
23;1;7;2:04.311;0;;34.313;0;38.394;0;51.604;0;169.2;14:46.186;12:48:50.787;0:34.313;0:38.394;0:51.604;230.8;Alceu FELDMANN;;R;;Sparco Palou MS;;GF;34.313;38.394;51.604;
23;1;8;2:03.801;0;;33.828;0;38.417;0;51.556;0;169.9;16:49.987;12:50:54.588;0:33.828;0:38.417;0:51.556;225.0;Alceu FELDMANN;;R;;Sparco Palou MS;;GF;33.828;38.417;51.556;
23;1;9;2:03.742;2;;33.953;0;38.464;0;51.325;2;170.0;18:53.729;12:52:58.330;0:33.953;0:38.464;0:51.325;225.5;Alceu FELDMANN;;R;;Sparco Palou MS;;GF;33.953;38.464;51.325;
23;1;10;2:03.879;0;;33.731;2;38.313;2;51.835;0;169.8;20:57.608;12:55:02.209;0:33.731;0:38.313;0:51.835;229.3;Alceu FELDMANN;;R;;Sparco Palou MS;;GF;33.731;38.313;51.835;
23;1;11;2:03.946;0;;33.884;0;38.423;0;51.639;0;169.7;23:01.554;12:57:06.155;0:33.884;0:38.423;0:51.639;224.5;Alceu FELDMANN;;R;;Sparco Palou MS;;GF;33.884;38.423;51.639;
23;1;12;2:03.878;0;;33.813;0;38.432;0;51.633;0;169.8;25:05.432;12:59:10.033;0:33.813;0:38.432;0:51.633;226.4;Alceu FELDMANN;;R;;Sparco Palou MS;;GF;33.813;38.432;51.633;
23;1;13;2:04.311;0;;33.913;0;38.332;0;52.066;0;169.2;27:09.743;13:01:14.344;0:33.913;0:38.332;0:52.066;226.4;Alceu FELDMANN;;R;;Sparco Palou MS;;GF;33.913;38.332;52.066;
23;1;14;2:04.010;0;;33.975;0;38.368;0;51.667;0;169.6;29:13.753;13:03:18.354;0:33.975;0:38.368;0:51.667;227.4;Alceu FELDMANN;;R;;Sparco Palou MS;;GF;33.975;38.368;51.667;
23;1;15;2:04.902;0;;34.727;0;38.528;0;51.647;0;168.4;31:18.655;13:05:23.256;0:34.727;0:38.528;0:51.647;227.4;Alceu FELDMANN;;R;;Sparco Palou MS;;GF;34.727;38.528;51.647;
23;1;16;2:04.068;0;;33.973;0;38.407;0;51.688;0;169.5;33:22.723;13:07:27.324;0:33.973;0:38.407;0:51.688;225.0;Alceu FELDMANN;;R;;Sparco Palou MS;;FF;33.973;38.407;51.688;
24;1;1;2:07.552;0;;38.729;0;37.908;0;50.915;0;164.9;2:07.552;12:36:12.153;0:38.729;0:37.908;0:50.915;;Ernesto RIVERA;;R;;Campos Racing;;GF;38.729;37.908;50.915;
24;1;2;2:02.176;0;;33.534;0;37.726;0;50.916;0;172.1;4:09.728;12:38:14.329;0:33.534;0:37.726;0:50.916;233.3;Ernesto RIVERA;;R;;Campos Racing;;GF;33.534;37.726;50.916;
24;1;3;2:01.925;0;;33.307;0;37.689;0;50.929;0;172.5;6:11.653;12:40:16.254;0:33.307;0:37.689;0:50.929;231.3;Ernesto RIVERA;;R;;Campos Racing;;GF;33.307;37.689;50.929;
24;1;4;2:01.450;0;;33.469;0;37.390;2;50.591;0;173.2;8:13.103;12:42:17.704;0:33.469;0:37.390;0:50.591;232.3;Ernesto RIVERA;;R;;Campos Racing;;GF;33.469;37.390;50.591;
24;1;5;2:01.502;0;;33.212;0;37.707;0;50.583;0;173.1;10:14.605;12:44:19.206;0:33.212;0:37.707;0:50.583;227.8;Ernesto RIVERA;;R;;Campos Racing;;GF;33.212;37.707;50.583;
24;1;6;2:01.363;2;;33.143;2;37.771;0;50.449;0;173.3;12:15.968;12:46:20.569;0:33.143;0:37.771;0:50.449;229.3;Ernesto RIVERA;;R;;Campos Racing;;GF;33.143;37.771;50.449;
24;1;7;2:01.387;0;;33.186;0;37.757;0;50.444;2;173.3;14:17.355;12:48:21.956;0:33.186;0:37.757;0:50.444;229.3;Ernesto RIVERA;;R;;Campos Racing;;GF;33.186;37.757;50.444;
24;1;8;2:01.635;0;;33.323;0;37.850;0;50.462;0;172.9;16:18.990;12:50:23.591;0:33.323;0:37.850;0:50.462;229.3;Ernesto RIVERA;;R;;Campos Racing;;GF;33.323;37.850;50.462;
24;1;9;2:01.624;0;;33.291;0;37.773;0;50.560;0;172.9;18:20.614;12:52:25.215;0:33.291;0:37.773;0:50.560;229.3;Ernesto RIVERA;;R;;Campos Racing;;GF;33.291;37.773;50.560;
24;1;10;2:01.798;0;;33.159;0;37.676;0;50.963;0;172.7;20:22.412;12:54:27.013;0:33.159;0:37.676;0:50.963;229.8;Ernesto RIVERA;;R;;Campos Racing;;GF;33.159;37.676;50.963;
24;1;11;2:01.599;0;;33.359;0;37.633;0;50.607;0;173.0;22:24.011;12:56:28.612;0:33.359;0:37.633;0:50.607;227.4;Ernesto RIVERA;;R;;Campos Racing;;GF;33.359;37.633;50.607;
24;1;12;2:01.758;0;;33.305;0;37.828;0;50.625;0;172.7;24:25.769;12:58:30.370;0:33.305;0:37.828;0:50.625;229.3;Ernesto RIVERA;;R;;Campos Racing;;GF;33.305;37.828;50.625;
24;1;13;2:01.952;0;;33.381;0;37.780;0;50.791;0;172.5;26:27.721;13:00:32.322;0:33.381;0:37.780;0:50.791;229.8;Ernesto RIVERA;;R;;Campos Racing;;GF;33.381;37.780;50.791;
24;1;14;2:01.911;0;;33.283;0;37.911;0;50.717;0;172.5;28:29.632;13:02:34.233;0:33.283;0:37.911;0:50.717;228.8;Ernesto RIVERA;;R;;Campos Racing;;GF;33.283;37.911;50.717;
24;1;15;2:01.787;0;;33.439;0;37.868;0;50.480;0;172.7;30:31.419;13:04:36.020;0:33.439;0:37.868;0:50.480;227.8;Ernesto RIVERA;;R;;Campos Racing;;GF;33.439;37.868;50.480;
24;1;16;2:01.882;0;;33.461;0;37.619;0;50.802;0;172.6;32:33.301;13:06:37.902;0:33.461;0:37.619;0:50.802;228.8;Ernesto RIVERA;;R;;Campos Racing;;FF;33.461;37.619;50.802;
25;1;1;2:12.470;0;;41.260;0;39.074;0;52.136;0;158.8;2:12.470;12:36:17.071;0:41.260;0:39.074;0:52.136;;Preston LAMBERT;;R;;Drivex;;GF;41.260;39.074;52.136;
25;1;2;2:02.889;0;;33.688;0;37.823;2;51.378;0;171.1;4:15.359;12:38:19.960;0:33.688;0:37.823;0:51.378;230.3;Preston LAMBERT;;R;;Drivex;;GF;33.688;37.823;51.378;
25;1;3;2:03.765;0;;33.809;0;38.098;0;51.858;0;169.9;6:19.124;12:40:23.725;0:33.809;0:38.098;0:51.858;230.3;Preston LAMBERT;;R;;Drivex;;GF;33.809;38.098;51.858;
25;1;4;2:03.245;0;;33.504;0;38.022;0;51.719;0;170.6;8:22.369;12:42:26.970;0:33.504;0:38.022;0:51.719;229.8;Preston LAMBERT;;R;;Drivex;;GF;33.504;38.022;51.719;
25;1;5;2:02.847;0;;33.729;0;37.970;0;51.148;0;171.2;10:25.216;12:44:29.817;0:33.729;0:37.970;0:51.148;229.3;Preston LAMBERT;;R;;Drivex;;GF;33.729;37.970;51.148;
25;1;6;2:02.361;2;;33.410;0;37.895;0;51.056;2;171.9;12:27.577;12:46:32.178;0:33.410;0:37.895;0:51.056;230.3;Preston LAMBERT;;R;;Drivex;;GF;33.410;37.895;51.056;
25;1;7;2:02.451;0;;33.357;2;37.937;0;51.157;0;171.8;14:30.028;12:48:34.629;0:33.357;0:37.937;0:51.157;228.8;Preston LAMBERT;;R;;Drivex;;GF;33.357;37.937;51.157;
25;1;8;2:03.365;0;;33.830;0;38.133;0;51.402;0;170.5;16:33.393;12:50:37.994;0:33.830;0:38.133;0:51.402;227.4;Preston LAMBERT;;R;;Drivex;;GF;33.830;38.133;51.402;
25;1;9;2:03.552;0;;33.639;0;37.980;0;51.933;0;170.2;18:36.945;12:52:41.546;0:33.639;0:37.980;0:51.933;227.8;Preston LAMBERT;;R;;Drivex;;GF;33.639;37.980;51.933;
25;1;10;2:03.945;0;;34.799;0;38.045;0;51.101;0;169.7;20:40.890;12:54:45.491;0:34.799;0:38.045;0:51.101;230.8;Preston LAMBERT;;R;;Drivex;;GF;34.799;38.045;51.101;
25;1;11;2:03.022;0;;33.665;0;38.024;0;51.333;0;171.0;22:43.912;12:56:48.513;0:33.665;0:38.024;0:51.333;227.4;Preston LAMBERT;;R;;Drivex;;GF;33.665;38.024;51.333;
25;1;12;2:03.099;0;;33.614;0;38.188;0;51.297;0;170.8;24:47.011;12:58:51.612;0:33.614;0:38.188;0:51.297;228.3;Preston LAMBERT;;R;;Drivex;;GF;33.614;38.188;51.297;
25;1;13;2:03.488;0;;33.619;0;38.451;0;51.418;0;170.3;26:50.499;13:00:55.100;0:33.619;0:38.451;0:51.418;228.3;Preston LAMBERT;;R;;Drivex;;GF;33.619;38.451;51.418;
25;1;14;2:04.512;0;;33.568;0;38.964;0;51.980;0;168.9;28:55.011;13:02:59.612;0:33.568;0:38.964;0:51.980;230.3;Preston LAMBERT;;R;;Drivex;;GF;33.568;38.964;51.980;
25;1;15;2:03.307;0;;33.937;0;38.188;0;51.182;0;170.6;30:58.318;13:05:02.919;0:33.937;0:38.188;0:51.182;228.3;Preston LAMBERT;;R;;Drivex;;GF;33.937;38.188;51.182;
25;1;16;2:03.052;0;;33.687;0;37.974;0;51.391;0;170.9;33:01.370;13:07:05.971;0:33.687;0:37.974;0:51.391;228.8;Preston LAMBERT;;R;;Drivex;;FF;33.687;37.974;51.391;
26;1;1;2:13.888;0;;42.241;0;39.330;0;52.317;0;157.1;2:13.888;12:36:18.489;0:42.241;0:39.330;0:52.317;;Isaac BARASHI;;;;Palou Motorsport;;GF;42.241;39.330;52.317;
26;1;2;2:05.291;0;;34.695;0;38.246;0;52.350;0;167.9;4:19.179;12:38:23.780;0:34.695;0:38.246;0:52.350;231.8;Isaac BARASHI;;;;Palou Motorsport;;GF;34.695;38.246;52.350;
26;1;3;2:05.124;0;;34.654;0;38.358;0;52.112;0;168.1;6:24.303;12:40:28.904;0:34.654;0:38.358;0:52.112;230.3;Isaac BARASHI;;;;Palou Motorsport;;GF;34.654;38.358;52.112;
26;1;4;2:03.485;0;;33.826;0;38.151;0;51.508;0;170.3;8:27.788;12:42:32.389;0:33.826;0:38.151;0:51.508;228.8;Isaac BARASHI;;;;Palou Motorsport;;GF;33.826;38.151;51.508;
26;1;5;2:04.233;0;;34.279;0;38.281;0;51.673;0;169.3;10:32.021;12:44:36.622;0:34.279;0:38.281;0:51.673;229.3;Isaac BARASHI;;;;Palou Motorsport;;GF;34.279;38.281;51.673;
26;1;6;2:03.918;0;;33.632;0;38.275;0;52.011;0;169.7;12:35.939;12:46:40.540;0:33.632;0:38.275;0:52.011;225.5;Isaac BARASHI;;;;Palou Motorsport;;GF;33.632;38.275;52.011;
26;1;7;2:03.656;0;;33.413;2;38.899;0;51.344;0;170.1;14:39.595;12:48:44.196;0:33.413;0:38.899;0:51.344;225.5;Isaac BARASHI;;;;Palou Motorsport;;GF;33.413;38.899;51.344;
26;1;8;2:03.288;2;;33.890;0;38.271;0;51.127;2;170.6;16:42.883;12:50:47.484;0:33.890;0:38.271;0:51.127;225.0;Isaac BARASHI;;;;Palou Motorsport;;GF;33.890;38.271;51.127;
26;1;9;2:03.569;0;;33.726;0;38.342;0;51.501;0;170.2;18:46.452;12:52:51.053;0:33.726;0:38.342;0:51.501;225.0;Isaac BARASHI;;;;Palou Motorsport;;GF;33.726;38.342;51.501;
26;1;10;2:04.387;0;;33.607;0;38.760;0;52.020;0;169.1;20:50.839;12:54:55.440;0:33.607;0:38.760;0:52.020;226.4;Isaac BARASHI;;;;Palou Motorsport;;GF;33.607;38.760;52.020;
26;1;11;2:03.480;0;;33.772;0;38.094;2;51.614;0;170.3;22:54.319;12:56:58.920;0:33.772;0:38.094;0:51.614;226.9;Isaac BARASHI;;;;Palou Motorsport;;GF;33.772;38.094;51.614;
26;1;12;2:03.847;0;;33.933;0;38.359;0;51.555;0;169.8;24:58.166;12:59:02.767;0:33.933;0:38.359;0:51.555;226.4;Isaac BARASHI;;;;Palou Motorsport;;GF;33.933;38.359;51.555;
26;1;13;2:03.665;0;;33.823;0;38.305;0;51.537;0;170.1;27:01.831;13:01:06.432;0:33.823;0:38.305;0:51.537;226.4;Isaac BARASHI;;;;Palou Motorsport;;GF;33.823;38.305;51.537;
26;1;14;2:04.664;0;;33.813;0;38.408;0;52.443;0;168.7;29:06.495;13:03:11.096;0:33.813;0:38.408;0:52.443;227.4;Isaac BARASHI;;;;Palou Motorsport;;GF;33.813;38.408;52.443;
26;1;15;2:04.102;0;;34.273;0;38.562;0;51.267;0;169.5;31:10.597;13:05:15.198;0:34.273;0:38.562;0:51.267;226.4;Isaac BARASHI;;;;Palou Motorsport;;GF;34.273;38.562;51.267;
26;1;16;2:03.949;0;;33.965;0;38.353;0;51.631;0;169.7;33:14.546;13:07:19.147;0:33.965;0:38.353;0:51.631;226.4;Isaac BARASHI;;;;Palou Motorsport;;FF;33.965;38.353;51.631;
27;1;1;2:09.985;0;;39.696;0;38.649;0;51.640;0;161.8;2:09.985;12:36:14.586;0:39.696;0:38.649;0:51.640;;Jesse CARRASQUEDO;;;;Griffin Core;;GF;39.696;38.649;51.640;
27;1;2;2:01.478;0;;33.566;0;37.532;2;50.380;0;173.1;4:11.463;12:38:16.064;0:33.566;0:37.532;0:50.380;230.3;Jesse CARRASQUEDO;;;;Griffin Core;;GF;33.566;37.532;50.380;
27;1;3;2:01.688;0;;33.157;0;37.608;0;50.923;0;172.8;6:13.151;12:40:17.752;0:33.157;0:37.608;0:50.923;228.8;Jesse CARRASQUEDO;;;;Griffin Core;;GF;33.157;37.608;50.923;
27;1;4;2:01.791;0;;33.261;0;37.630;0;50.900;0;172.7;8:14.942;12:42:19.543;0:33.261;0:37.630;0:50.900;231.3;Jesse CARRASQUEDO;;;;Griffin Core;;GF;33.261;37.630;50.900;
27;1;5;2:02.218;0;;33.464;0;37.765;0;50.989;0;172.1;10:17.160;12:44:21.761;0:33.464;0:37.765;0:50.989;230.3;Jesse CARRASQUEDO;;;;Griffin Core;;GF;33.464;37.765;50.989;
27;1;6;2:01.919;0;;33.307;0;37.808;0;50.804;0;172.5;12:19.079;12:46:23.680;0:33.307;0:37.808;0:50.804;229.8;Jesse CARRASQUEDO;;;;Griffin Core;;GF;33.307;37.808;50.804;
27;1;7;2:01.874;0;;33.218;0;37.723;0;50.933;0;172.6;14:20.953;12:48:25.554;0:33.218;0:37.723;0:50.933;231.3;Jesse CARRASQUEDO;;;;Griffin Core;;GF;33.218;37.723;50.933;
27;1;8;2:01.392;2;;33.363;0;37.730;0;50.299;3;173.3;16:22.345;12:50:26.946;0:33.363;0:37.730;0:50.299;230.3;Jesse CARRASQUEDO;;;;Griffin Core;;GF;33.363;37.730;50.299;
27;1;9;2:01.697;0;;33.230;0;37.761;0;50.706;0;172.8;18:24.042;12:52:28.643;0:33.230;0:37.761;0:50.706;230.3;Jesse CARRASQUEDO;;;;Griffin Core;;GF;33.230;37.761;50.706;
27;1;10;2:01.650;0;;33.191;0;37.760;0;50.699;0;172.9;20:25.692;12:54:30.293;0:33.191;0:37.760;0:50.699;230.3;Jesse CARRASQUEDO;;;;Griffin Core;;GF;33.191;37.760;50.699;
27;1;11;2:02.409;0;;33.146;0;37.787;0;51.476;0;171.8;22:28.101;12:56:32.702;0:33.146;0:37.787;0:51.476;228.3;Jesse CARRASQUEDO;;;;Griffin Core;;GF;33.146;37.787;51.476;
27;1;12;2:01.841;0;;33.132;0;37.888;0;50.821;0;172.6;24:29.942;12:58:34.543;0:33.132;0:37.888;0:50.821;228.8;Jesse CARRASQUEDO;;;;Griffin Core;;GF;33.132;37.888;50.821;
27;1;13;2:01.769;0;;33.279;0;37.722;0;50.768;0;172.7;26:31.711;13:00:36.312;0:33.279;0:37.722;0:50.768;228.3;Jesse CARRASQUEDO;;;;Griffin Core;;GF;33.279;37.722;50.768;
27;1;14;2:01.528;0;;33.035;2;37.896;0;50.597;0;173.1;28:33.239;13:02:37.840;0:33.035;0:37.896;0:50.597;229.3;Jesse CARRASQUEDO;;;;Griffin Core;;GF;33.035;37.896;50.597;
27;1;15;2:01.776;0;;33.274;0;37.885;0;50.617;0;172.7;30:35.015;13:04:39.616;0:33.274;0:37.885;0:50.617;228.8;Jesse CARRASQUEDO;;;;Griffin Core;;GF;33.274;37.885;50.617;
27;1;16;2:02.330;0;;33.362;0;37.921;0;51.047;0;171.9;32:37.345;13:06:41.946;0:33.362;0:37.921;0:51.047;227.4;Jesse CARRASQUEDO;;;;Griffin Core;;FF;33.362;37.921;51.047;
3;1;1;2:13.393;0;;42.198;0;39.090;0;52.105;0;157.7;2:13.393;12:36:17.994;0:42.198;0:39.090;0:52.105;;Lenny RIED;;R;;Sparco Palou MS;;GF;42.198;39.090;52.105;
3;1;2;2:06.693;0;;35.550;0;38.818;0;52.325;0;166.0;4:20.086;12:38:24.687;0:35.550;0:38.818;0:52.325;228.8;Lenny RIED;;R;;Sparco Palou MS;;GF;35.550;38.818;52.325;
3;1;3;2:03.635;0;;34.219;0;37.973;0;51.443;0;170.1;6:23.721;12:40:28.322;0:34.219;0:37.973;0:51.443;238.4;Lenny RIED;;R;;Sparco Palou MS;;GF;34.219;37.973;51.443;
3;1;4;2:03.597;0;;33.750;0;38.103;0;51.744;0;170.2;8:27.318;12:42:31.919;0:33.750;0:38.103;0:51.744;231.3;Lenny RIED;;R;;Sparco Palou MS;;GF;33.750;38.103;51.744;
3;1;5;2:05.278;0;;35.068;0;38.316;0;51.894;0;167.9;10:32.596;12:44:37.197;0:35.068;0:38.316;0:51.894;226.4;Lenny RIED;;R;;Sparco Palou MS;;GF;35.068;38.316;51.894;
3;1;6;2:03.636;0;;33.502;2;38.147;0;51.987;0;170.1;12:36.232;12:46:40.833;0:33.502;0:38.147;0:51.987;229.8;Lenny RIED;;R;;Sparco Palou MS;;GF;33.502;38.147;51.987;
3;1;7;2:03.958;0;;34.093;0;38.066;0;51.799;0;169.7;14:40.190;12:48:44.791;0:34.093;0:38.066;0:51.799;226.4;Lenny RIED;;R;;Sparco Palou MS;;GF;34.093;38.066;51.799;
3;1;8;2:03.311;0;;33.746;0;38.295;0;51.270;0;170.6;16:43.501;12:50:48.102;0:33.746;0:38.295;0:51.270;228.3;Lenny RIED;;R;;Sparco Palou MS;;GF;33.746;38.295;51.270;
3;1;9;2:03.393;0;;33.714;0;38.097;0;51.582;0;170.4;18:46.894;12:52:51.495;0:33.714;0:38.097;0:51.582;229.3;Lenny RIED;;R;;Sparco Palou MS;;GF;33.714;38.097;51.582;
3;1;10;2:04.403;0;;33.702;0;36.674;2;54.027;0;169.1;20:51.297;12:54:55.898;0:33.702;0:36.674;0:54.027;230.8;Lenny RIED;;R;;Sparco Palou MS;;GF;33.702;36.674;54.027;
3;1;11;2:03.467;0;;33.889;0;38.130;0;51.448;0;170.3;22:54.764;12:56:59.365;0:33.889;0:38.130;0:51.448;229.3;Lenny RIED;;R;;Sparco Palou MS;;GF;33.889;38.130;51.448;
3;1;12;2:03.888;0;;34.049;0;38.211;0;51.628;0;169.8;24:58.652;12:59:03.253;0:34.049;0:38.211;0:51.628;230.8;Lenny RIED;;R;;Sparco Palou MS;;GF;34.049;38.211;51.628;
3;1;13;2:03.654;0;;33.777;0;38.185;0;51.692;0;170.1;27:02.306;13:01:06.907;0:33.777;0:38.185;0:51.692;230.3;Lenny RIED;;R;;Sparco Palou MS;;GF;33.777;38.185;51.692;
3;1;14;2:03.586;0;;33.723;0;38.174;0;51.689;0;170.2;29:05.892;13:03:10.493;0:33.723;0:38.174;0:51.689;230.8;Lenny RIED;;R;;Sparco Palou MS;;GF;33.723;38.174;51.689;
3;1;15;2:03.456;0;;33.909;0;38.292;0;51.255;2;170.4;31:09.348;13:05:13.949;0:33.909;0:38.292;0:51.255;226.4;Lenny RIED;;R;;Sparco Palou MS;;GF;33.909;38.292;51.255;
3;1;16;2:03.131;2;;33.687;0;38.107;0;51.337;0;170.8;33:12.479;13:07:17.080;0:33.687;0:38.107;0:51.337;225.9;Lenny RIED;;R;;Sparco Palou MS;;FF;33.687;38.107;51.337;
33;1;1;2:36.675;0;;39.175;0;38.418;0;1:19.082;0;134.2;2:36.675;12:36:41.276;0:39.175;0:38.418;1:19.082;;Andrés CARDENAS;;R;;MP Motorsport;;GF;39.175;38.418;79.082;
33;1;2;2:06.898;0;;36.139;0;38.858;0;51.901;0;165.7;4:43.573;12:38:48.174;0:36.139;0:38.858;0:51.901;223.6;Andrés CARDENAS;;R;;MP Motorsport;;GF;36.139;38.858;51.901;
33;1;3;2:04.047;0;;34.160;0;38.349;0;51.538;0;169.5;6:47.620;12:40:52.221;0:34.160;0:38.349;0:51.538;225.9;Andrés CARDENAS;;R;;MP Motorsport;;GF;34.160;38.349;51.538;
33;1;4;2:02.965;0;;33.632;0;37.987;0;51.346;0;171.0;8:50.585;12:42:55.186;0:33.632;0:37.987;0:51.346;229.3;Andrés CARDENAS;;R;;MP Motorsport;;GF;33.632;37.987;51.346;
33;1;5;2:03.408;0;;33.747;0;38.332;0;51.329;0;170.4;10:53.993;12:44:58.594;0:33.747;0:38.332;0:51.329;229.3;Andrés CARDENAS;;R;;MP Motorsport;;GF;33.747;38.332;51.329;
33;1;6;2:02.721;0;;33.616;0;37.916;0;51.189;0;171.4;12:56.714;12:47:01.315;0:33.616;0:37.916;0:51.189;231.8;Andrés CARDENAS;;R;;MP Motorsport;;GF;33.616;37.916;51.189;
33;1;7;2:02.984;0;;33.966;0;38.090;0;50.928;2;171.0;14:59.698;12:49:04.299;0:33.966;0:38.090;0:50.928;226.9;Andrés CARDENAS;;R;;MP Motorsport;;GF;33.966;38.090;50.928;
33;1;8;2:03.200;0;;33.609;0;38.252;0;51.339;0;170.7;17:02.898;12:51:07.499;0:33.609;0:38.252;0:51.339;229.8;Andrés CARDENAS;;R;;MP Motorsport;;GF;33.609;38.252;51.339;
33;1;9;2:03.155;0;;33.631;0;38.361;0;51.163;0;170.8;19:06.053;12:53:10.654;0:33.631;0:38.361;0:51.163;229.8;Andrés CARDENAS;;R;;MP Motorsport;;GF;33.631;38.361;51.163;
33;1;10;2:02.521;2;;33.421;2;37.926;0;51.174;0;171.7;21:08.574;12:55:13.175;0:33.421;0:37.926;0:51.174;227.8;Andrés CARDENAS;;R;;MP Motorsport;;GF;33.421;37.926;51.174;
33;1;11;2:03.063;0;;33.648;0;38.207;0;51.208;0;170.9;23:11.637;12:57:16.238;0:33.648;0:38.207;0:51.208;229.8;Andrés CARDENAS;;R;;MP Motorsport;;GF;33.648;38.207;51.208;
33;1;12;2:04.849;0;;33.713;0;38.167;0;52.969;0;168.5;25:16.486;12:59:21.087;0:33.713;0:38.167;0:52.969;233.8;Andrés CARDENAS;;R;;MP Motorsport;;GF;33.713;38.167;52.969;
33;1;13;2:04.018;0;;33.673;0;38.029;0;52.316;0;169.6;27:20.504;13:01:25.105;0:33.673;0:38.029;0:52.316;230.3;Andrés CARDENAS;;R;;MP Motorsport;;GF;33.673;38.029;52.316;
33;1;14;2:02.695;0;;33.576;0;38.018;0;51.101;0;171.4;29:23.199;13:03:27.800;0:33.576;0:38.018;0:51.101;237.4;Andrés CARDENAS;;R;;MP Motorsport;;GF;33.576;38.018;51.101;
33;1;15;2:03.346;0;;33.688;0;38.028;0;51.630;0;170.5;31:26.545;13:05:31.146;0:33.688;0:38.028;0:51.630;232.3;Andrés CARDENAS;;R;;MP Motorsport;;GF;33.688;38.028;51.630;
33;1;16;2:02.608;0;;33.911;0;37.706;2;50.991;0;171.5;33:29.153;13:07:33.754;0:33.911;0:37.706;0:50.991;232.8;Andrés CARDENAS;;R;;MP Motorsport;;FF;33.911;37.706;50.991;
37;1;1;2:06.310;0;;37.871;0;37.685;0;50.754;0;166.5;2:06.310;12:36:10.911;0:37.871;0:37.685;0:50.754;;Kacper SZTUKA;;;;Griffin Core;;GF;37.871;37.685;50.754;
37;1;2;2:02.027;0;;33.354;0;37.839;0;50.834;0;172.3;4:08.337;12:38:12.938;0:33.354;0:37.839;0:50.834;228.8;Kacper SZTUKA;;;;Griffin Core;;GF;33.354;37.839;50.834;
37;1;3;2:01.991;0;;33.393;0;37.843;0;50.755;0;172.4;6:10.328;12:40:14.929;0:33.393;0:37.843;0:50.755;227.8;Kacper SZTUKA;;;;Griffin Core;;GF;33.393;37.843;50.755;
37;1;4;2:01.420;0;;33.129;0;37.587;0;50.704;0;173.2;8:11.748;12:42:16.349;0:33.129;0:37.587;0:50.704;229.8;Kacper SZTUKA;;;;Griffin Core;;GF;33.129;37.587;50.704;
37;1;5;2:01.556;0;;33.338;0;37.606;0;50.612;0;173.0;10:13.304;12:44:17.905;0:33.338;0:37.606;0:50.612;228.3;Kacper SZTUKA;;;;Griffin Core;;GF;33.338;37.606;50.612;
37;1;6;2:01.373;0;;33.172;0;37.640;0;50.561;0;173.3;12:14.677;12:46:19.278;0:33.172;0:37.640;0:50.561;230.3;Kacper SZTUKA;;;;Griffin Core;;GF;33.172;37.640;50.561;
37;1;7;2:01.361;2;;33.114;2;37.734;0;50.513;2;173.3;14:16.038;12:48:20.639;0:33.114;0:37.734;0:50.513;230.3;Kacper SZTUKA;;;;Griffin Core;;GF;33.114;37.734;50.513;
37;1;8;2:01.595;0;;33.329;0;37.626;0;50.640;0;173.0;16:17.633;12:50:22.234;0:33.329;0:37.626;0:50.640;227.8;Kacper SZTUKA;;;;Griffin Core;;GF;33.329;37.626;50.640;
37;1;9;2:01.532;0;;33.280;0;37.569;0;50.683;0;173.1;18:19.165;12:52:23.766;0:33.280;0:37.569;0:50.683;228.3;Kacper SZTUKA;;;;Griffin Core;;GF;33.280;37.569;50.683;
37;1;10;2:01.826;0;;33.384;0;37.731;0;50.711;0;172.6;20:20.991;12:54:25.592;0:33.384;0:37.731;0:50.711;229.3;Kacper SZTUKA;;;;Griffin Core;;GF;33.384;37.731;50.711;
37;1;11;2:01.597;0;;33.290;0;37.571;0;50.736;0;173.0;22:22.588;12:56:27.189;0:33.290;0:37.571;0:50.736;228.3;Kacper SZTUKA;;;;Griffin Core;;GF;33.290;37.571;50.736;
37;1;12;2:01.670;0;;33.232;0;37.634;0;50.804;0;172.9;24:24.258;12:58:28.859;0:33.232;0:37.634;0:50.804;229.3;Kacper SZTUKA;;;;Griffin Core;;GF;33.232;37.634;50.804;
37;1;13;2:01.845;0;;33.372;0;37.582;0;50.891;0;172.6;26:26.103;13:00:30.704;0:33.372;0:37.582;0:50.891;228.8;Kacper SZTUKA;;;;Griffin Core;;GF;33.372;37.582;50.891;
37;1;14;2:02.149;0;;33.358;0;37.762;0;51.029;0;172.2;28:28.252;13:02:32.853;0:33.358;0:37.762;0:51.029;230.8;Kacper SZTUKA;;;;Griffin Core;;GF;33.358;37.762;51.029;
37;1;15;2:01.735;0;;33.383;0;37.561;0;50.791;0;172.8;30:29.987;13:04:34.588;0:33.383;0:37.561;0:50.791;229.3;Kacper SZTUKA;;;;Griffin Core;;GF;33.383;37.561;50.791;
37;1;16;2:02.432;0;;33.500;0;37.502;2;51.430;0;171.8;32:32.419;13:06:37.020;0:33.500;0:37.502;0:51.430;229.8;Kacper SZTUKA;;;;Griffin Core;;FF;33.500;37.502;51.430;
4;1;1;2:14.605;0;;42.593;0;39.100;0;52.912;0;156.2;2:14.605;12:36:19.206;0:42.593;0:39.100;0:52.912;;Alessandro FAMULARO;;;;Drivex;;GF;42.593;39.100;52.912;
4;1;2;2:05.264;0;;34.811;0;38.424;0;52.029;0;167.9;4:19.869;12:38:24.470;0:34.811;0:38.424;0:52.029;233.8;Alessandro FAMULARO;;;;Drivex;;GF;34.811;38.424;52.029;
4;1;3;2:05.459;0;;34.911;0;38.167;0;52.381;0;167.6;6:25.328;12:40:29.929;0:34.911;0:38.167;0:52.381;233.8;Alessandro FAMULARO;;;;Drivex;;GF;34.911;38.167;52.381;
4;1;4;2:03.771;0;;33.949;0;38.049;0;51.773;0;169.9;8:29.099;12:42:33.700;0:33.949;0:38.049;0:51.773;234.3;Alessandro FAMULARO;;;;Drivex;;GF;33.949;38.049;51.773;
4;1;5;2:06.168;0;;34.907;0;38.640;0;52.621;0;166.7;10:35.267;12:44:39.868;0:34.907;0:38.640;0:52.621;235.3;Alessandro FAMULARO;;;;Drivex;;GF;34.907;38.640;52.621;
4;1;6;2:03.732;0;;33.929;0;38.120;0;51.683;0;170.0;12:38.999;12:46:43.600;0:33.929;0:38.120;0:51.683;231.3;Alessandro FAMULARO;;;;Drivex;;GF;33.929;38.120;51.683;
4;1;7;2:03.657;0;;33.817;2;38.083;0;51.757;0;170.1;14:42.656;12:48:47.257;0:33.817;0:38.083;0:51.757;230.8;Alessandro FAMULARO;;;;Drivex;;GF;33.817;38.083;51.757;
4;1;8;2:03.958;0;;34.022;0;38.130;0;51.806;0;169.7;16:46.614;12:50:51.215;0:34.022;0:38.130;0:51.806;229.8;Alessandro FAMULARO;;;;Drivex;;GF;34.022;38.130;51.806;
4;1;9;2:03.594;0;;33.861;0;38.068;0;51.665;0;170.2;18:50.208;12:52:54.809;0:33.861;0:38.068;0:51.665;230.3;Alessandro FAMULARO;;;;Drivex;;GF;33.861;38.068;51.665;
4;1;10;2:04.086;0;;33.922;0;37.355;2;52.809;0;169.5;20:54.294;12:54:58.895;0:33.922;0:37.355;0:52.809;233.3;Alessandro FAMULARO;;;;Drivex;;GF;33.922;37.355;52.809;
4;1;11;2:03.907;0;;33.818;0;38.147;0;51.942;0;169.7;22:58.201;12:57:02.802;0:33.818;0:38.147;0:51.942;229.8;Alessandro FAMULARO;;;;Drivex;;GF;33.818;38.147;51.942;
4;1;12;2:04.401;0;;33.995;0;38.406;0;52.000;0;169.1;25:02.602;12:59:07.203;0:33.995;0:38.406;0:52.000;233.3;Alessandro FAMULARO;;;;Drivex;;GF;33.995;38.406;52.000;
4;1;13;2:03.784;0;;33.828;0;38.159;0;51.797;0;169.9;27:06.386;13:01:10.987;0:33.828;0:38.159;0:51.797;228.3;Alessandro FAMULARO;;;;Drivex;;GF;33.828;38.159;51.797;
4;1;14;2:03.551;2;;33.864;0;38.092;0;51.595;2;170.2;29:09.937;13:03:14.538;0:33.864;0:38.092;0:51.595;229.3;Alessandro FAMULARO;;;;Drivex;;GF;33.864;38.092;51.595;
4;1;15;2:03.790;0;;33.904;0;38.265;0;51.621;0;169.9;31:13.727;13:05:18.328;0:33.904;0:38.265;0:51.621;227.8;Alessandro FAMULARO;;;;Drivex;;GF;33.904;38.265;51.621;
4;1;16;2:04.006;0;;34.006;0;38.131;0;51.869;0;169.6;33:17.733;13:07:22.334;0:34.006;0:38.131;0:51.869;227.8;Alessandro FAMULARO;;;;Drivex;;FF;34.006;38.131;51.869;
43;1;1;2:16.719;0;;43.775;0;39.980;0;52.964;0;153.8;2:16.719;12:36:21.320;0:43.775;0:39.980;0:52.964;;Linus HELLBERG;;R;;Allay Racing;;GF;43.775;39.980;52.964;
43;1;2;2:05.382;0;;34.979;0;38.466;0;51.937;0;167.7;4:22.101;12:38:26.702;0:34.979;0:38.466;0:51.937;232.8;Linus HELLBERG;;R;;Allay Racing;;GF;34.979;38.466;51.937;
43;1;3;2:04.857;0;;34.424;0;38.564;0;51.869;0;168.4;6:26.958;12:40:31.559;0:34.424;0:38.564;0:51.869;227.4;Linus HELLBERG;;R;;Allay Racing;;GF;34.424;38.564;51.869;
43;1;4;2:05.176;0;;34.624;0;38.394;2;52.158;0;168.0;8:32.134;12:42:36.735;0:34.624;0:38.394;0:52.158;228.3;Linus HELLBERG;;R;;Allay Racing;;GF;34.624;38.394;52.158;
43;1;5;2:06.328;0;;34.919;0;38.807;0;52.602;0;166.5;10:38.462;12:44:43.063;0:34.919;0:38.807;0:52.602;227.8;Linus HELLBERG;;R;;Allay Racing;;GF;34.919;38.807;52.602;
43;1;6;2:04.920;0;;34.433;0;38.692;0;51.795;0;168.4;12:43.382;12:46:47.983;0:34.433;0:38.692;0:51.795;226.4;Linus HELLBERG;;R;;Allay Racing;;GF;34.433;38.692;51.795;
43;1;7;2:05.297;0;;34.316;0;38.592;0;52.389;0;167.9;14:48.679;12:48:53.280;0:34.316;0:38.592;0:52.389;225.5;Linus HELLBERG;;R;;Allay Racing;;GF;34.316;38.592;52.389;
43;1;8;2:06.150;0;;34.486;0;38.738;0;52.926;0;166.7;16:54.829;12:50:59.430;0:34.486;0:38.738;0:52.926;225.9;Linus HELLBERG;;R;;Allay Racing;;GF;34.486;38.738;52.926;
43;1;9;2:04.633;0;;34.205;0;38.599;0;51.829;0;168.7;18:59.462;12:53:04.063;0:34.205;0:38.599;0:51.829;224.5;Linus HELLBERG;;R;;Allay Racing;;GF;34.205;38.599;51.829;
43;1;10;2:05.050;0;;34.517;0;38.549;0;51.984;0;168.2;21:04.512;12:55:09.113;0:34.517;0:38.549;0:51.984;226.9;Linus HELLBERG;;R;;Allay Racing;;GF;34.517;38.549;51.984;
43;1;11;2:05.391;0;;34.466;0;38.783;0;52.142;0;167.7;23:09.903;12:57:14.504;0:34.466;0:38.783;0:52.142;226.9;Linus HELLBERG;;R;;Allay Racing;;GF;34.466;38.783;52.142;
43;1;12;2:05.296;0;;34.134;0;38.538;0;52.624;0;167.9;25:15.199;12:59:19.800;0:34.134;0:38.538;0:52.624;226.4;Linus HELLBERG;;R;;Allay Racing;;GF;34.134;38.538;52.624;
43;1;13;2:05.029;0;;34.064;2;38.611;0;52.354;0;168.2;27:20.228;13:01:24.829;0:34.064;0:38.611;0:52.354;225.9;Linus HELLBERG;;R;;Allay Racing;;GF;34.064;38.611;52.354;
43;1;14;2:04.942;0;;34.596;0;38.546;0;51.800;0;168.3;29:25.170;13:03:29.771;0:34.596;0:38.546;0:51.800;225.9;Linus HELLBERG;;R;;Allay Racing;;GF;34.596;38.546;51.800;
43;1;15;2:04.622;2;;34.207;0;38.646;0;51.769;2;168.8;31:29.792;13:05:34.393;0:34.207;0:38.646;0:51.769;225.5;Linus HELLBERG;;R;;Allay Racing;;GF;34.207;38.646;51.769;
43;1;16;2:05.040;0;;34.186;0;38.737;0;52.117;0;168.2;33:34.832;13:07:39.433;0:34.186;0:38.737;0:52.117;223.6;Linus HELLBERG;;R;;Allay Racing;;FF;34.186;38.737;52.117;
46;1;1;2:15.819;0;;43.119;0;39.998;0;52.702;0;154.8;2:15.819;12:36:20.420;0:43.119;0:39.998;0:52.702;;Emil HELLBERG;;R;;Allay Racing;;GF;43.119;39.998;52.702;
46;1;2;2:05.261;0;;34.550;0;38.523;0;52.188;0;167.9;4:21.080;12:38:25.681;0:34.550;0:38.523;0:52.188;231.3;Emil HELLBERG;;R;;Allay Racing;;GF;34.550;38.523;52.188;
46;1;3;2:05.228;0;;34.646;0;38.365;2;52.217;0;167.9;6:26.308;12:40:30.909;0:34.646;0:38.365;0:52.217;229.3;Emil HELLBERG;;R;;Allay Racing;;GF;34.646;38.365;52.217;
46;1;4;2:05.264;0;;34.320;0;38.680;0;52.264;0;167.9;8:31.572;12:42:36.173;0:34.320;0:38.680;0:52.264;229.3;Emil HELLBERG;;R;;Allay Racing;;GF;34.320;38.680;52.264;
46;1;5;2:05.221;0;;34.277;0;38.636;0;52.308;0;168.0;10:36.793;12:44:41.394;0:34.277;0:38.636;0:52.308;229.3;Emil HELLBERG;;R;;Allay Racing;;GF;34.277;38.636;52.308;
46;1;6;2:04.789;2;;34.217;0;38.503;0;52.069;2;168.5;12:41.582;12:46:46.183;0:34.217;0:38.503;0:52.069;227.8;Emil HELLBERG;;R;;Allay Racing;;GF;34.217;38.503;52.069;
46;1;7;2:06.738;0;;35.023;0;39.161;0;52.554;0;165.9;14:48.320;12:48:52.921;0:35.023;0:39.161;0:52.554;225.9;Emil HELLBERG;;R;;Allay Racing;;GF;35.023;39.161;52.554;
46;1;8;2:05.309;0;;34.391;0;38.638;0;52.280;0;167.8;16:53.629;12:50:58.230;0:34.391;0:38.638;0:52.280;223.6;Emil HELLBERG;;R;;Allay Racing;;GF;34.391;38.638;52.280;
46;1;9;2:05.156;0;;34.331;0;38.679;0;52.146;0;168.0;18:58.785;12:53:03.386;0:34.331;0:38.679;0:52.146;225.5;Emil HELLBERG;;R;;Allay Racing;;GF;34.331;38.679;52.146;
46;1;10;2:05.304;0;;34.031;2;38.924;0;52.349;0;167.8;21:04.089;12:55:08.690;0:34.031;0:38.924;0:52.349;226.9;Emil HELLBERG;;R;;Allay Racing;;GF;34.031;38.924;52.349;
46;1;11;2:05.131;0;;34.352;0;38.600;0;52.179;0;168.1;23:09.220;12:57:13.821;0:34.352;0:38.600;0:52.179;227.4;Emil HELLBERG;;R;;Allay Racing;;GF;34.352;38.600;52.179;
46;1;12;2:07.203;0;;34.269;0;39.014;0;53.920;0;165.3;25:16.423;12:59:21.024;0:34.269;0:39.014;0:53.920;226.9;Emil HELLBERG;;R;;Allay Racing;;GF;34.269;39.014;53.920;
46;1;13;2:06.152;0;;34.948;0;38.766;0;52.438;0;166.7;27:22.575;13:01:27.176;0:34.948;0:38.766;0:52.438;223.1;Emil HELLBERG;;R;;Allay Racing;;GF;34.948;38.766;52.438;
46;1;14;2:05.946;0;;34.911;0;38.767;0;52.268;0;167.0;29:28.521;13:03:33.122;0:34.911;0:38.767;0:52.268;227.4;Emil HELLBERG;;R;;Allay Racing;;GF;34.911;38.767;52.268;
46;1;15;2:05.754;0;;34.485;0;38.746;0;52.523;0;167.2;31:34.275;13:05:38.876;0:34.485;0:38.746;0:52.523;225.5;Emil HELLBERG;;R;;Allay Racing;;GF;34.485;38.746;52.523;
46;1;16;2:05.408;0;;34.444;0;38.602;0;52.362;0;167.7;33:39.683;13:07:44.284;0:34.444;0:38.602;0:52.362;223.6;Emil HELLBERG;;R;;Allay Racing;;FF;34.444;38.602;52.362;
48;1;1;2:09.614;0;;39.645;0;38.605;0;51.364;0;162.3;2:09.614;12:36:14.215;0:39.645;0:38.605;0:51.364;;James EGOZI;;R;;Palou Motorsport;;GF;39.645;38.605;51.364;
48;1;2;2:02.581;0;;33.592;0;38.017;0;50.972;0;171.6;4:12.195;12:38:16.796;0:33.592;0:38.017;0:50.972;226.9;James EGOZI;;R;;Palou Motorsport;;GF;33.592;38.017;50.972;
48;1;3;2:02.294;0;;33.381;0;37.753;0;51.160;0;172.0;6:14.489;12:40:19.090;0:33.381;0:37.753;0:51.160;229.3;James EGOZI;;R;;Palou Motorsport;;GF;33.381;37.753;51.160;
48;1;4;2:02.076;0;;33.265;0;37.745;0;51.066;0;172.3;8:16.565;12:42:21.166;0:33.265;0:37.745;0:51.066;228.8;James EGOZI;;R;;Palou Motorsport;;GF;33.265;37.745;51.066;
48;1;5;2:01.924;0;;33.319;0;37.765;0;50.840;0;172.5;10:18.489;12:44:23.090;0:33.319;0:37.765;0:50.840;227.4;James EGOZI;;R;;Palou Motorsport;;GF;33.319;37.765;50.840;
48;1;6;2:01.577;2;;33.174;2;37.717;0;50.686;2;173.0;12:20.066;12:46:24.667;0:33.174;0:37.717;0:50.686;230.3;James EGOZI;;R;;Palou Motorsport;;GF;33.174;37.717;50.686;
48;1;7;2:01.897;0;;33.234;0;37.751;0;50.912;0;172.5;14:21.963;12:48:26.564;0:33.234;0:37.751;0:50.912;229.8;James EGOZI;;R;;Palou Motorsport;;GF;33.234;37.751;50.912;
48;1;8;2:02.158;0;;33.421;0;37.954;0;50.783;0;172.2;16:24.121;12:50:28.722;0:33.421;0:37.954;0:50.783;227.8;James EGOZI;;R;;Palou Motorsport;;GF;33.421;37.954;50.783;
48;1;9;2:02.077;0;;33.366;0;37.858;0;50.853;0;172.3;18:26.198;12:52:30.799;0:33.366;0:37.858;0:50.853;228.8;James EGOZI;;R;;Palou Motorsport;;GF;33.366;37.858;50.853;
48;1;10;2:02.035;0;;33.406;0;37.803;0;50.826;0;172.3;20:28.233;12:54:32.834;0:33.406;0:37.803;0:50.826;229.3;James EGOZI;;R;;Palou Motorsport;;GF;33.406;37.803;50.826;
48;1;11;2:02.144;0;;33.408;0;37.753;0;50.983;0;172.2;22:30.377;12:56:34.978;0:33.408;0:37.753;0:50.983;228.8;James EGOZI;;R;;Palou Motorsport;;GF;33.408;37.753;50.983;
48;1;12;2:02.063;0;;33.367;0;37.559;2;51.137;0;172.3;24:32.440;12:58:37.041;0:33.367;0:37.559;0:51.137;229.3;James EGOZI;;R;;Palou Motorsport;;GF;33.367;37.559;51.137;
48;1;13;2:02.696;0;;33.569;0;37.904;0;51.223;0;171.4;26:35.136;13:00:39.737;0:33.569;0:37.904;0:51.223;230.3;James EGOZI;;R;;Palou Motorsport;;GF;33.569;37.904;51.223;
48;1;14;2:02.352;0;;33.527;0;37.866;0;50.959;0;171.9;28:37.488;13:02:42.089;0:33.527;0:37.866;0:50.959;230.8;James EGOZI;;R;;Palou Motorsport;;GF;33.527;37.866;50.959;
48;1;15;2:01.961;0;;33.486;0;37.715;0;50.760;0;172.4;30:39.449;13:04:44.050;0:33.486;0:37.715;0:50.760;228.3;James EGOZI;;R;;Palou Motorsport;;GF;33.486;37.715;50.760;
48;1;16;2:02.064;0;;33.511;0;37.790;0;50.763;0;172.3;32:41.513;13:06:46.114;0:33.511;0:37.790;0:50.763;228.3;James EGOZI;;R;;Palou Motorsport;;FF;33.511;37.790;50.763;
5;1;1;2:13.299;0;;41.883;0;38.837;0;52.579;0;157.8;2:13.299;12:36:17.900;0:41.883;0:38.837;0:52.579;;Luciano MORANO;;;;Palou Motorsport;;GF;41.883;38.837;52.579;
5;1;2;2:04.686;0;;34.641;0;38.662;0;51.383;0;168.7;4:17.985;12:38:22.586;0:34.641;0:38.662;0:51.383;228.3;Luciano MORANO;;;;Palou Motorsport;;GF;34.641;38.662;51.383;
5;1;3;2:03.061;0;;33.657;0;38.028;0;51.376;0;170.9;6:21.046;12:40:25.647;0:33.657;0:38.028;0:51.376;227.8;Luciano MORANO;;;;Palou Motorsport;;GF;33.657;38.028;51.376;
5;1;4;2:02.846;0;;33.609;0;38.049;0;51.188;0;171.2;8:23.892;12:42:28.493;0:33.609;0:38.049;0:51.188;230.3;Luciano MORANO;;;;Palou Motorsport;;GF;33.609;38.049;51.188;
5;1;5;2:02.618;0;;33.427;0;38.004;0;51.187;0;171.5;10:26.510;12:44:31.111;0:33.427;0:38.004;0:51.187;228.8;Luciano MORANO;;;;Palou Motorsport;;GF;33.427;38.004;51.187;
5;1;6;2:02.350;2;;33.363;2;37.925;2;51.062;0;171.9;12:28.860;12:46:33.461;0:33.363;0:37.925;0:51.062;229.8;Luciano MORANO;;;;Palou Motorsport;;GF;33.363;37.925;51.062;
5;1;7;2:02.466;0;;33.427;0;38.022;0;51.017;2;171.7;14:31.326;12:48:35.927;0:33.427;0:38.022;0:51.017;229.8;Luciano MORANO;;;;Palou Motorsport;;GF;33.427;38.022;51.017;
5;1;8;2:02.702;0;;33.550;0;38.104;0;51.048;0;171.4;16:34.028;12:50:38.629;0:33.550;0:38.104;0:51.048;228.3;Luciano MORANO;;;;Palou Motorsport;;GF;33.550;38.104;51.048;
5;1;9;2:03.113;0;;33.529;0;38.085;0;51.499;0;170.8;18:37.141;12:52:41.742;0:33.529;0:38.085;0:51.499;229.8;Luciano MORANO;;;;Palou Motorsport;;GF;33.529;38.085;51.499;
5;1;10;2:04.381;0;;34.922;0;38.244;0;51.215;0;169.1;20:41.522;12:54:46.123;0:34.922;0:38.244;0:51.215;233.3;Luciano MORANO;;;;Palou Motorsport;;GF;34.922;38.244;51.215;
5;1;11;2:02.983;0;;33.628;0;38.021;0;51.334;0;171.0;22:44.505;12:56:49.106;0:33.628;0:38.021;0:51.334;229.3;Luciano MORANO;;;;Palou Motorsport;;GF;33.628;38.021;51.334;
5;1;12;2:03.683;0;;33.670;0;38.454;0;51.559;0;170.0;24:48.188;12:58:52.789;0:33.670;0:38.454;0:51.559;231.3;Luciano MORANO;;;;Palou Motorsport;;GF;33.670;38.454;51.559;
5;1;13;2:02.959;0;;33.696;0;37.950;0;51.313;0;171.0;26:51.147;13:00:55.748;0:33.696;0:37.950;0:51.313;230.3;Luciano MORANO;;;;Palou Motorsport;;GF;33.696;37.950;51.313;
5;1;14;2:03.248;0;;33.374;0;38.263;0;51.611;0;170.6;28:54.395;13:02:58.996;0:33.374;0:38.263;0:51.611;231.8;Luciano MORANO;;;;Palou Motorsport;;GF;33.374;38.263;51.611;
5;1;15;2:03.133;0;;33.827;0;38.102;0;51.204;0;170.8;30:57.528;13:05:02.129;0:33.827;0:38.102;0:51.204;226.9;Luciano MORANO;;;;Palou Motorsport;;GF;33.827;38.102;51.204;
5;1;16;2:03.037;0;;33.749;0;38.008;0;51.280;0;170.9;33:00.565;13:07:05.166;0:33.749;0:38.008;0:51.280;226.9;Luciano MORANO;;;;Palou Motorsport;;FF;33.749;38.008;51.280;
55;1;1;2:05.611;0;;37.146;0;37.660;0;50.805;0;167.4;2:05.611;12:36:10.212;0:37.146;0:37.660;0:50.805;;Valerio RINICELLA;;;;MP Motorsport;;GF;37.146;37.660;50.805;
55;1;2;2:02.074;0;;33.484;0;37.933;0;50.657;0;172.3;4:07.685;12:38:12.286;0:33.484;0:37.933;0:50.657;227.4;Valerio RINICELLA;;;;MP Motorsport;;GF;33.484;37.933;50.657;
55;1;3;2:01.726;0;;33.331;0;37.775;0;50.620;0;172.8;6:09.411;12:40:14.012;0:33.331;0:37.775;0:50.620;227.4;Valerio RINICELLA;;;;MP Motorsport;;GF;33.331;37.775;50.620;
55;1;4;2:01.556;0;;33.178;0;37.671;0;50.707;0;173.0;8:10.967;12:42:15.568;0:33.178;0:37.671;0:50.707;228.8;Valerio RINICELLA;;;;MP Motorsport;;GF;33.178;37.671;50.707;
55;1;5;2:01.423;0;;33.182;0;37.682;0;50.559;0;173.2;10:12.390;12:44:16.991;0:33.182;0:37.682;0:50.559;226.9;Valerio RINICELLA;;;;MP Motorsport;;GF;33.182;37.682;50.559;
55;1;6;2:01.427;0;;33.133;0;37.635;0;50.659;0;173.2;12:13.817;12:46:18.418;0:33.133;0:37.635;0:50.659;229.3;Valerio RINICELLA;;;;MP Motorsport;;GF;33.133;37.635;50.659;
55;1;7;2:01.267;2;;33.131;2;37.538;2;50.598;0;173.4;14:15.084;12:48:19.685;0:33.131;0:37.538;0:50.598;227.8;Valerio RINICELLA;;;;MP Motorsport;;GF;33.131;37.538;50.598;
55;1;8;2:01.498;0;;33.278;0;37.712;0;50.508;2;173.1;16:16.582;12:50:21.183;0:33.278;0:37.712;0:50.508;226.9;Valerio RINICELLA;;;;MP Motorsport;;GF;33.278;37.712;50.508;
55;1;9;2:01.591;0;;33.177;0;37.804;0;50.610;0;173.0;18:18.173;12:52:22.774;0:33.177;0:37.804;0:50.610;227.4;Valerio RINICELLA;;;;MP Motorsport;;GF;33.177;37.804;50.610;
55;1;10;2:01.661;0;;33.329;0;37.810;0;50.522;0;172.9;20:19.834;12:54:24.435;0:33.329;0:37.810;0:50.522;228.8;Valerio RINICELLA;;;;MP Motorsport;;GF;33.329;37.810;50.522;
55;1;11;2:01.671;0;;33.309;0;37.760;0;50.602;0;172.9;22:21.505;12:56:26.106;0:33.309;0:37.760;0:50.602;227.4;Valerio RINICELLA;;;;MP Motorsport;;GF;33.309;37.760;50.602;
55;1;12;2:01.816;0;;33.236;0;37.853;0;50.727;0;172.6;24:23.321;12:58:27.922;0:33.236;0:37.853;0:50.727;227.8;Valerio RINICELLA;;;;MP Motorsport;;GF;33.236;37.853;50.727;
55;1;13;2:02.069;0;;33.295;0;37.773;0;51.001;0;172.3;26:25.390;13:00:29.991;0:33.295;0:37.773;0:51.001;228.3;Valerio RINICELLA;;;;MP Motorsport;;GF;33.295;37.773;51.001;
55;1;14;2:02.101;0;;33.334;0;37.930;0;50.837;0;172.2;28:27.491;13:02:32.092;0:33.334;0:37.930;0:50.837;228.8;Valerio RINICELLA;;;;MP Motorsport;;GF;33.334;37.930;50.837;
55;1;15;2:01.969;0;;33.304;0;37.876;0;50.789;0;172.4;30:29.460;13:04:34.061;0:33.304;0:37.876;0:50.789;228.8;Valerio RINICELLA;;;;MP Motorsport;;GF;33.304;37.876;50.789;
55;1;16;2:03.125;0;;33.596;0;38.171;0;51.358;0;170.8;32:32.585;13:06:37.186;0:33.596;0:38.171;0:51.358;227.8;Valerio RINICELLA;;;;MP Motorsport;;FF;33.596;38.171;51.358;
6;1;1;2:14.498;0;;42.855;0;39.327;0;52.316;0;156.4;2:14.498;12:36:19.099;0:42.855;0:39.327;0:52.316;;Zack SCOULAR;;R;;Palou Motorsport;;GF;42.855;39.327;52.316;
6;1;2;2:04.661;0;;34.552;0;38.338;0;51.771;0;168.7;4:19.159;12:38:23.760;0:34.552;0:38.338;0:51.771;230.8;Zack SCOULAR;;R;;Palou Motorsport;;GF;34.552;38.338;51.771;
6;1;3;2:04.138;0;;34.202;0;38.368;0;51.568;0;169.4;6:23.297;12:40:27.898;0:34.202;0:38.368;0:51.568;228.3;Zack SCOULAR;;R;;Palou Motorsport;;GF;34.202;38.368;51.568;
6;1;4;2:03.959;0;;33.598;2;38.186;2;52.175;0;169.7;8:27.256;12:42:31.857;0:33.598;0:38.186;0:52.175;227.8;Zack SCOULAR;;R;;Palou Motorsport;;GF;33.598;38.186;52.175;
6;1;5;2:05.684;0;;35.376;0;38.550;0;51.758;0;167.3;10:32.940;12:44:37.541;0:35.376;0:38.550;0:51.758;226.9;Zack SCOULAR;;R;;Palou Motorsport;;GF;35.376;38.550;51.758;
6;1;6;2:04.028;0;;33.866;0;38.276;0;51.886;0;169.6;12:36.968;12:46:41.569;0:33.866;0:38.276;0:51.886;229.3;Zack SCOULAR;;R;;Palou Motorsport;;GF;33.866;38.276;51.886;
6;1;7;2:04.134;0;;34.006;0;38.680;0;51.448;0;169.4;14:41.102;12:48:45.703;0:34.006;0:38.680;0:51.448;230.8;Zack SCOULAR;;R;;Palou Motorsport;;GF;34.006;38.680;51.448;
6;1;8;2:03.653;0;;33.998;0;38.288;0;51.367;2;170.1;16:44.755;12:50:49.356;0:33.998;0:38.288;0:51.367;229.8;Zack SCOULAR;;R;;Palou Motorsport;;GF;33.998;38.288;51.367;
6;1;9;2:03.605;2;;33.886;0;38.274;0;51.445;0;170.1;18:48.360;12:52:52.961;0:33.886;0:38.274;0:51.445;228.8;Zack SCOULAR;;R;;Palou Motorsport;;GF;33.886;38.274;51.445;
6;1;10;2:03.707;0;;33.721;0;38.318;0;51.668;0;170.0;20:52.067;12:54:56.668;0:33.721;0:38.318;0:51.668;228.3;Zack SCOULAR;;R;;Palou Motorsport;;GF;33.721;38.318;51.668;
6;1;11;2:03.976;0;;34.096;0;38.377;0;51.503;0;169.6;22:56.043;12:57:00.644;0:34.096;0:38.377;0:51.503;226.9;Zack SCOULAR;;R;;Palou Motorsport;;GF;34.096;38.377;51.503;
6;1;12;2:17.572;0;;33.934;0;38.325;0;1:05.313;0;152.9;25:13.615;12:59:18.216;0:33.934;0:38.325;1:05.313;228.3;Zack SCOULAR;;R;;Palou Motorsport;;GF;33.934;38.325;65.313;
6;1;13;2:04.109;0;;34.092;0;38.401;0;51.616;0;169.5;27:17.724;13:01:22.325;0:34.092;0:38.401;0:51.616;226.4;Zack SCOULAR;;R;;Palou Motorsport;;GF;34.092;38.401;51.616;
6;1;14;2:04.314;0;;34.089;0;38.392;0;51.833;0;169.2;29:22.038;13:03:26.639;0:34.089;0:38.392;0:51.833;226.9;Zack SCOULAR;;R;;Palou Motorsport;;GF;34.089;38.392;51.833;
6;1;15;2:04.137;0;;34.123;0;38.453;0;51.561;0;169.4;31:26.175;13:05:30.776;0:34.123;0:38.453;0:51.561;225.9;Zack SCOULAR;;R;;Palou Motorsport;;GF;34.123;38.453;51.561;
6;1;16;2:03.979;0;;33.988;0;38.475;0;51.516;0;169.6;33:30.154;13:07:34.755;0:33.988;0:38.475;0:51.516;225.9;Zack SCOULAR;;R;;Palou Motorsport;;FF;33.988;38.475;51.516;
7;1;1;2:08.294;0;;38.930;0;38.323;0;51.041;0;163.9;2:08.294;12:36:12.895;0:38.930;0:38.323;0:51.041;;Maciej GLADYSZ;;R;;MP Motorsport;;GF;38.930;38.323;51.041;
7;1;2;2:02.086;0;;33.557;0;37.654;0;50.875;0;172.3;4:10.380;12:38:14.981;0:33.557;0:37.654;0:50.875;227.4;Maciej GLADYSZ;;R;;MP Motorsport;;GF;33.557;37.654;50.875;
7;1;3;2:02.232;0;;33.527;0;37.742;0;50.963;0;172.1;6:12.612;12:40:17.213;0:33.527;0:37.742;0:50.963;227.8;Maciej GLADYSZ;;R;;MP Motorsport;;GF;33.527;37.742;50.963;
7;1;4;2:01.846;2;;33.328;0;37.516;2;51.002;0;172.6;8:14.458;12:42:19.059;0:33.328;0:37.516;0:51.002;229.3;Maciej GLADYSZ;;R;;MP Motorsport;;GF;33.328;37.516;51.002;
7;1;5;2:02.129;0;;33.526;0;37.752;0;50.851;0;172.2;10:16.587;12:44:21.188;0:33.526;0:37.752;0:50.851;229.8;Maciej GLADYSZ;;R;;MP Motorsport;;GF;33.526;37.752;50.851;
7;1;6;2:02.004;0;;33.406;0;37.904;0;50.694;0;172.4;12:18.591;12:46:23.192;0:33.406;0:37.904;0:50.694;230.3;Maciej GLADYSZ;;R;;MP Motorsport;;GF;33.406;37.904;50.694;
7;1;7;2:01.917;0;;33.241;2;38.045;0;50.631;2;172.5;14:20.508;12:48:25.109;0:33.241;0:38.045;0:50.631;229.3;Maciej GLADYSZ;;R;;MP Motorsport;;GF;33.241;38.045;50.631;
7;1;8;2:02.509;0;;33.396;0;38.315;0;50.798;0;171.7;16:23.017;12:50:27.618;0:33.396;0:38.315;0:50.798;227.4;Maciej GLADYSZ;;R;;MP Motorsport;;GF;33.396;38.315;50.798;
7;1;9;2:02.019;0;;33.399;0;37.857;0;50.763;0;172.4;18:25.036;12:52:29.637;0:33.399;0:37.857;0:50.763;228.8;Maciej GLADYSZ;;R;;MP Motorsport;;GF;33.399;37.857;50.763;
7;1;10;2:02.179;0;;33.280;0;37.874;0;51.025;0;172.1;20:27.215;12:54:31.816;0:33.280;0:37.874;0:51.025;228.8;Maciej GLADYSZ;;R;;MP Motorsport;;GF;33.280;37.874;51.025;
7;1;11;2:02.320;0;;33.539;0;37.886;0;50.895;0;171.9;22:29.535;12:56:34.136;0:33.539;0:37.886;0:50.895;228.3;Maciej GLADYSZ;;R;;MP Motorsport;;GF;33.539;37.886;50.895;
7;1;12;2:02.324;0;;33.548;0;37.859;0;50.917;0;171.9;24:31.859;12:58:36.460;0:33.548;0:37.859;0:50.917;229.8;Maciej GLADYSZ;;R;;MP Motorsport;;GF;33.548;37.859;50.917;
7;1;13;2:02.399;0;;33.494;0;37.903;0;51.002;0;171.8;26:34.258;13:00:38.859;0:33.494;0:37.903;0:51.002;228.8;Maciej GLADYSZ;;R;;MP Motorsport;;GF;33.494;37.903;51.002;
7;1;14;2:02.125;0;;33.470;0;37.904;0;50.751;0;172.2;28:36.383;13:02:40.984;0:33.470;0:37.904;0:50.751;229.8;Maciej GLADYSZ;;R;;MP Motorsport;;GF;33.470;37.904;50.751;
7;1;15;2:02.018;0;;33.390;0;37.979;0;50.649;0;172.4;30:38.401;13:04:43.002;0:33.390;0:37.979;0:50.649;229.3;Maciej GLADYSZ;;R;;MP Motorsport;;GF;33.390;37.979;50.649;
7;1;16;2:02.336;0;;33.589;0;37.835;0;50.912;0;171.9;32:40.737;13:06:45.338;0:33.589;0:37.835;0:50.912;228.3;Maciej GLADYSZ;;R;;MP Motorsport;;FF;33.589;37.835;50.912;
71;1;1;2:07.187;0;;38.335;0;37.884;0;50.968;0;165.4;2:07.187;12:36:11.788;0:38.335;0:37.884;0:50.968;;Mattia COLNAGHI;;R;;MP Motorsport;;GF;38.335;37.884;50.968;
71;1;2;2:02.100;0;;33.516;0;37.719;0;50.865;0;172.2;4:09.287;12:38:13.888;0:33.516;0:37.719;0:50.865;227.4;Mattia COLNAGHI;;R;;MP Motorsport;;GF;33.516;37.719;50.865;
71;1;3;2:02.065;0;;33.450;0;37.616;2;50.999;0;172.3;6:11.352;12:40:15.953;0:33.450;0:37.616;0:50.999;227.4;Mattia COLNAGHI;;R;;MP Motorsport;;GF;33.450;37.616;50.999;
71;1;4;2:02.616;0;;33.474;0;38.067;0;51.075;0;171.5;8:13.968;12:42:18.569;0:33.474;0:38.067;0:51.075;229.3;Mattia COLNAGHI;;R;;MP Motorsport;;GF;33.474;38.067;51.075;
71;1;5;2:02.082;0;;33.458;0;37.739;0;50.885;0;172.3;10:16.050;12:44:20.651;0:33.458;0:37.739;0:50.885;230.8;Mattia COLNAGHI;;R;;MP Motorsport;;GF;33.458;37.739;50.885;
71;1;6;2:01.722;2;;33.286;0;37.776;0;50.660;2;172.8;12:17.772;12:46:22.373;0:33.286;0:37.776;0:50.660;228.8;Mattia COLNAGHI;;R;;MP Motorsport;;GF;33.286;37.776;50.660;
71;1;7;2:01.841;0;;33.217;2;37.870;0;50.754;0;172.6;14:19.613;12:48:24.214;0:33.217;0:37.870;0:50.754;228.3;Mattia COLNAGHI;;R;;MP Motorsport;;GF;33.217;37.870;50.754;
71;1;8;2:02.092;0;;33.418;0;37.886;0;50.788;0;172.3;16:21.705;12:50:26.306;0:33.418;0:37.886;0:50.788;226.4;Mattia COLNAGHI;;R;;MP Motorsport;;GF;33.418;37.886;50.788;
71;1;9;2:01.812;0;;33.363;0;37.715;0;50.734;0;172.7;18:23.517;12:52:28.118;0:33.363;0:37.715;0:50.734;227.4;Mattia COLNAGHI;;R;;MP Motorsport;;GF;33.363;37.715;50.734;
71;1;10;2:02.945;0;;33.271;0;38.372;0;51.302;0;171.1;20:26.462;12:54:31.063;0:33.271;0:38.372;0:51.302;225.9;Mattia COLNAGHI;;R;;MP Motorsport;;GF;33.271;38.372;51.302;
71;1;11;2:02.276;0;;33.429;0;37.836;0;51.011;0;172.0;22:28.738;12:56:33.339;0:33.429;0:37.836;0:51.011;228.3;Mattia COLNAGHI;;R;;MP Motorsport;;GF;33.429;37.836;51.011;
71;1;12;2:02.422;0;;33.488;0;37.899;0;51.035;0;171.8;24:31.160;12:58:35.761;0:33.488;0:37.899;0:51.035;227.8;Mattia COLNAGHI;;R;;MP Motorsport;;GF;33.488;37.899;51.035;
71;1;13;2:02.308;0;;33.515;0;37.919;0;50.874;0;172.0;26:33.468;13:00:38.069;0:33.515;0:37.919;0:50.874;228.3;Mattia COLNAGHI;;R;;MP Motorsport;;GF;33.515;37.919;50.874;
71;1;14;2:02.092;0;;33.339;0;37.908;0;50.845;0;172.3;28:35.560;13:02:40.161;0:33.339;0:37.908;0:50.845;228.3;Mattia COLNAGHI;;R;;MP Motorsport;;GF;33.339;37.908;50.845;
71;1;15;2:02.186;0;;33.515;0;37.949;0;50.722;0;172.1;30:37.746;13:04:42.347;0:33.515;0:37.949;0:50.722;225.9;Mattia COLNAGHI;;R;;MP Motorsport;;GF;33.515;37.949;50.722;
71;1;16;2:02.561;0;;33.724;0;37.784;0;51.053;0;171.6;32:40.307;13:06:44.908;0:33.724;0:37.784;0:51.053;226.4;Mattia COLNAGHI;;R;;MP Motorsport;;FF;33.724;37.784;51.053;
77;1;1;2:10.493;0;;40.499;0;38.515;0;51.479;0;161.2;2:10.493;12:36:15.094;0:40.499;0:38.515;0:51.479;;Emerson FITTIPALDI;;;;MP Motorsport;;GF;40.499;38.515;51.479;
77;1;2;2:02.266;0;;33.712;0;37.786;0;50.768;0;172.0;4:12.759;12:38:17.360;0:33.712;0:37.786;0:50.768;228.3;Emerson FITTIPALDI;;;;MP Motorsport;;GF;33.712;37.786;50.768;
77;1;3;2:02.311;0;;33.528;0;37.893;0;50.890;0;171.9;6:15.070;12:40:19.671;0:33.528;0:37.893;0:50.890;229.8;Emerson FITTIPALDI;;;;MP Motorsport;;GF;33.528;37.893;50.890;
77;1;4;2:02.173;0;;33.447;0;37.704;0;51.022;0;172.1;8:17.243;12:42:21.844;0:33.447;0:37.704;0:51.022;230.3;Emerson FITTIPALDI;;;;MP Motorsport;;GF;33.447;37.704;51.022;
77;1;5;2:01.969;0;;33.498;0;37.742;0;50.729;0;172.4;10:19.212;12:44:23.813;0:33.498;0:37.742;0:50.729;228.8;Emerson FITTIPALDI;;;;MP Motorsport;;GF;33.498;37.742;50.729;
77;1;6;2:01.656;2;;33.336;0;37.719;0;50.601;2;172.9;12:20.868;12:46:25.469;0:33.336;0:37.719;0:50.601;230.3;Emerson FITTIPALDI;;;;MP Motorsport;;GF;33.336;37.719;50.601;
77;1;7;2:02.008;0;;33.248;2;37.841;0;50.919;0;172.4;14:22.876;12:48:27.477;0:33.248;0:37.841;0:50.919;232.3;Emerson FITTIPALDI;;;;MP Motorsport;;GF;33.248;37.841;50.919;
77;1;8;2:02.312;0;;33.555;0;37.896;0;50.861;0;171.9;16:25.188;12:50:29.789;0:33.555;0:37.896;0:50.861;227.8;Emerson FITTIPALDI;;;;MP Motorsport;;GF;33.555;37.896;50.861;
77;1;9;2:02.012;0;;33.401;0;37.746;0;50.865;0;172.4;18:27.200;12:52:31.801;0:33.401;0:37.746;0:50.865;230.3;Emerson FITTIPALDI;;;;MP Motorsport;;GF;33.401;37.746;50.865;
77;1;10;2:02.109;0;;33.464;0;37.816;0;50.829;0;172.2;20:29.309;12:54:33.910;0:33.464;0:37.816;0:50.829;229.3;Emerson FITTIPALDI;;;;MP Motorsport;;GF;33.464;37.816;50.829;
77;1;11;2:02.083;0;;33.466;0;37.701;2;50.916;0;172.3;22:31.392;12:56:35.993;0:33.466;0:37.701;0:50.916;227.8;Emerson FITTIPALDI;;;;MP Motorsport;;GF;33.466;37.701;50.916;
77;1;12;2:02.457;0;;33.489;0;38.005;0;50.963;0;171.7;24:33.849;12:58:38.450;0:33.489;0:38.005;0:50.963;229.3;Emerson FITTIPALDI;;;;MP Motorsport;;GF;33.489;38.005;50.963;
77;1;13;2:02.489;0;;33.572;0;38.001;0;50.916;0;171.7;26:36.338;13:00:40.939;0:33.572;0:38.001;0:50.916;229.3;Emerson FITTIPALDI;;;;MP Motorsport;;GF;33.572;38.001;50.916;
77;1;14;2:01.947;0;;33.464;0;37.736;0;50.747;0;172.5;28:38.285;13:02:42.886;0:33.464;0:37.736;0:50.747;229.8;Emerson FITTIPALDI;;;;MP Motorsport;;GF;33.464;37.736;50.747;
77;1;15;2:02.082;0;;33.556;0;37.727;0;50.799;0;172.3;30:40.367;13:04:44.968;0:33.556;0:37.727;0:50.799;229.8;Emerson FITTIPALDI;;;;MP Motorsport;;GF;33.556;37.727;50.799;
77;1;16;2:02.247;0;;33.603;0;37.815;0;50.829;0;172.0;32:42.614;13:06:47.215;0:33.603;0:37.815;0:50.829;228.3;Emerson FITTIPALDI;;;;MP Motorsport;;FF;33.603;37.815;50.829;
8;1;1;2:13.510;0;;39.914;0;38.444;0;55.152;0;157.5;2:13.510;12:36:18.111;0:39.914;0:38.444;0:55.152;;Enzo TARNVANICHKUL;;R;;Campos Racing;;GF;39.914;38.444;55.152;
8;1;2;2:02.713;0;;34.381;0;37.631;0;50.701;0;171.4;4:16.223;12:38:20.824;0:34.381;0:37.631;0:50.701;233.3;Enzo TARNVANICHKUL;;R;;Campos Racing;;GF;34.381;37.631;50.701;
8;1;3;2:01.541;0;;33.301;0;37.608;0;50.632;0;173.0;6:17.764;12:40:22.365;0:33.301;0:37.608;0:50.632;230.8;Enzo TARNVANICHKUL;;R;;Campos Racing;;GF;33.301;37.608;50.632;
8;1;4;2:01.518;0;;33.207;0;37.604;0;50.707;0;173.1;8:19.282;12:42:23.883;0:33.207;0:37.604;0:50.707;232.3;Enzo TARNVANICHKUL;;R;;Campos Racing;;GF;33.207;37.604;50.707;
8;1;5;2:14.780;0;;33.437;0;37.502;2;1:03.841;0;156.0;10:34.062;12:44:38.663;0:33.437;0:37.502;1:03.841;228.8;Enzo TARNVANICHKUL;;R;;Campos Racing;;GF;33.437;37.502;63.841;
8;1;6;2:02.220;0;;33.546;0;37.833;0;50.841;0;172.1;12:36.282;12:46:40.883;0:33.546;0:37.833;0:50.841;231.8;Enzo TARNVANICHKUL;;R;;Campos Racing;;GF;33.546;37.833;50.841;
8;1;7;2:01.964;0;;33.342;0;38.062;0;50.560;0;172.4;14:38.246;12:48:42.847;0:33.342;0:38.062;0:50.560;235.3;Enzo TARNVANICHKUL;;R;;Campos Racing;;GF;33.342;38.062;50.560;
8;1;8;2:01.596;0;;33.248;0;37.778;0;50.570;0;173.0;16:39.842;12:50:44.443;0:33.248;0:37.778;0:50.570;226.9;Enzo TARNVANICHKUL;;R;;Campos Racing;;GF;33.248;37.778;50.570;
8;1;9;2:01.403;2;;33.202;0;37.671;0;50.530;0;173.2;18:41.245;12:52:45.846;0:33.202;0:37.671;0:50.530;227.4;Enzo TARNVANICHKUL;;R;;Campos Racing;;GF;33.202;37.671;50.530;
8;1;10;2:01.732;0;;33.158;0;37.509;0;51.065;0;172.8;20:42.977;12:54:47.578;0:33.158;0:37.509;0:51.065;228.8;Enzo TARNVANICHKUL;;R;;Campos Racing;;GF;33.158;37.509;51.065;
8;1;11;2:01.904;0;;33.225;0;37.642;0;51.037;0;172.5;22:44.881;12:56:49.482;0:33.225;0:37.642;0:51.037;228.3;Enzo TARNVANICHKUL;;R;;Campos Racing;;GF;33.225;37.642;51.037;
8;1;12;2:02.553;0;;33.687;0;37.849;0;51.017;0;171.6;24:47.434;12:58:52.035;0:33.687;0:37.849;0:51.017;232.8;Enzo TARNVANICHKUL;;R;;Campos Racing;;GF;33.687;37.849;51.017;
8;1;13;2:01.896;0;;33.531;0;37.587;0;50.778;0;172.5;26:49.330;13:00:53.931;0:33.531;0:37.587;0:50.778;234.8;Enzo TARNVANICHKUL;;R;;Campos Racing;;GF;33.531;37.587;50.778;
8;1;14;2:01.527;0;;33.055;2;37.703;0;50.769;0;173.1;28:50.857;13:02:55.458;0:33.055;0:37.703;0:50.769;229.3;Enzo TARNVANICHKUL;;R;;Campos Racing;;GF;33.055;37.703;50.769;
8;1;15;2:01.598;0;;33.399;0;37.676;0;50.523;2;173.0;30:52.455;13:04:57.056;0:33.399;0:37.676;0:50.523;228.8;Enzo TARNVANICHKUL;;R;;Campos Racing;;GF;33.399;37.676;50.523;
8;1;16;2:01.763;0;;33.344;0;37.553;0;50.866;0;172.7;32:54.218;13:06:58.819;0:33.344;0:37.553;0:50.866;228.8;Enzo TARNVANICHKUL;;R;;Campos Racing;;FF;33.344;37.553;50.866;
83;1;1;2:21.301;0;;39.284;0;38.424;0;1:03.593;0;148.8;2:21.301;12:36:25.902;0:39.284;0:38.424;1:03.593;;Jules CARANTA;;R;;Campos Racing;;GF;39.284;38.424;63.593;
83;1;2;2:02.939;0;;33.718;0;38.199;0;51.022;0;171.1;4:24.240;12:38:28.841;0:33.718;0:38.199;0:51.022;225.5;Jules CARANTA;;R;;Campos Racing;;GF;33.718;38.199;51.022;
83;1;3;2:02.890;0;;33.691;0;37.919;0;51.280;0;171.1;6:27.130;12:40:31.731;0:33.691;0:37.919;0:51.280;225.9;Jules CARANTA;;R;;Campos Racing;;GF;33.691;37.919;51.280;
83;1;4;2:02.597;2;;33.773;0;37.800;2;51.024;0;171.5;8:29.727;12:42:34.328;0:33.773;0:37.800;0:51.024;230.3;Jules CARANTA;;R;;Campos Racing;;GF;33.773;37.800;51.024;
83;1;5;2:03.838;0;;34.387;0;38.090;0;51.361;0;169.8;10:33.565;12:44:38.166;0:34.387;0:38.090;0:51.361;227.8;Jules CARANTA;;R;;Campos Racing;;GF;34.387;38.090;51.361;
83;1;6;2:03.759;0;;34.164;0;38.176;0;51.419;0;169.9;12:37.324;12:46:41.925;0:34.164;0:38.176;0:51.419;226.9;Jules CARANTA;;R;;Campos Racing;;GF;34.164;38.176;51.419;
83;1;7;2:03.316;0;;34.079;0;37.822;0;51.415;0;170.5;14:40.640;12:48:45.241;0:34.079;0:37.822;0:51.415;229.8;Jules CARANTA;;R;;Campos Racing;;GF;34.079;37.822;51.415;
83;1;8;2:03.226;0;;33.870;0;37.991;0;51.365;0;170.7;16:43.866;12:50:48.467;0:33.870;0:37.991;0:51.365;227.8;Jules CARANTA;;R;;Campos Racing;;GF;33.870;37.991;51.365;
83;1;9;2:03.383;0;;33.849;0;38.044;0;51.490;0;170.5;18:47.249;12:52:51.850;0:33.849;0:38.044;0:51.490;228.3;Jules CARANTA;;R;;Campos Racing;;GF;33.849;38.044;51.490;
83;1;10;2:02.801;0;;33.703;0;38.098;0;51.000;2;171.3;20:50.050;12:54:54.651;0:33.703;0:38.098;0:51.000;227.8;Jules CARANTA;;R;;Campos Racing;;GF;33.703;38.098;51.000;
83;1;11;2:03.025;0;;33.734;0;38.048;0;51.243;0;171.0;22:53.075;12:56:57.676;0:33.734;0:38.048;0:51.243;223.1;Jules CARANTA;;R;;Campos Racing;;GF;33.734;38.048;51.243;
83;1;12;2:03.365;0;;33.644;2;38.203;0;51.518;0;170.5;24:56.440;12:59:01.041;0:33.644;0:38.203;0:51.518;226.4;Jules CARANTA;;R;;Campos Racing;;GF;33.644;38.203;51.518;
83;1;13;2:03.451;0;;33.737;0;38.265;0;51.449;0;170.4;26:59.891;13:01:04.492;0:33.737;0:38.265;0:51.449;226.9;Jules CARANTA;;R;;Campos Racing;;GF;33.737;38.265;51.449;
83;1;14;2:03.377;0;;33.752;0;38.243;0;51.382;0;170.5;29:03.268;13:03:07.869;0:33.752;0:38.243;0:51.382;226.9;Jules CARANTA;;R;;Campos Racing;;GF;33.752;38.243;51.382;
83;1;15;2:03.202;0;;33.690;0;38.241;0;51.271;0;170.7;31:06.470;13:05:11.071;0:33.690;0:38.241;0:51.271;225.0;Jules CARANTA;;R;;Campos Racing;;GF;33.690;38.241;51.271;
83;1;16;2:03.558;0;;33.900;0;38.235;0;51.423;0;170.2;33:10.028;13:07:14.629;0:33.900;0:38.235;0:51.423;224.1;Jules CARANTA;;R;;Campos Racing;;FF;33.900;38.235;51.423;
