﻿POS;NUMBER;LAP;TIME;GAP_FIRST;GAP_PREVIOUS;KPH; LAPS;TEAM;CLASS;GROUP;DIVISION;VEHICLE;TIRES;ECM Participant Id;ECM Team Id;ECM Category Id;ECM Car Id;ECM Brand Id;ECM Country Id;*Extra 7;*Extra 8;*Extra 9;Sort Key;DRIVER_FIRSTNAME;DRIVER_SECONDNAME;DRIVER_LICENSE;DRIVER_HOMETOWN;DRIVER_COUNTRY;DRIVER_SHORTNAME;DRIVER_ECM Driver Id;DRIVER_ECM Country Id;DRIVER_*Extra 3;DRIVER_*Extra 4;DRIVER_*Extra 5;
1;81;9;1:58.142;-;-;162.8;10;Campos Racing;R;;;Tatuus F4 T -421;;;;;;;;;;;;Noah;MONTEIRO;;;PRT;MOT;;;;;;
2;99;10;1:58.246;+0.104;+0.104;162.7;10;Griffin Core;;;;Tatuus F4 T -421;;;;;;;;;;;;Thomas;STRAUVEN;;;BEL;;;;;;;
3;4;9;1:58.300;+0.158;+0.054;162.6;10;MP Motorsport;R;;;Tatuus F4 T -421;;;;;;;;;;;;Ean;EYCKMANS;;;BEL;;;;;;;
4;9;10;1:58.455;+0.313;+0.155;162.4;10;MP Motorsport;;;;Tatuus F4 T -421;;;;;;;;;;;;René;LAMMERS;;;NLD;;;;;;;
5;2;10;1:58.491;+0.349;+0.036;162.4;10;Campos Racing;R;;;Tatuus F4 T -421;;;;;;;;;;;;Vivek;KANTHAN;;;USA;;;;;;;
6;23;9;1:58.633;+0.491;+0.142;162.2;10;Griffin Core;;;;Tatuus F4 T -421;;;;;;;;;;;;Jan;PRZYROWSKI;;;POL;;;;;;;
7;1;9;1:58.708;+0.566;+0.075;162.1;10;KCL MP Motorsport;;;;Tatuus F4 T -421;;;;;;;;;;;;Hudson;SCHWARTZ;;;USA;SCW;;;;;;
8;77;9;1:58.834;+0.692;+0.126;161.9;10;T-Code by Amtog;;;;Tatuus F4 T -421;;;;;;;;;;;;Andrej;PETROVIC;;;SRB;;;;;;;
9;25;10;1:58.947;+0.805;+0.113;161.7;10;Monlau Motorsport;R;;;Tatuus F4 T -421;;;;;;;;;;;;Francisco;MONARCA;;;ARG;MOR;;;;;;
10;5;10;1:58.999;+0.857;+0.052;161.7;10;Campos Racing;R;;;Tatuus F4 T -421;;;;;;;;;;;;Miguel;COSTA;;;BRA;;;;;;;
11;46;9;1:59.095;+0.953;+0.096;161.5;10;Rodin Motorsport;;;;Tatuus F4 T -421;;;;;;;;;;;;Nathan;TYE;;;GBR;;;;;;;
12;88;10;1:59.143;+1.001;+0.048;161.5;10;TC Racing;;;;Tatuus F4 T -421;;;;;;;;;;;;Santiago;BAZTARRICA;;;ARG;;;;;;;
13;6;7;1:59.146;+1.004;+0.003;161.5;10;T-Code by Amtog;R;;;Tatuus F4 T -421;;;;;;;;;;;;Sacha;VAN'T PAD BOSCH;;;NLD;;;;;;;
14;33;9;1:59.151;+1.009;+0.005;161.5;10;Drivex;R;;;Tatuus F4 T -421;;;;;;;;;;;;Christopher;EL FEGHALI;;;LBN;FEG;;;;;;
15;19;9;1:59.220;+1.078;+0.069;161.4;10;Griffin Core;;;;Tatuus F4 T -421;;;;;;;;;;;;Matus;RYBA;;;SVK;;;;;;;
16;91;9;1:59.236;+1.094;+0.016;161.3;10;Monlau Motorsport;R;;;Tatuus F4 T -421;;;;;;;;;;;;Lorenzo;CAMPOS;;;AGO;;;;;;;
17;11;7;1:59.245;+1.103;+0.009;161.3;10;KCL MP Motorsport;;;;Tatuus F4 T -421;;;;;;;;;;;;Reno;FRANCOT;;;NLD;;;;;;;
18;10;7;1:59.286;+1.144;+0.041;161.3;10;KCL MP Motorsport;R;;;Tatuus F4 T -421;;;;;;;;;;;;Niklas;SCHAUFLER;;;AUT;SCF;;;;;;
19;78;9;1:59.552;+1.410;+0.266;160.9;10;TC Racing;;;;Tatuus F4 T -421;;;;;;;;;;;;Alfio;SPINA;;;ITA;;;;;;;
20;55;10;1:59.598;+1.456;+0.046;160.9;10;Rodin Motorsport;R;;;Tatuus F4 T -421;;;;;;;;;;;;Emma;FELBERMAYR;;;AUT;;;;;;;
21;48;10;1:59.630;+1.488;+0.032;160.8;10;Drivex;;;;Tatuus F4 T -421;;;;;;;;;;;;Gino;TRAPPA;;;ARG;;;;;;;
22;80;9;1:59.670;+1.528;+0.040;160.8;10;Saintéloc Racing;;;;Tatuus F4 T -421;;;;;;;;;;;;Alex;POWELL;;;USA;;;;;;;
23;32;10;1:59.754;+1.612;+0.084;160.6;10;Tecnicar by Amtog;;;;Tatuus F4 T -421;;;;;;;;;;;;Wiktor;DOBRZANSKI;;;POL;;;;;;;
24;27;10;1:59.763;+1.621;+0.009;160.6;10;Monlau Motorsport;;;;Tatuus F4 T -421;;;;;;;;;;;;Alexander;JACOBY;;;BRA;;;;;;;
25;39;7;1:59.780;+1.638;+0.017;160.6;10;TC Racing;R;;;Tatuus F4 T -421;;;;;;;;;;;;Santino;PANETTA;;;ARG;;;;;;;
26;70;7;1:59.883;+1.741;+0.103;160.5;10;GRS Team;R;;;Tatuus F4 T -421;;;;;;;;;;;;Aleksandar;BOGUNOVIC;;;SVN;;;;;;;
27;17;9;1:59.886;+1.744;+0.003;160.5;10;Tecnicar by Amtog;R;;;Tatuus F4 T -421;;;;;;;;;;;;Nacho;TUÑON;;;ESP;TUN;;;;;;
28;37;10;1:59.934;+1.792;+0.048;160.4;10;Drivex;;;;Tatuus F4 T -421;;;;;;;;;;;;Filippo;FIORENTINO;;;BRA;;;;;;;
29;14;9;1:59.998;+1.856;+0.064;160.3;10;Saintéloc Racing;R;;;Tatuus F4 T -421;;;;;;;;;;;;Jean Paul;KARRAS;;;GRC;KAJ;;;;;;
30;15;9;2:00.072;+1.930;+0.074;160.2;10;DXR;;;;Tatuus F4 T -421;;;;;;;;;;;;Edward;ROBINSON;;;ESP;ROB;;;;;;
31;41;7;2:00.389;+2.247;+0.317;159.8;10;DXR;R;;;Tatuus F4 T -421;;;;;;;;;;;;Stepan;SUSLOV;;;SWE;;;;;;;
32;24;10;2:00.397;+2.255;+0.008;159.8;10;Rodin Motorsport;R;;;Tatuus F4 T -421;;;;;;;;;;;;Kyuho;LEE;;;KOR;;;;;;;
33;71;7;2:00.892;+2.750;+0.495;159.1;10;GRS Team;R;;;Tatuus F4 T -421;;;;;;;;;;;;Daniel;DALLAKYAN;;;ARM;DALL;;;;;;
34;8;7;2:01.373;+3.231;+0.481;158.5;9;Saintéloc Racing;R;;;Tatuus F4 T -421;;;;;;;;;;;;Philippe Armand;KARRAS;;;GRC;KAP;;;;;;
;22;0;;;;;10;MP Motorsport;;;;Tatuus F4 T -421;;;;;;;;;;;;Juan;COTA;;;ESP;;;;;;;
;57;0;;;;;10;DXR;R;;;Tatuus F4 T -421;;;;;;;;;;;;Artem;SEVERIUKHIN;;;KGZ;;;;;;;
