﻿Nr;Driver;Team;TL_Nr;Camera;Lap;Time;Total_Infractions;TL_After;TL_PREVIOUS
1;Hudson SCHWARTZ;KCL MP Motorsport;1;Turn 1;14;12:25:14.822;1;no;no
2;Vivek KANTHAN;Campos Racing;1;Turn 9;7;12:12:03.556;4;no;no
2;Vivek KANTHAN;Campos Racing;2;Turn 1;9;12:15:23.357;4;no;no
2;Vivek KANTHAN;Campos Racing;3;Turn 5;10;12:17:42.334;4;no;no
2;Vivek KANTHAN;Campos Racing;4;Turn 5;14;12:25:38.713;4;no;no
4;Ean EYCKMANS;MP Motorsport;1;Turn 1;4;12:05:21.595;2;no;no
4;Ean EYCKMANS;MP Motorsport;2;Turn 1;7;12:11:20.362;2;no;no
5;Miguel COSTA;Campos Racing;1;Turn 1;3;12:03:26.460;2;no;no
5;Miguel COSTA;Campos Racing;2;Turn 9;5;12:08:11.292;2;no;no
6;Sacha VAN'T PAD BOSCH;T-Code by Amtog;1;Turn 7;3;12:03:57.833;3;no;no
6;Sacha VAN'T PAD BOSCH;T-Code by Amtog;2;Turn 9;12;12:22:11.360;3;no;no
6;Sacha VAN'T PAD BOSCH;T-Code by Amtog;3;Turn 5;13;12:23:47.802;3;no;no
8;Philippe Armand KARRAS;Saintéloc Racing;1;Turn 9;2;12:02:14.932;4;no;no
8;Philippe Armand KARRAS;Saintéloc Racing;2;Turn 9;3;12:04:20.556;4;no;no
8;Philippe Armand KARRAS;Saintéloc Racing;3;Turn 9;4;12:06:23.217;4;no;no
8;Philippe Armand KARRAS;Saintéloc Racing;4;Turn 1;7;12:11:47.759;4;no;no
9;René LAMMERS;MP Motorsport;1;Turn 9;2;12:02:02.222;4;no;no
9;René LAMMERS;MP Motorsport;2;Turn 1;3;12:03:21.525;4;no;no
9;René LAMMERS;MP Motorsport;3;Turn 5;5;12:07:40.871;4;no;no
9;René LAMMERS;MP Motorsport;4;Turn 9;9;12:15:59.758;4;no;no
10;Niklas SCHAUFLER;KCL MP Motorsport;1;Turn 5;2;12:01:47.915;3;no;no
10;Niklas SCHAUFLER;KCL MP Motorsport;2;Turn 1;6;12:10:30.029;3;no;no
10;Niklas SCHAUFLER;KCL MP Motorsport;3;Turn 5;6;12:10:49.858;3;no;no
11;Reno FRANCOT;KCL MP Motorsport;1;Turn 1;2;12:01:23.857;5;no;no
11;Reno FRANCOT;KCL MP Motorsport;2;Turn 9;3;12:04:07.079;5;no;no
11;Reno FRANCOT;KCL MP Motorsport;3;Turn 9;4;12:06:08.869;5;no;no
11;Reno FRANCOT;KCL MP Motorsport;4;Turn 1;4;12:05:25.123;5;no;no
11;Reno FRANCOT;KCL MP Motorsport;5;Turn 5;4;12:05:46.185;5;no;no
14;Jean Paul KARRAS;Saintéloc Racing;1;Turn 1;5;12:07:43.164;2;no;no
14;Jean Paul KARRAS;Saintéloc Racing;2;Turn 9;10;12:18:36.941;2;no;no
15;Edward ROBINSON;DXR;1;Turn 9;3;12:04:20.556;3;no;no
15;Edward ROBINSON;DXR;2;Turn 1;4;12:05:38.791;3;no;no
15;Edward ROBINSON;DXR;3;Turn 9;5;12:08:26.404;3;no;no
17;Nacho TUÑON;Tecnicar by Amtog;1;Turn 5;2;12:01:47.915;8;no;no
17;Nacho TUÑON;Tecnicar by Amtog;2;Turn 7;4;12:06:07.702;8;no;no
17;Nacho TUÑON;Tecnicar by Amtog;3;Turn 5;5;12:07:58.054;8;no;no
17;Nacho TUÑON;Tecnicar by Amtog;4;Turn 9;5;12:08:22.667;8;no;no
17;Nacho TUÑON;Tecnicar by Amtog;5;Turn 9;10;12:19:18.216;8;no;no
17;Nacho TUÑON;Tecnicar by Amtog;6;Turn 7;12;12:23:04.845;8;no;no
17;Nacho TUÑON;Tecnicar by Amtog;7;Turn 7;13;12:25:04.697;8;no;no
17;Nacho TUÑON;Tecnicar by Amtog;8;Turn 9;13;12:25:16.407;8;no;no
19;Matus RYBA;Griffin Core;1;Turn 7;6;12:10:02.633;3;no;no
19;Matus RYBA;Griffin Core;2;Turn 7;7;12:12:06.622;3;no;no
19;Matus RYBA;Griffin Core;3;Turn 1;8;12:13:38.557;3;no;no
22;Juan COTA;MP Motorsport;1;Turn 9;3;12:04:16.289;5;no;no
22;Juan COTA;MP Motorsport;2;Turn 1;7;12:11:35.562;5;no;no
22;Juan COTA;MP Motorsport;3;Turn 5;9;12:15:52.592;5;no;no
22;Juan COTA;MP Motorsport;4;Turn 7;10;12:18:02.040;5;no;no
22;Juan COTA;MP Motorsport;5;Turn 5;10;12:17:51.378;5;no;no
23;Jan PRZYROWSKI;Griffin Core;1;Turn 1;3;12:03:24.058;2;no;no
23;Jan PRZYROWSKI;Griffin Core;2;Turn 1;8;12:13:19.560;2;no;no
24;Kyuho LEE;Rodin Motorsport;1;Turn 1;10;12:17:53.822;2;no;no
24;Kyuho LEE;Rodin Motorsport;2;Turn 5;12;12:22:13.842;2;no;no
25;Francisco MONARCA;Monlau Motorsport;1;Turn 1;3;12:03:26.460;3;no;no
25;Francisco MONARCA;Monlau Motorsport;2;Turn 5;11;12:19:53.331;3;no;no
25;Francisco MONARCA;Monlau Motorsport;3;Turn 7;13;12:24:01.901;3;no;no
27;Alexander JACOBY;Monlau Motorsport;1;Turn 7;4;12:06:05.899;7;no;no
27;Alexander JACOBY;Monlau Motorsport;2;Turn 5;4;12:05:55.799;7;no;no
27;Alexander JACOBY;Monlau Motorsport;3;Turn 1;5;12:07:37.030;7;no;no
27;Alexander JACOBY;Monlau Motorsport;4;Turn 9;7;12:12:18.801;7;no;no
27;Alexander JACOBY;Monlau Motorsport;5;Turn 1;8;12:13:38.557;7;no;no
27;Alexander JACOBY;Monlau Motorsport;6;Turn 9;8;12:14:20.427;7;no;no
27;Alexander JACOBY;Monlau Motorsport;7;Turn 5;12;12:21:55.457;7;no;no
32;Wiktor DOBRZANSKI;Tecnicar by Amtog;1;Turn 1;2;12:01:28.999;3;no;no
32;Wiktor DOBRZANSKI;Tecnicar by Amtog;2;Turn 5;3;12:03:53.040;3;no;no
32;Wiktor DOBRZANSKI;Tecnicar by Amtog;3;Turn 5;6;12:09:58.441;3;no;no
33;Christopher EL FEGHALI;Drivex;1;Turn 1;2;12:01:23.857;4;no;no
33;Christopher EL FEGHALI;Drivex;2;Turn 5;2;12:01:44.180;4;no;no
33;Christopher EL FEGHALI;Drivex;3;Turn 1;4;12:05:26.656;4;no;no
33;Christopher EL FEGHALI;Drivex;4;Turn 9;10;12:18:11.283;4;no;no
37;Filippo FIORENTINO;Drivex;1;Turn 1;3;12:03:32.325;3;no;no
37;Filippo FIORENTINO;Drivex;2;Turn 9;7;12:12:18.801;3;no;no
37;Filippo FIORENTINO;Drivex;3;Turn 1;8;12:13:38.557;3;no;no
39;Santino PANETTA;TC Racing;1;Turn 7;6;12:10:02.633;3;no;no
39;Santino PANETTA;TC Racing;2;Turn 9;7;12:12:14.764;3;no;no
39;Santino PANETTA;TC Racing;3;Turn 5;10;12:17:51.378;3;no;no
41;Stepan SUSLOV;DXR;1;Turn 9;2;12:02:13.597;4;no;no
41;Stepan SUSLOV;DXR;2;Turn 1;4;12:05:38.791;4;no;no
41;Stepan SUSLOV;DXR;3;Turn 1;7;12:11:41.501;4;no;no
41;Stepan SUSLOV;DXR;4;Turn 9;7;12:12:23.538;4;no;no
46;Nathan TYE;Rodin Motorsport;1;Turn 5;11;12:19:45.523;1;no;no
48;Gino TRAPPA;Drivex;1;Turn 7;2;12:01:59.416;5;no;no
48;Gino TRAPPA;Drivex;2;Turn 1;6;12:09:33.495;5;no;no
48;Gino TRAPPA;Drivex;3;Turn 9;6;12:10:15.814;5;no;no
48;Gino TRAPPA;Drivex;4;Turn 1;10;12:17:35.429;5;no;no
48;Gino TRAPPA;Drivex;5;Turn 1;12;12:21:34.427;5;no;no
55;Emma FELBERMAYR;Rodin Motorsport;1;Turn 9;3;12:04:18.022;4;no;no
55;Emma FELBERMAYR;Rodin Motorsport;2;Turn 7;4;12:06:12.105;4;no;no
55;Emma FELBERMAYR;Rodin Motorsport;3;Turn 9;8;12:14:34.201;4;no;no
55;Emma FELBERMAYR;Rodin Motorsport;4;Turn 5;12;12:22:28.590;4;no;no
57;Artem SEVERIUKHIN;DXR;1;Turn 7;2;12:02:01.018;9;no;no
57;Artem SEVERIUKHIN;DXR;2;Turn 9;3;12:04:20.556;9;no;no
57;Artem SEVERIUKHIN;DXR;3;Turn 9;4;12:06:23.217;9;no;no
57;Artem SEVERIUKHIN;DXR;4;Turn 1;4;12:05:41.458;9;no;no
57;Artem SEVERIUKHIN;DXR;5;Turn 5;5;12:08:04.463;9;no;no
57;Artem SEVERIUKHIN;DXR;6;Turn 1;5;12:07:44.492;9;no;no
57;Artem SEVERIUKHIN;DXR;7;Turn 9;6;12:10:31.229;9;no;no
57;Artem SEVERIUKHIN;DXR;8;Turn 5;11;12:20:16.454;9;no;no
57;Artem SEVERIUKHIN;DXR;9;Turn 1;12;12:21:59.558;9;no;no
70;Aleksandar BOGUNOVIC;GRS Team;1;Turn 9;3;12:04:16.289;6;no;no
70;Aleksandar BOGUNOVIC;GRS Team;2;Turn 9;4;12:06:17.611;6;no;no
70;Aleksandar BOGUNOVIC;GRS Team;3;Turn 9;6;12:10:19.818;6;no;no
70;Aleksandar BOGUNOVIC;GRS Team;4;Turn 9;7;12:12:20.202;6;no;no
70;Aleksandar BOGUNOVIC;GRS Team;5;Turn 9;8;12:14:20.427;6;no;no
70;Aleksandar BOGUNOVIC;GRS Team;6;Turn 9;10;12:18:20.493;6;no;no
71;Daniel DALLAKYAN;GRS Team;1;Turn 9;3;12:04:20.556;4;no;no
71;Daniel DALLAKYAN;GRS Team;2;Turn 1;3;12:03:36.193;4;no;no
71;Daniel DALLAKYAN;GRS Team;3;Turn 9;4;12:06:23.217;4;no;no
71;Daniel DALLAKYAN;GRS Team;4;Turn 7;5;12:08:15.494;4;no;no
77;Andrej PETROVIC;T-Code by Amtog;1;Turn 1;3;12:03:24.058;3;no;no
77;Andrej PETROVIC;T-Code by Amtog;2;Turn 1;5;12:07:24.491;3;no;no
77;Andrej PETROVIC;T-Code by Amtog;3;Turn 9;6;12:10:06.470;3;no;no
78;Alfio SPINA;TC Racing;1;Turn 7;2;12:01:56.213;3;no;no
78;Alfio SPINA;TC Racing;2;Turn 1;3;12:03:28.871;3;no;no
78;Alfio SPINA;TC Racing;3;Turn 9;4;12:06:11.738;3;no;no
81;Noah MONTEIRO;Campos Racing;1;Turn 1;2;12:01:20.735;2;no;no
81;Noah MONTEIRO;Campos Racing;2;Turn 1;8;12:13:21.756;2;no;no
88;Santiago BAZTARRICA;TC Racing;1;Turn 1;3;12:03:28.871;5;no;no
88;Santiago BAZTARRICA;TC Racing;2;Turn 1;4;12:05:27.522;5;no;no
88;Santiago BAZTARRICA;TC Racing;3;Turn 9;11;12:20:14.270;5;no;no
88;Santiago BAZTARRICA;TC Racing;4;Turn 7;13;12:24:00.899;5;no;no
88;Santiago BAZTARRICA;TC Racing;5;Turn 7;14;12:25:59.985;5;no;no
91;Lorenzo CAMPOS;Monlau Motorsport;1;Turn 9;2;12:02:10.528;6;no;no
91;Lorenzo CAMPOS;Monlau Motorsport;2;Turn 9;3;12:04:14.420;6;no;no
91;Lorenzo CAMPOS;Monlau Motorsport;3;Turn 1;3;12:03:30.857;6;no;no
91;Lorenzo CAMPOS;Monlau Motorsport;4;Turn 5;3;12:03:50.972;6;no;no
91;Lorenzo CAMPOS;Monlau Motorsport;5;Turn 1;6;12:09:34.959;6;no;no
91;Lorenzo CAMPOS;Monlau Motorsport;6;Turn 9;7;12:12:18.801;6;no;no
99;Thomas STRAUVEN;Griffin Core;1;Turn 1;3;12:03:24.058;4;no;no
99;Thomas STRAUVEN;Griffin Core;2;Turn 7;3;12:03:59.802;4;no;no
99;Thomas STRAUVEN;Griffin Core;3;Turn 1;6;12:10:47.627;4;no;no
99;Thomas STRAUVEN;Griffin Core;4;Turn 1;11;12:20:40.962;4;no;no
