﻿POS;NUMBER;LAP;TIME;GAP_FIRST;GAP_PREVIOUS;KPH; LAPS;TEAM;CLASS;GROUP;DIVISION;VEHICLE;TIRES;ECM Participant Id;ECM Team Id;ECM Category Id;ECM Car Id;ECM Brand Id;ECM Country Id;*Extra 7;*Extra 8;*Extra 9;Sort Key;DRIVER_FIRSTNAME;DRIVER_SECONDNAME;DRIVER_LICENSE;DRIVER_HOMETOWN;DRIVER_COUNTRY;DRIVER_SHORTNAME;DRIVER_ECM Driver Id;DRIVER_ECM Country Id;DRIVER_*Extra 3;DRIVER_*Extra 4;DRIVER_*Extra 5;
1;23;7;1:43.198;-;-;154.3;9;Griffin Core;;;;Tatuus F4 T -421;;;;;;;;;;;;Jan;PRZYROWSKI;;;POL;;;;;;;
2;99;7;1:43.285;+0.087;+0.087;154.2;8;Griffin Core;;;;Tatuus F4 T -421;;;;;;;;;;;;Thomas;STRAUVEN;;;BEL;;;;;;;
3;22;6;1:43.316;+0.118;+0.031;154.1;8;MP Motorsport;;;;Tatuus F4 T -421;;;;;;;;;;;;Juan;COTA;;;ESP;;;;;;;
4;81;8;1:43.356;+0.158;+0.040;154.1;8;Campos Racing;R;;;Tatuus F4 T -421;;;;;;;;;;;;Noah;MONTEIRO;;;PRT;MOT;;;;;;
5;9;7;1:43.360;+0.162;+0.004;154.1;8;MP Motorsport;;;;Tatuus F4 T -421;;;;;;;;;;;;René;LAMMERS;;;NLD;;;;;;;
6;4;7;1:43.394;+0.196;+0.034;154.0;8;MP Motorsport;R;;;Tatuus F4 T -421;;;;;;;;;;;;Ean;EYCKMANS;;;BEL;;;;;;;
7;46;8;1:43.429;+0.231;+0.035;153.9;9;Rodin Motorsport;;;;Tatuus F4 T -421;;;;;;;;;;;;Nathan;TYE;;;GBR;;;;;;;
8;10;8;1:43.568;+0.370;+0.139;153.7;8;KCL MP Motorsport;R;;;Tatuus F4 T -421;;;;;;;;;;;;Niklas;SCHAUFLER;;;AUT;SCF;;;;;;
9;2;8;1:43.573;+0.375;+0.005;153.7;8;Campos Racing;R;;;Tatuus F4 T -421;;;;;;;;;;;;Vivek;KANTHAN;;;USA;;;;;;;
10;11;8;1:43.590;+0.392;+0.017;153.7;8;KCL MP Motorsport;;;;Tatuus F4 T -421;;;;;;;;;;;;Reno;FRANCOT;;;NLD;;;;;;;
11;1;6;1:43.633;+0.435;+0.043;153.6;8;KCL MP Motorsport;;;;Tatuus F4 T -421;;;;;;;;;;;;Hudson;SCHWARTZ;;;USA;SCW;;;;;;
12;39;8;1:43.640;+0.442;+0.007;153.6;8;TC Racing;R;;;Tatuus F4 T -421;;;;;;;;;;;;Santino;PANETTA;;;ARG;;;;;;;
13;33;7;1:43.669;+0.471;+0.029;153.6;9;Drivex;R;;;Tatuus F4 T -421;;;;;;;;;;;;Christopher;EL FEGHALI;;;LBN;FEG;;;;;;
14;77;5;1:43.727;+0.529;+0.058;153.5;8;T-Code by Amtog;;;;Tatuus F4 T -421;;;;;;;;;;;;Andrej;PETROVIC;;;SRB;;;;;;;
15;57;6;1:43.727;+0.529;+0.000;153.5;8;DXR;R;;;Tatuus F4 T -421;;;;;;;;;;;;Kaiden;HIGGINS;;;ARE;;;;;;;
16;48;9;1:43.757;+0.559;+0.030;153.5;9;Drivex;;;;Tatuus F4 T -421;;;;;;;;;;;;Gino;TRAPPA;;;ARG;;;;;;;
17;19;6;1:43.838;+0.640;+0.081;153.3;8;Griffin Core;;;;Tatuus F4 T -421;;;;;;;;;;;;Matus;RYBA;;;SVK;;;;;;;
18;55;9;1:43.846;+0.648;+0.008;153.3;11;Rodin Motorsport;R;;;Tatuus F4 T -421;;;;;;;;;;;;Emma;FELBERMAYR;;;AUT;;;;;;;
19;13;6;1:43.873;+0.675;+0.027;153.3;6;G4 Racing;R;;;Tatuus F4 T -421;;;;;;;;;;;;Jean Paul;KARRAS;;;GRC;;;;;;;
20;78;7;1:43.931;+0.733;+0.058;153.2;9;TC Racing;;;;Tatuus F4 T -421;;;;;;;;;;;;Alfio;SPINA;;;ITA;;;;;;;
21;27;7;1:43.934;+0.736;+0.003;153.2;8;Monlau Motorsport;;;;Tatuus F4 T -421;;;;;;;;;;;;Alexander;JACOBY;;;BRA;;;;;;;
22;41;6;1:43.996;+0.798;+0.062;153.1;9;DXR;R;;;Tatuus F4 T -421;;;;;;;;;;;;Stepan;SUSLOV;;;SWE;;;;;;;
23;91;9;1:44.085;+0.887;+0.089;153.0;9;Monlau Motorsport;R;;;Tatuus F4 T -421;;;;;;;;;;;;Lorenzo;CAMPOS;;;AGO;;;;;;;
24;17;11;1:44.150;+0.952;+0.065;152.9;11;Tecnicar by Amtog;R;;;Tatuus F4 T -421;;;;;;;;;;;;Nacho;TUÑON;;;ESP;TUN;;;;;;
25;37;7;1:44.169;+0.971;+0.019;152.9;9;Drivex;;;;Tatuus F4 T -421;;;;;;;;;;;;Filippo;FIORENTINO;;;BRA;;;;;;;
26;6;11;1:44.234;+1.036;+0.065;152.8;11;T-Code by Amtog;R;;;Tatuus F4 T -421;;;;;;;;;;;;Lewis;WHERRELL;;;GBR;;;;;;;
27;12;6;1:44.261;+1.063;+0.027;152.7;9;G4 Racing;R;;;Tatuus F4 T -421;;;;;;;;;;;;Philippe Armand;KARRAS;;;GRC;;;;;;;
28;5;8;1:44.266;+1.068;+0.005;152.7;8;Campos Racing;R;;;Tatuus F4 T -421;;;;;;;;;;;;Miguel;COSTA;;;BRA;;;;;;;
29;70;7;1:44.267;+1.069;+0.001;152.7;8;GRS Team;R;;;Tatuus F4 T -421;;;;;;;;;;;;Aleksandar;BOGUNOVIC;;;SVN;;;;;;;
30;88;9;1:44.490;+1.292;+0.223;152.4;9;TC Racing;;;;Tatuus F4 T -421;;;;;;;;;;;;Rogerio;GROTTA;;;BRA;;;;;;;
31;25;6;1:44.522;+1.324;+0.032;152.3;8;Monlau Motorsport;R;;;Tatuus F4 T -421;;;;;;;;;;;;Miki;BLASCOS;;;ESP;BLA;;;;;;
32;32;8;1:44.576;+1.378;+0.054;152.3;8;Tecnicar by Amtog;;;;Tatuus F4 T -421;;;;;;;;;;;;Wiktor;DOBRZANSKI;;;POL;;;;;;;
33;15;6;1:44.734;+1.536;+0.158;152.0;8;DXR;;;;Tatuus F4 T -421;;;;;;;;;;;;Rafaela;FERREIRA;;;BRA;;;;;;;
34;24;6;1:44.759;+1.561;+0.025;152.0;7;Rodin Motorsport;R;;;Tatuus F4 T -421;;;;;;;;;;;;Kyuho;LEE;;;KOR;;;;;;;
