﻿POS;NUMBER;LAP;TIME;GAP_FIRST;GAP_PREVIOUS;KPH; LAPS;TEAM;CLASS;GROUP;DIVISION;VEHICLE;TIRES;ECM Participant Id;ECM Team Id;ECM Category Id;ECM Car Id;ECM Brand Id;ECM Country Id;*Extra 7;*Extra 8;*Extra 9;Sort Key;DRIVER_FIRSTNAME;DRIVER_SECONDNAME;DRIVER_LICENSE;DRIVER_HOMETOWN;DRIVER_COUNTRY;DRIVER_SHORTNAME;DRIVER_ECM Driver Id;DRIVER_ECM Country Id;DRIVER_*Extra 3;DRIVER_*Extra 4;DRIVER_*Extra 5;
1;9;11;1:58.656;-;-;162.1;13;MP Motorsport;;;;Tatuus F4 T -421;;;;;;;;;;;;René;LAMMERS;;;NLD;;;;;;;
2;77;10;1:59.067;+0.411;+0.411;161.6;12;T-Code by Amtog;;;;Tatuus F4 T -421;;;;;;;;;;;;Andrej;PETROVIC;;;SRB;;;;;;;
3;5;10;1:59.088;+0.432;+0.021;161.5;12;Campos Racing;R;;;Tatuus F4 T -421;;;;;;;;;;;;Miguel;COSTA;;;BRA;;;;;;;
4;2;8;1:59.097;+0.441;+0.009;161.5;12;Campos Racing;R;;;Tatuus F4 T -421;;;;;;;;;;;;Vivek;KANTHAN;;;USA;;;;;;;
5;99;9;1:59.127;+0.471;+0.030;161.5;12;Griffin Core;;;;Tatuus F4 T -421;;;;;;;;;;;;Thomas;STRAUVEN;;;BEL;;;;;;;
6;10;9;1:59.202;+0.546;+0.075;161.4;13;KCL MP Motorsport;R;;;Tatuus F4 T -421;;;;;;;;;;;;Niklas;SCHAUFLER;;;AUT;SCF;;;;;;
7;6;10;1:59.274;+0.618;+0.072;161.3;12;T-Code by Amtog;R;;;Tatuus F4 T -421;;;;;;;;;;;;Sacha;VAN'T PAD BOSCH;;;NLD;;;;;;;
8;23;7;1:59.307;+0.651;+0.033;161.3;13;Griffin Core;;;;Tatuus F4 T -421;;;;;;;;;;;;Jan;PRZYROWSKI;;;POL;;;;;;;
9;25;13;1:59.346;+0.690;+0.039;161.2;13;Monlau Motorsport;R;;;Tatuus F4 T -421;;;;;;;;;;;;Francisco;MONARCA;;;ARG;MOR;;;;;;
10;81;10;1:59.362;+0.706;+0.016;161.2;12;Campos Racing;R;;;Tatuus F4 T -421;;;;;;;;;;;;Noah;MONTEIRO;;;PRT;MOT;;;;;;
11;19;10;1:59.399;+0.743;+0.037;161.1;14;Griffin Core;;;;Tatuus F4 T -421;;;;;;;;;;;;Matus;RYBA;;;SVK;;;;;;;
12;1;10;1:59.409;+0.753;+0.010;161.1;12;KCL MP Motorsport;;;;Tatuus F4 T -421;;;;;;;;;;;;Hudson;SCHWARTZ;;;USA;SCW;;;;;;
13;4;7;1:59.447;+0.791;+0.038;161.1;10;MP Motorsport;R;;;Tatuus F4 T -421;;;;;;;;;;;;Ean;EYCKMANS;;;BEL;;;;;;;
14;22;13;1:59.453;+0.797;+0.006;161.1;14;MP Motorsport;;;;Tatuus F4 T -421;;;;;;;;;;;;Juan;COTA;;;ESP;;;;;;;
15;33;12;1:59.543;+0.887;+0.090;160.9;13;Drivex;R;;;Tatuus F4 T -421;;;;;;;;;;;;Christopher;EL FEGHALI;;;LBN;FEG;;;;;;
16;11;9;1:59.602;+0.946;+0.059;160.9;13;KCL MP Motorsport;;;;Tatuus F4 T -421;;;;;;;;;;;;Reno;FRANCOT;;;NLD;;;;;;;
17;46;11;1:59.656;+1.000;+0.054;160.8;13;Rodin Motorsport;;;;Tatuus F4 T -421;;;;;;;;;;;;Nathan;TYE;;;GBR;;;;;;;
18;78;12;1:59.865;+1.209;+0.209;160.5;13;TC Racing;;;;Tatuus F4 T -421;;;;;;;;;;;;Alfio;SPINA;;;ITA;;;;;;;
19;91;10;1:59.942;+1.286;+0.077;160.4;13;Monlau Motorsport;R;;;Tatuus F4 T -421;;;;;;;;;;;;Lorenzo;CAMPOS;;;AGO;;;;;;;
20;17;10;2:00.064;+1.408;+0.122;160.2;11;Tecnicar by Amtog;R;;;Tatuus F4 T -421;;;;;;;;;;;;Nacho;TUÑON;;;ESP;TUN;;;;;;
21;39;15;2:00.079;+1.423;+0.015;160.2;15;TC Racing;R;;;Tatuus F4 T -421;;;;;;;;;;;;Santino;PANETTA;;;ARG;;;;;;;
22;48;10;2:00.109;+1.453;+0.030;160.2;14;Drivex;;;;Tatuus F4 T -421;;;;;;;;;;;;Gino;TRAPPA;;;ARG;;;;;;;
23;27;13;2:00.109;+1.453;+0.000;160.2;13;Monlau Motorsport;;;;Tatuus F4 T -421;;;;;;;;;;;;Alexander;JACOBY;;;BRA;;;;;;;
24;32;10;2:00.253;+1.597;+0.144;160.0;12;Tecnicar by Amtog;;;;Tatuus F4 T -421;;;;;;;;;;;;Wiktor;DOBRZANSKI;;;POL;;;;;;;
25;80;13;2:00.303;+1.647;+0.050;159.9;13;Saintéloc Racing;;;;Tatuus F4 T -421;;;;;;;;;;;;Alex;POWELL;;;USA;;;;;;;
26;70;12;2:00.318;+1.662;+0.015;159.9;13;GRS Team;R;;;Tatuus F4 T -421;;;;;;;;;;;;Aleksandar;BOGUNOVIC;;;SVN;;;;;;;
27;71;15;2:00.334;+1.678;+0.016;159.9;15;GRS Team;R;;;Tatuus F4 T -421;;;;;;;;;;;;Daniel;DALLAKYAN;;;ARM;DALL;;;;;;
28;88;10;2:00.442;+1.786;+0.108;159.7;11;TC Racing;;;;Tatuus F4 T -421;;;;;;;;;;;;Santiago;BAZTARRICA;;;ARG;;;;;;;
29;55;12;2:00.444;+1.788;+0.002;159.7;12;Rodin Motorsport;R;;;Tatuus F4 T -421;;;;;;;;;;;;Emma;FELBERMAYR;;;AUT;;;;;;;
30;24;13;2:00.584;+1.928;+0.140;159.5;13;Rodin Motorsport;R;;;Tatuus F4 T -421;;;;;;;;;;;;Kyuho;LEE;;;KOR;;;;;;;
31;41;12;2:00.833;+2.177;+0.249;159.2;14;DXR;R;;;Tatuus F4 T -421;;;;;;;;;;;;Stepan;SUSLOV;;;SWE;;;;;;;
32;14;9;2:00.946;+2.290;+0.113;159.1;13;Saintéloc Racing;R;;;Tatuus F4 T -421;;;;;;;;;;;;Jean Paul;KARRAS;;;GRC;KAJ;;;;;;
33;37;14;2:01.108;+2.452;+0.162;158.9;14;Drivex;;;;Tatuus F4 T -421;;;;;;;;;;;;Filippo;FIORENTINO;;;BRA;;;;;;;
34;15;7;2:01.660;+3.004;+0.552;158.1;8;DXR;;;;Tatuus F4 T -421;;;;;;;;;;;;Edward;ROBINSON;;;ESP;ROB;;;;;;
35;8;12;2:01.807;+3.151;+0.147;157.9;14;Saintéloc Racing;R;;;Tatuus F4 T -421;;;;;;;;;;;;Philippe Armand;KARRAS;;;GRC;KAP;;;;;;
36;57;6;2:07.218;+8.562;+5.411;151.2;6;DXR;R;;;Tatuus F4 T -421;;;;;;;;;;;;Artem;SEVERIUKHIN;;;KGZ;;;;;;;
