﻿POS;NUMBER;LAP;TIME;GAP_FIRST;GAP_PREVIOUS;KPH; LAPS;TEAM;CLASS;GROUP;DIVISION;VEHICLE;TIRES;ECM Participant Id;ECM Team Id;ECM Category Id;ECM Car Id;ECM Brand Id;ECM Country Id;*Extra 7;*Extra 8;*Extra 9;Sort Key;DRIVER_FIRSTNAME;DRIVER_SECONDNAME;DRIVER_LICENSE;DRIVER_HOMETOWN;DRIVER_COUNTRY;DRIVER_SHORTNAME;DRIVER_ECM Driver Id;DRIVER_ECM Country Id;DRIVER_*Extra 3;DRIVER_*Extra 4;DRIVER_*Extra 5;
1;23;5;2:05.675;-;-;167.3;8;Griffin Core;;;;Tatuus F4 T -421;;;;;;;;;;;;Jan;PRZYROWSKI;;;POL;;;;;;;
2;99;8;2:05.922;+0.247;+0.247;167.0;8;Griffin Core;;;;Tatuus F4 T -421;;;;;;;;;;;;Thomas;STRAUVEN;;;BEL;;;;;;;
3;4;6;2:05.929;+0.254;+0.007;167.0;7;MP Motorsport;R;;;Tatuus F4 T -421;;;;;;;;;;;;Ean;EYCKMANS;;;BEL;;;;;;;
4;46;4;2:06.134;+0.459;+0.205;166.7;7;Rodin Motorsport;;;;Tatuus F4 T -421;;;;;;;;;;;;Nathan;TYE;;;GBR;;;;;;;
5;9;4;2:06.152;+0.477;+0.018;166.7;7;MP Motorsport;;;;Tatuus F4 T -421;;;;;;;;;;;;René;LAMMERS;;;NLD;;;;;;;
6;11;4;2:06.207;+0.532;+0.055;166.6;7;KCL MP Motorsport;;;;Tatuus F4 T -421;;;;;;;;;;;;Reno;FRANCOT;;;NLD;;;;;;;
7;33;5;2:06.321;+0.646;+0.114;166.5;8;Drivex;R;;;Tatuus F4 T -421;;;;;;;;;;;;Christopher;EL FEGHALI;;;LBN;FEG;;;;;;
8;10;7;2:06.422;+0.747;+0.101;166.4;7;KCL MP Motorsport;R;;;Tatuus F4 T -421;;;;;;;;;;;;Niklas;SCHAUFLER;;;AUT;SCF;;;;;;
9;22;6;2:06.424;+0.749;+0.002;166.4;7;MP Motorsport;;;;Tatuus F4 T -421;;;;;;;;;;;;Juan;COTA;;;ESP;;;;;;;
10;1;6;2:06.427;+0.752;+0.003;166.4;7;KCL MP Motorsport;;;;Tatuus F4 T -421;;;;;;;;;;;;Hudson;SCHWARTZ;;;USA;SCW;;;;;;
11;2;7;2:06.453;+0.778;+0.026;166.3;8;Campos Racing;R;;;Tatuus F4 T -421;;;;;;;;;;;;Vivek;KANTHAN;;;USA;;;;;;;
12;78;6;2:06.469;+0.794;+0.016;166.3;8;TC Racing;;;;Tatuus F4 T -421;;;;;;;;;;;;Alfio;SPINA;;;ITA;;;;;;;
13;5;7;2:06.533;+0.858;+0.064;166.2;9;Campos Racing;R;;;Tatuus F4 T -421;;;;;;;;;;;;Miguel;COSTA;;;BRA;;;;;;;
14;81;7;2:06.533;+0.858;+0.000;166.2;8;Campos Racing;R;;;Tatuus F4 T -421;;;;;;;;;;;;Noah;MONTEIRO;;;PRT;MOT;;;;;;
15;77;6;2:06.566;+0.891;+0.033;166.2;7;T-Code by Amtog;;;;Tatuus F4 T -421;;;;;;;;;;;;Andrej;PETROVIC;;;SRB;;;;;;;
16;48;5;2:06.692;+1.017;+0.126;166.0;8;Drivex;;;;Tatuus F4 T -421;;;;;;;;;;;;Gino;TRAPPA;;;ARG;;;;;;;
17;19;6;2:06.759;+1.084;+0.067;165.9;8;Griffin Core;;;;Tatuus F4 T -421;;;;;;;;;;;;Matus;RYBA;;;SVK;;;;;;;
18;39;8;2:06.881;+1.206;+0.122;165.8;9;TC Racing;R;;;Tatuus F4 T -421;;;;;;;;;;;;Santino;PANETTA;;;ARG;;;;;;;
19;27;5;2:07.019;+1.344;+0.138;165.6;8;Monlau Motorsport;;;;Tatuus F4 T -421;;;;;;;;;;;;Alexander;JACOBY;;;BRA;;;;;;;
20;37;8;2:07.021;+1.346;+0.002;165.6;8;Drivex;;;;Tatuus F4 T -421;;;;;;;;;;;;Filippo;FIORENTINO;;;BRA;;;;;;;
21;88;7;2:07.054;+1.379;+0.033;165.5;8;TC Racing;;;;Tatuus F4 T -421;;;;;;;;;;;;Santiago;BAZTARRICA;;;ARG;;;;;;;
22;32;6;2:07.191;+1.516;+0.137;165.4;8;Tecnicar by Amtog;;;;Tatuus F4 T -421;;;;;;;;;;;;Wiktor;DOBRZANSKI;;;POL;;;;;;;
23;24;7;2:07.209;+1.534;+0.018;165.3;7;Rodin Motorsport;R;;;Tatuus F4 T -421;;;;;;;;;;;;Kyuho;LEE;;;KOR;;;;;;;
24;6;5;2:07.276;+1.601;+0.067;165.2;8;T-Code by Amtog;R;;;Tatuus F4 T -421;;;;;;;;;;;;Sacha;VAN'T PAD BOSCH;;;NLD;;;;;;;
25;55;5;2:07.294;+1.619;+0.018;165.2;9;Rodin Motorsport;R;;;Tatuus F4 T -421;;;;;;;;;;;;Emma;FELBERMAYR;;;AUT;;;;;;;
26;17;6;2:07.316;+1.641;+0.022;165.2;8;Tecnicar by Amtog;R;;;Tatuus F4 T -421;;;;;;;;;;;;Nacho;TUÑON;;;ESP;TUN;;;;;;
27;57;8;2:07.316;+1.641;+0.000;165.2;8;DXR;R;;;Tatuus F4 T -421;;;;;;;;;;;;Kaiden;HIGGINS;;;ARE;;;;;;;
28;41;6;2:07.386;+1.711;+0.070;165.1;8;DXR;R;;;Tatuus F4 T -421;;;;;;;;;;;;Stepan;SUSLOV;;;SWE;;;;;;;
29;91;6;2:07.689;+2.014;+0.303;164.7;8;Monlau Motorsport;R;;;Tatuus F4 T -421;;;;;;;;;;;;Lorenzo;CAMPOS;;;AGO;;;;;;;
30;70;5;2:07.742;+2.067;+0.053;164.6;8;GRS Team;R;;;Tatuus F4 T -421;;;;;;;;;;;;Aleksandar;BOGUNOVIC;;;SVN;;;;;;;
31;15;7;2:08.110;+2.435;+0.368;164.2;8;DXR;R;;;Tatuus F4 T -421;;;;;;;;;;;;Ricardo;BAPTISTA;;;BRA;;;;;;;
32;71;7;2:08.341;+2.666;+0.231;163.9;7;GRS Team;R;;;Tatuus F4 T -421;;;;;;;;;;;;Daniel;DALLAKYAN;;;ARM;DALL;;;;;;
33;25;3;2:08.581;+2.906;+0.240;163.6;7;Monlau Motorsport;R;;;Tatuus F4 T -421;;;;;;;;;;;;Francisco;MONARCA;;;ARG;MOR;;;;;;
