NUMBER; DRIVER_NUMBER; LAP_NUMBER; LAP_TIME; LAP_IMPROVEMENT; CROSSING_FINISH_LINE_IN_PIT; S1; S1_IMPROVEMENT; S2; S2_IMPROVEMENT; S3; S3_IMPROVEMENT; S4; S4_IMPROVEMENT; KPH; ELAPSED; HOUR;S1_LARGE;S2_LARGE;S3_LARGE;S4_LARGE;TOP_SPEED;DRIVER_NAME;PIT_TIME;CLASS;GROUP;TEAM;MANUFACTURER;FLAG_AT_FL;S1_SECONDS;S2_SECONDS;S3_SECONDS;S4_SECONDS;
1;1;1;1:59.766;0;;35.511;0;24.475;0;32.001;0;27.779;0;129.6;1:59.766;15:55:34.851;0:35.511;0:24.475;0:32.001;0:27.779;;Hudson SCHWARTZ;;;A;KCL MP Motorsport;;GF;35.511;24.475;32.001;27.779;
1;1;2;1:48.807;0;;26.888;0;24.017;0;31.297;0;26.605;0;142.7;3:48.573;15:57:23.658;0:26.888;0:24.017;0:31.297;0:26.605;219.5;Hudson SCHWARTZ;;;A;KCL MP Motorsport;;GF;26.888;24.017;31.297;26.605;
1;1;3;1:59.233;0;;26.627;0;24.218;0;35.354;0;33.034;0;130.2;5:47.806;15:59:22.891;0:26.627;0:24.218;0:35.354;0:33.034;221.8;Hudson SCHWARTZ;;;A;KCL MP Motorsport;;SF;26.627;24.218;35.354;33.034;
1;1;4;2:33.799;0;;33.852;0;34.080;0;41.962;0;43.905;0;101.0;8:21.605;16:01:56.690;0:33.852;0:34.080;0:41.962;0:43.905;191.8;Hudson SCHWARTZ;;;A;KCL MP Motorsport;;SF;33.852;34.080;41.962;43.905;
1;1;5;2:34.787;0;;48.309;0;32.785;0;40.268;0;33.425;0;100.3;10:56.392;16:04:31.477;0:48.309;0:32.785;0:40.268;0:33.425;72.8;Hudson SCHWARTZ;;;A;KCL MP Motorsport;;SF;48.309;32.785;40.268;33.425;
1;1;6;2:18.998;0;;34.408;0;33.025;0;44.508;0;27.057;0;111.7;13:15.390;16:06:50.475;0:34.408;0:33.025;0:44.508;0:27.057;180.8;Hudson SCHWARTZ;;;A;KCL MP Motorsport;;GF;34.408;33.025;44.508;27.057;
1;1;7;1:47.886;0;;26.649;0;23.545;0;31.181;0;26.511;0;143.9;15:03.276;16:08:38.361;0:26.649;0:23.545;0:31.181;0:26.511;223.0;Hudson SCHWARTZ;;;A;KCL MP Motorsport;;GF;26.649;23.545;31.181;26.511;
1;1;8;1:48.474;0;;26.923;0;23.747;0;31.186;0;26.618;0;143.1;16:51.750;16:10:26.835;0:26.923;0:23.747;0:31.186;0:26.618;224.3;Hudson SCHWARTZ;;;A;KCL MP Motorsport;;GF;26.923;23.747;31.186;26.618;
1;1;9;1:48.819;0;;26.790;0;23.763;0;31.634;0;26.632;0;142.7;18:40.569;16:12:15.654;0:26.790;0:23.763;0:31.634;0:26.632;224.3;Hudson SCHWARTZ;;;A;KCL MP Motorsport;;GF;26.790;23.763;31.634;26.632;
1;1;10;1:48.407;0;;26.722;0;23.396;0;31.440;0;26.849;0;143.2;20:28.976;16:14:04.061;0:26.722;0:23.396;0:31.440;0:26.849;224.3;Hudson SCHWARTZ;;;A;KCL MP Motorsport;;GF;26.722;23.396;31.440;26.849;
1;1;11;1:48.653;0;;26.843;0;24.160;0;31.284;0;26.366;2;142.9;22:17.629;16:15:52.714;0:26.843;0:24.160;0:31.284;0:26.366;219.5;Hudson SCHWARTZ;;;A;KCL MP Motorsport;;GF;26.843;24.160;31.284;26.366;
1;1;12;1:47.079;2;;26.562;0;23.370;0;30.759;2;26.388;0;145.0;24:04.708;16:17:39.793;0:26.562;0:23.370;0:30.759;0:26.388;219.5;Hudson SCHWARTZ;;;A;KCL MP Motorsport;;GF;26.562;23.370;30.759;26.388;
1;1;13;1:47.249;0;;26.595;0;23.318;2;30.833;0;26.503;0;144.8;25:51.957;16:19:27.042;0:26.595;0:23.318;0:30.833;0:26.503;221.8;Hudson SCHWARTZ;;;A;KCL MP Motorsport;;GF;26.595;23.318;30.833;26.503;
1;1;14;1:47.300;0;;26.493;2;23.420;0;30.958;0;26.429;0;144.7;27:39.257;16:21:14.342;0:26.493;0:23.420;0:30.958;0:26.429;221.8;Hudson SCHWARTZ;;;A;KCL MP Motorsport;;GF;26.493;23.420;30.958;26.429;
1;1;15;1:47.219;0;;26.546;0;23.322;0;30.804;0;26.547;0;144.8;29:26.476;16:23:01.561;0:26.546;0:23.322;0:30.804;0:26.547;224.3;Hudson SCHWARTZ;;;A;KCL MP Motorsport;;GF;26.546;23.322;30.804;26.547;
1;1;16;1:47.416;0;;26.692;0;23.351;0;30.831;0;26.542;0;144.5;31:13.892;16:24:48.977;0:26.692;0:23.351;0:30.831;0:26.542;224.3;Hudson SCHWARTZ;;;A;KCL MP Motorsport;;GF;26.692;23.351;30.831;26.542;
1;1;17;1:47.445;0;;26.606;0;23.404;0;30.802;0;26.633;0;144.5;33:01.337;16:26:36.422;0:26.606;0:23.404;0:30.802;0:26.633;223.0;Hudson SCHWARTZ;;;A;KCL MP Motorsport;;FF;26.606;23.404;30.802;26.633;
10;1;1;1:59.671;0;;35.738;0;24.362;0;32.205;0;27.366;0;129.7;1:59.671;15:55:34.756;0:35.738;0:24.362;0:32.205;0:27.366;;Niklas SCHAUFLER;;R;A;KCL MP Motorsport;;GF;35.738;24.362;32.205;27.366;
10;1;2;1:50.624;0;;27.531;0;23.712;0;32.328;0;27.053;0;140.4;3:50.295;15:57:25.380;0:27.531;0:23.712;0:32.328;0:27.053;211.5;Niklas SCHAUFLER;;R;A;KCL MP Motorsport;;GF;27.531;23.712;32.328;27.053;
10;1;3;1:59.510;0;;26.666;0;24.083;0;35.885;0;32.876;0;129.9;5:49.805;15:59:24.890;0:26.666;0:24.083;0:35.885;0:32.876;219.5;Niklas SCHAUFLER;;R;A;KCL MP Motorsport;;SF;26.666;24.083;35.885;32.876;
10;1;4;2:34.196;0;;34.116;0;34.291;0;42.177;0;43.612;0;100.7;8:24.001;16:01:59.086;0:34.116;0:34.291;0:42.177;0:43.612;173.2;Niklas SCHAUFLER;;R;A;KCL MP Motorsport;;SF;34.116;34.291;42.177;43.612;
10;1;5;2:34.492;0;;48.219;0;32.851;0;40.314;0;33.108;0;100.5;10:58.493;16:04:33.578;0:48.219;0:32.851;0:40.314;0:33.108;78.9;Niklas SCHAUFLER;;R;A;KCL MP Motorsport;;SF;48.219;32.851;40.314;33.108;
10;1;6;2:18.417;0;;34.070;0;33.471;0;43.672;0;27.204;0;112.2;13:16.910;16:06:51.995;0:34.070;0:33.471;0:43.672;0:27.204;162.9;Niklas SCHAUFLER;;R;A;KCL MP Motorsport;;GF;34.070;33.471;43.672;27.204;
10;1;7;1:48.207;0;;26.762;0;23.691;0;31.089;0;26.665;0;143.5;15:05.117;16:08:40.202;0:26.762;0:23.691;0:31.089;0:26.665;221.8;Niklas SCHAUFLER;;R;A;KCL MP Motorsport;;GF;26.762;23.691;31.089;26.665;
10;1;8;1:47.411;0;;26.545;0;23.326;2;30.986;0;26.554;2;144.6;16:52.528;16:10:27.613;0:26.545;0:23.326;0:30.986;0:26.554;223.0;Niklas SCHAUFLER;;R;A;KCL MP Motorsport;;GF;26.545;23.326;30.986;26.554;
10;1;9;1:48.860;0;;26.534;0;23.967;0;31.584;0;26.775;0;142.6;18:41.388;16:12:16.473;0:26.534;0:23.967;0:31.584;0:26.775;221.8;Niklas SCHAUFLER;;R;A;KCL MP Motorsport;;GF;26.534;23.967;31.584;26.775;
10;1;10;1:49.345;0;;26.785;0;24.040;0;31.920;0;26.600;0;142.0;20:30.733;16:14:05.818;0:26.785;0:24.040;0:31.920;0:26.600;219.5;Niklas SCHAUFLER;;R;A;KCL MP Motorsport;;GF;26.785;24.040;31.920;26.600;
10;1;11;1:48.239;0;;26.465;0;23.456;0;31.682;0;26.636;0;143.4;22:18.972;16:15:54.057;0:26.465;0:23.456;0:31.682;0:26.636;219.5;Niklas SCHAUFLER;;R;A;KCL MP Motorsport;;GF;26.465;23.456;31.682;26.636;
10;1;12;1:48.192;0;;26.849;0;23.802;0;30.975;0;26.566;0;143.5;24:07.164;16:17:42.249;0:26.849;0:23.802;0:30.975;0:26.566;219.5;Niklas SCHAUFLER;;R;A;KCL MP Motorsport;;GF;26.849;23.802;30.975;26.566;
10;1;13;1:47.625;0;;26.585;0;23.439;0;30.969;0;26.632;0;144.3;25:54.789;16:19:29.874;0:26.585;0:23.439;0:30.969;0:26.632;219.5;Niklas SCHAUFLER;;R;A;KCL MP Motorsport;;GF;26.585;23.439;30.969;26.632;
10;1;14;1:47.558;0;;26.575;0;23.404;0;30.900;2;26.679;0;144.4;27:42.347;16:21:17.432;0:26.575;0:23.404;0:30.900;0:26.679;216.0;Niklas SCHAUFLER;;R;A;KCL MP Motorsport;;GF;26.575;23.404;30.900;26.679;
10;1;15;1:47.371;2;;26.451;2;23.420;0;30.920;0;26.580;0;144.6;29:29.718;16:23:04.803;0:26.451;0:23.420;0:30.920;0:26.580;217.1;Niklas SCHAUFLER;;R;A;KCL MP Motorsport;;GF;26.451;23.420;30.920;26.580;
10;1;16;1:47.680;0;;26.516;0;23.417;0;31.020;0;26.727;0;144.2;31:17.398;16:24:52.483;0:26.516;0:23.417;0:31.020;0:26.727;219.5;Niklas SCHAUFLER;;R;A;KCL MP Motorsport;;GF;26.516;23.417;31.020;26.727;
10;1;17;1:47.921;0;;26.484;0;23.604;0;31.211;0;26.622;0;143.9;33:05.319;16:26:40.404;0:26.484;0:23.604;0:31.211;0:26.622;219.5;Niklas SCHAUFLER;;R;A;KCL MP Motorsport;;FF;26.484;23.604;31.211;26.622;
11;1;1;1:54.654;0;;33.388;0;23.736;0;30.953;0;26.577;0;135.4;1:54.654;15:55:29.739;0:33.388;0:23.736;0:30.953;0:26.577;;Reno FRANCOT;;;A;KCL MP Motorsport;;GF;33.388;23.736;30.953;26.577;
11;1;2;1:47.786;0;;26.772;0;23.553;0;30.959;0;26.502;0;144.1;3:42.440;15:57:17.525;0:26.772;0:23.553;0:30.959;0:26.502;219.5;Reno FRANCOT;;;A;KCL MP Motorsport;;GF;26.772;23.553;30.959;26.502;
11;1;3;1:58.123;0;;26.538;0;23.297;0;36.151;0;32.137;0;131.4;5:40.563;15:59:15.648;0:26.538;0:23.297;0:36.151;0:32.137;220.6;Reno FRANCOT;;;A;KCL MP Motorsport;;SF;26.538;23.297;36.151;32.137;
11;1;4;2:35.051;0;;35.669;0;32.514;0;42.926;0;43.942;0;100.1;8:15.614;16:01:50.699;0:35.669;0:32.514;0:42.926;0:43.942;165.5;Reno FRANCOT;;;A;KCL MP Motorsport;;SF;35.669;32.514;42.926;43.942;
11;1;5;2:34.484;0;;47.284;0;32.519;0;41.531;0;33.150;0;100.5;10:50.098;16:04:25.183;0:47.284;0:32.519;0:41.531;0:33.150;72.6;Reno FRANCOT;;;A;KCL MP Motorsport;;SF;47.284;32.519;41.531;33.150;
11;1;6;2:21.351;0;;34.792;0;31.539;0;48.074;0;26.946;0;109.8;13:11.449;16:06:46.534;0:34.792;0:31.539;0:48.074;0:26.946;184.0;Reno FRANCOT;;;A;KCL MP Motorsport;;GF;34.792;31.539;48.074;26.946;
11;1;7;1:47.652;0;;26.598;0;23.484;0;31.078;0;26.492;0;144.2;14:59.101;16:08:34.186;0:26.598;0:23.484;0:31.078;0:26.492;220.6;Reno FRANCOT;;;A;KCL MP Motorsport;;GF;26.598;23.484;31.078;26.492;
11;1;8;1:49.157;0;;26.852;0;23.823;0;31.489;0;26.993;0;142.2;16:48.258;16:10:23.343;0:26.852;0:23.823;0:31.489;0:26.993;221.8;Reno FRANCOT;;;A;KCL MP Motorsport;;GF;26.852;23.823;31.489;26.993;
11;1;9;1:47.250;0;;26.682;0;23.440;0;30.631;0;26.497;0;144.8;18:35.508;16:12:10.593;0:26.682;0:23.440;0:30.631;0:26.497;214.9;Reno FRANCOT;;;A;KCL MP Motorsport;;GF;26.682;23.440;30.631;26.497;
11;1;10;1:46.663;2;;26.541;0;23.193;2;30.581;2;26.348;2;145.6;20:22.171;16:13:57.256;0:26.541;0:23.193;0:30.581;0:26.348;211.5;Reno FRANCOT;;;A;KCL MP Motorsport;;GF;26.541;23.193;30.581;26.348;
11;1;11;1:46.813;0;;26.536;0;23.136;0;30.708;0;26.433;0;145.4;22:08.984;16:15:44.069;0:26.536;0:23.136;0:30.708;0:26.433;212.6;Reno FRANCOT;;;A;KCL MP Motorsport;;GF;26.536;23.136;30.708;26.433;
11;1;12;1:47.218;0;;26.639;0;23.374;0;30.749;0;26.456;0;144.8;23:56.202;16:17:31.287;0:26.639;0:23.374;0:30.749;0:26.456;218.3;Reno FRANCOT;;;A;KCL MP Motorsport;;GF;26.639;23.374;30.749;26.456;
11;1;13;1:47.056;0;;26.563;0;23.314;0;30.698;0;26.481;0;145.0;25:43.258;16:19:18.343;0:26.563;0:23.314;0:30.698;0:26.481;217.1;Reno FRANCOT;;;A;KCL MP Motorsport;;GF;26.563;23.314;30.698;26.481;
11;1;14;1:46.971;0;;26.479;2;23.330;0;30.674;0;26.488;0;145.1;27:30.229;16:21:05.314;0:26.479;0:23.330;0:30.674;0:26.488;219.5;Reno FRANCOT;;;A;KCL MP Motorsport;;GF;26.479;23.330;30.674;26.488;
11;1;15;1:47.240;0;;26.581;0;23.300;0;30.805;0;26.554;0;144.8;29:17.469;16:22:52.554;0:26.581;0:23.300;0:30.805;0:26.554;218.3;Reno FRANCOT;;;A;KCL MP Motorsport;;GF;26.581;23.300;30.805;26.554;
11;1;16;1:47.339;0;;26.630;0;23.417;0;30.751;0;26.541;0;144.7;31:04.808;16:24:39.893;0:26.630;0:23.417;0:30.751;0:26.541;217.1;Reno FRANCOT;;;A;KCL MP Motorsport;;GF;26.630;23.417;30.751;26.541;
11;1;17;1:47.480;0;;26.695;0;23.373;0;30.832;0;26.580;0;144.5;32:52.288;16:26:27.373;0:26.695;0:23.373;0:30.832;0:26.580;219.5;Reno FRANCOT;;;A;KCL MP Motorsport;;FF;26.695;23.373;30.832;26.580;
17;1;1;2:01.314;0;;36.641;0;24.769;0;32.361;0;27.543;0;128.0;2:01.314;15:55:36.399;0:36.641;0:24.769;0:32.361;0:27.543;;Nacho TUÑON;;R;B;Tecnicar by Amtog;;GF;36.641;24.769;32.361;27.543;
17;1;2;1:52.255;0;;27.036;0;24.961;0;32.887;0;27.371;0;138.3;3:53.569;15:57:28.654;0:27.036;0:24.961;0:32.887;0:27.371;216.0;Nacho TUÑON;;R;B;Tecnicar by Amtog;;GF;27.036;24.961;32.887;27.371;
17;1;3;2:00.902;0;;27.190;0;24.389;0;36.048;0;33.275;0;128.4;5:54.471;15:59:29.556;0:27.190;0:24.389;0:36.048;0:33.275;213.8;Nacho TUÑON;;R;B;Tecnicar by Amtog;;SF;27.190;24.389;36.048;33.275;
17;1;4;2:33.717;0;;35.833;0;31.223;0;42.105;0;44.556;0;101.0;8:28.188;16:02:03.273;0:35.833;0:31.223;0:42.105;0:44.556;157.8;Nacho TUÑON;;R;B;Tecnicar by Amtog;;SF;35.833;31.223;42.105;44.556;
17;1;5;2:34.275;0;;47.194;0;33.841;0;39.690;0;33.550;0;100.6;11:02.463;16:04:37.548;0:47.194;0:33.841;0:39.690;0:33.550;90.6;Nacho TUÑON;;R;B;Tecnicar by Amtog;;SF;47.194;33.841;39.690;33.550;
17;1;6;2:17.422;0;;33.163;0;34.339;0;42.576;0;27.344;0;113.0;13:19.885;16:06:54.970;0:33.163;0:34.339;0:42.576;0:27.344;187.4;Nacho TUÑON;;R;B;Tecnicar by Amtog;;GF;33.163;34.339;42.576;27.344;
17;1;7;1:48.422;0;;26.838;0;23.624;0;31.261;0;26.699;0;143.2;15:08.307;16:08:43.392;0:26.838;0:23.624;0:31.261;0:26.699;219.5;Nacho TUÑON;;R;B;Tecnicar by Amtog;;GF;26.838;23.624;31.261;26.699;
17;1;8;1:47.921;2;;26.641;0;23.562;0;31.027;2;26.691;0;143.9;16:56.228;16:10:31.313;0:26.641;0:23.562;0:31.027;0:26.691;220.6;Nacho TUÑON;;R;B;Tecnicar by Amtog;;GF;26.641;23.562;31.027;26.691;
17;1;9;1:47.982;0;;26.595;2;23.408;2;31.206;0;26.773;0;143.8;18:44.210;16:12:19.295;0:26.595;0:23.408;0:31.206;0:26.773;220.6;Nacho TUÑON;;R;B;Tecnicar by Amtog;;GF;26.595;23.408;31.206;26.773;
17;1;10;1:49.237;0;;26.772;0;23.858;0;31.409;0;27.198;0;142.1;20:33.447;16:14:08.532;0:26.772;0:23.858;0:31.409;0:27.198;218.3;Nacho TUÑON;;R;B;Tecnicar by Amtog;;GF;26.772;23.858;31.409;27.198;
17;1;11;1:48.781;0;;27.198;0;23.542;0;31.415;0;26.626;0;142.7;22:22.228;16:15:57.313;0:27.198;0:23.542;0:31.415;0:26.626;219.5;Nacho TUÑON;;R;B;Tecnicar by Amtog;;GF;27.198;23.542;31.415;26.626;
17;1;12;1:48.716;0;;26.759;0;24.271;0;31.079;0;26.607;2;142.8;24:10.944;16:17:46.029;0:26.759;0:24.271;0:31.079;0:26.607;216.0;Nacho TUÑON;;R;B;Tecnicar by Amtog;;GF;26.759;24.271;31.079;26.607;
17;1;13;1:49.741;0;;26.676;0;23.659;0;31.825;0;27.581;0;141.5;26:00.685;16:19:35.770;0:26.676;0:23.659;0:31.825;0:27.581;221.8;Nacho TUÑON;;R;B;Tecnicar by Amtog;;GF;26.676;23.659;31.825;27.581;
17;1;14;1:49.328;0;;27.657;0;23.970;0;31.039;0;26.662;0;142.0;27:50.013;16:21:25.098;0:27.657;0:23.970;0:31.039;0:26.662;212.6;Nacho TUÑON;;R;B;Tecnicar by Amtog;;GF;27.657;23.970;31.039;26.662;
17;1;15;1:48.325;0;;26.719;0;23.700;0;31.143;0;26.763;0;143.3;29:38.338;16:23:13.423;0:26.719;0:23.700;0:31.143;0:26.763;219.5;Nacho TUÑON;;R;B;Tecnicar by Amtog;;GF;26.719;23.700;31.143;26.763;
17;1;16;1:48.496;0;;26.954;0;23.734;0;31.100;0;26.708;0;143.1;31:26.834;16:25:01.919;0:26.954;0:23.734;0:31.100;0:26.708;216.0;Nacho TUÑON;;R;B;Tecnicar by Amtog;;GF;26.954;23.734;31.100;26.708;
17;1;17;1:48.658;0;;26.915;0;23.586;0;31.342;0;26.815;0;142.9;33:15.492;16:26:50.577;0:26.915;0:23.586;0:31.342;0:26.815;220.6;Nacho TUÑON;;R;B;Tecnicar by Amtog;;FF;26.915;23.586;31.342;26.815;
19;1;1;1:56.657;0;;33.945;0;24.233;0;31.930;0;26.549;0;133.1;1:56.657;15:55:31.742;0:33.945;0:24.233;0:31.930;0:26.549;;Matus RYBA;;;B;Griffin Core;;GF;33.945;24.233;31.930;26.549;
19;1;2;1:47.463;0;;26.688;0;23.314;0;30.960;0;26.501;0;144.5;3:44.120;15:57:19.205;0:26.688;0:23.314;0:30.960;0:26.501;;Matus RYBA;;;B;Griffin Core;;GF;26.688;23.314;30.960;26.501;
19;1;3;1:58.336;0;;26.560;2;23.329;0;35.872;0;32.575;0;131.2;5:42.456;15:59:17.541;0:26.560;0:23.329;0:35.872;0:32.575;;Matus RYBA;;;B;Griffin Core;;SF;26.560;23.329;35.872;32.575;
19;1;4;2:34.767;0;;35.161;0;32.971;0;42.721;0;43.914;0;100.3;8:17.223;16:01:52.308;0:35.161;0:32.971;0:42.721;0:43.914;185.7;Matus RYBA;;;B;Griffin Core;;SF;35.161;32.971;42.721;43.914;
19;1;5;2:34.520;0;;47.677;0;32.239;0;41.498;0;33.106;0;100.5;10:51.743;16:04:26.828;0:47.677;0:32.239;0:41.498;0:33.106;82.4;Matus RYBA;;;B;Griffin Core;;SF;47.677;32.239;41.498;33.106;
19;1;6;2:20.982;0;;34.502;0;32.092;0;47.321;0;27.067;0;110.1;13:12.725;16:06:47.810;0:34.502;0:32.092;0:47.321;0:27.067;186.5;Matus RYBA;;;B;Griffin Core;;GF;34.502;32.092;47.321;27.067;
19;1;7;1:47.921;0;;26.849;0;23.654;0;30.885;0;26.533;0;143.9;15:00.646;16:08:35.731;0:26.849;0:23.654;0:30.885;0:26.533;;Matus RYBA;;;B;Griffin Core;;GF;26.849;23.654;30.885;26.533;
19;1;8;1:48.928;0;;26.579;0;23.429;0;31.519;0;27.401;0;142.5;16:49.574;16:10:24.659;0:26.579;0:23.429;0:31.519;0:27.401;;Matus RYBA;;;B;Griffin Core;;GF;26.579;23.429;31.519;27.401;
19;1;9;1:48.413;0;;26.881;0;23.667;0;30.907;0;26.958;0;143.2;18:37.987;16:12:13.072;0:26.881;0:23.667;0:30.907;0:26.958;;Matus RYBA;;;B;Griffin Core;;GF;26.881;23.667;30.907;26.958;
19;1;10;1:47.385;0;;26.811;0;23.481;0;30.666;0;26.427;2;144.6;20:25.372;16:14:00.457;0:26.811;0:23.481;0:30.666;0:26.427;;Matus RYBA;;;B;Griffin Core;;GF;26.811;23.481;30.666;26.427;
19;1;11;1:47.100;2;;26.669;0;23.197;2;30.764;0;26.470;0;145.0;22:12.472;16:15:47.557;0:26.669;0:23.197;0:30.764;0:26.470;;Matus RYBA;;;B;Griffin Core;;GF;26.669;23.197;30.764;26.470;
19;1;12;1:46.989;0;;26.654;0;23.283;0;30.589;2;26.463;0;145.1;23:59.461;16:17:34.546;0:26.654;0:23.283;0:30.589;0:26.463;221.8;Matus RYBA;;;B;Griffin Core;;GF;26.654;23.283;30.589;26.463;
19;1;13;1:47.201;0;;26.634;0;23.346;0;30.743;0;26.478;0;144.8;25:46.662;16:19:21.747;0:26.634;0:23.346;0:30.743;0:26.478;;Matus RYBA;;;B;Griffin Core;;GF;26.634;23.346;30.743;26.478;
19;1;14;1:49.232;0;;26.568;0;24.349;0;31.638;0;26.677;0;142.1;27:35.894;16:21:10.979;0:26.568;0:24.349;0:31.638;0:26.677;210.5;Matus RYBA;;;B;Griffin Core;;GF;26.568;24.349;31.638;26.677;
19;1;15;1:47.232;0;;26.669;0;23.316;0;30.713;0;26.534;0;144.8;29:23.126;16:22:58.211;0:26.669;0:23.316;0:30.713;0:26.534;;Matus RYBA;;;B;Griffin Core;;GF;26.669;23.316;30.713;26.534;
19;1;16;1:47.304;0;;26.592;0;23.576;0;30.688;0;26.448;0;144.7;31:10.430;16:24:45.515;0:26.592;0:23.576;0:30.688;0:26.448;;Matus RYBA;;;B;Griffin Core;;GF;26.592;23.576;30.688;26.448;
19;1;17;1:47.412;0;;26.651;0;23.513;0;30.708;0;26.540;0;144.6;32:57.842;16:26:32.927;0:26.651;0:23.513;0:30.708;0:26.540;211.5;Matus RYBA;;;B;Griffin Core;;FF;26.651;23.513;30.708;26.540;
2;1;1;1:59.546;0;;35.235;0;24.627;0;31.836;0;27.848;0;129.9;1:59.546;15:55:34.631;0:35.235;0:24.627;0:31.836;0:27.848;;Vivek KANTHAN;;R;B;Campos Racing;;GF;35.235;24.627;31.836;27.848;
2;1;2;1:49.461;0;;27.373;0;23.883;0;31.697;0;26.508;0;141.8;3:49.007;15:57:24.092;0:27.373;0:23.883;0:31.697;0:26.508;213.8;Vivek KANTHAN;;R;B;Campos Racing;;GF;27.373;23.883;31.697;26.508;
2;1;3;1:59.318;0;;26.539;0;24.745;0;35.188;0;32.846;0;130.1;5:48.325;15:59:23.410;0:26.539;0:24.745;0:35.188;0:32.846;223.0;Vivek KANTHAN;;R;B;Campos Racing;;SF;26.539;24.745;35.188;32.846;
2;1;4;2:34.022;0;;34.157;0;34.342;0;42.248;0;43.275;0;100.8;8:22.347;16:01:57.432;0:34.157;0:34.342;0:42.248;0:43.275;184.9;Vivek KANTHAN;;R;B;Campos Racing;;SF;34.157;34.342;42.248;43.275;
2;1;5;2:34.940;0;;48.305;0;33.129;0;40.094;0;33.412;0;100.2;10:57.287;16:04:32.372;0:48.305;0:33.129;0:40.094;0:33.412;74.5;Vivek KANTHAN;;R;B;Campos Racing;;SF;48.305;33.129;40.094;33.412;
2;1;6;2:18.821;0;;34.368;0;33.012;0;44.368;0;27.073;0;111.8;13:16.108;16:06:51.193;0:34.368;0:33.012;0:44.368;0:27.073;186.5;Vivek KANTHAN;;R;B;Campos Racing;;GF;34.368;33.012;44.368;27.073;
2;1;7;1:47.780;0;;26.710;0;23.479;0;31.083;0;26.508;0;144.1;15:03.888;16:08:38.973;0:26.710;0:23.479;0:31.083;0:26.508;223.0;Vivek KANTHAN;;R;B;Campos Racing;;GF;26.710;23.479;31.083;26.508;
2;1;8;1:48.212;0;;26.724;0;23.712;0;31.329;0;26.447;0;143.5;16:52.100;16:10:27.185;0:26.724;0:23.712;0:31.329;0:26.447;224.3;Vivek KANTHAN;;R;B;Campos Racing;;GF;26.724;23.712;31.329;26.447;
2;1;9;1:48.880;0;;26.720;0;24.087;0;31.465;0;26.608;0;142.6;18:40.980;16:12:16.065;0:26.720;0:24.087;0:31.465;0:26.608;223.0;Vivek KANTHAN;;R;B;Campos Racing;;GF;26.720;24.087;31.465;26.608;
2;1;10;1:50.850;0;;27.036;0;24.045;0;32.659;0;27.110;0;140.1;20:31.830;16:14:06.915;0:27.036;0:24.045;0:32.659;0:27.110;226.7;Vivek KANTHAN;;R;B;Campos Racing;;GF;27.036;24.045;32.659;27.110;
2;1;11;1:48.215;0;;26.688;0;23.525;0;31.330;0;26.672;0;143.5;22:20.045;16:15:55.130;0:26.688;0:23.525;0:31.330;0:26.672;221.8;Vivek KANTHAN;;R;B;Campos Racing;;GF;26.688;23.525;31.330;26.672;
2;1;12;1:47.994;0;;27.048;0;23.421;0;31.118;0;26.407;2;143.8;24:08.039;16:17:43.124;0:27.048;0:23.421;0:31.118;0:26.407;217.1;Vivek KANTHAN;;R;B;Campos Racing;;GF;27.048;23.421;31.118;26.407;
2;1;13;1:49.166;0;;27.445;0;23.577;0;31.598;0;26.546;0;142.2;25:57.205;16:19:32.290;0:27.445;0:23.577;0:31.598;0:26.546;221.8;Vivek KANTHAN;;R;B;Campos Racing;;GF;27.445;23.577;31.598;26.546;
2;1;14;1:46.978;0;;26.624;0;23.351;0;30.576;3;26.427;0;145.1;27:44.183;16:21:19.268;0:26.624;0:23.351;0:30.576;0:26.427;221.8;Vivek KANTHAN;;R;B;Campos Racing;;GF;26.624;23.351;30.576;26.427;
2;1;15;1:46.945;2;;26.572;0;23.265;2;30.632;0;26.476;0;145.2;29:31.128;16:23:06.213;0:26.572;0:23.265;0:30.632;0:26.476;223.0;Vivek KANTHAN;;R;B;Campos Racing;;GF;26.572;23.265;30.632;26.476;
2;1;16;1:47.245;0;;26.560;0;23.473;0;30.787;0;26.425;0;144.8;31:18.373;16:24:53.458;0:26.560;0:23.473;0:30.787;0:26.425;221.8;Vivek KANTHAN;;R;B;Campos Racing;;GF;26.560;23.473;30.787;26.425;
2;1;17;1:47.454;0;;26.532;2;23.398;0;31.005;0;26.519;0;144.5;33:05.827;16:26:40.912;0:26.532;0:23.398;0:31.005;0:26.519;221.8;Vivek KANTHAN;;R;B;Campos Racing;;FF;26.532;23.398;31.005;26.519;
22;1;1;1:54.262;0;;33.122;0;23.527;0;31.082;0;26.531;0;135.9;1:54.262;15:55:29.347;0:33.122;0:23.527;0:31.082;0:26.531;;Juan COTA;;;A;MP Motorsport;;GF;33.122;23.527;31.082;26.531;
22;1;2;1:47.713;0;;26.959;0;23.348;0;30.929;0;26.477;0;144.1;3:41.975;15:57:17.060;0:26.959;0:23.348;0:30.929;0:26.477;219.5;Juan COTA;;;A;MP Motorsport;;GF;26.959;23.348;30.929;26.477;
22;1;3;1:58.102;0;;26.544;0;23.195;0;36.104;0;32.259;0;131.5;5:40.077;15:59:15.162;0:26.544;0:23.195;0:36.104;0:32.259;219.5;Juan COTA;;;A;MP Motorsport;;SF;26.544;23.195;36.104;32.259;
22;1;4;2:35.014;0;;35.566;0;32.610;0;42.752;0;44.086;0;100.2;8:15.091;16:01:50.176;0:35.566;0:32.610;0:42.752;0:44.086;176.1;Juan COTA;;;A;MP Motorsport;;SF;35.566;32.610;42.752;44.086;
22;1;5;2:34.630;0;;47.334;0;32.402;0;41.178;0;33.716;0;100.4;10:49.721;16:04:24.806;0:47.334;0:32.402;0:41.178;0:33.716;72.5;Juan COTA;;;A;MP Motorsport;;SF;47.334;32.402;41.178;33.716;
22;1;6;2:21.290;0;;34.812;0;31.058;0;48.493;0;26.927;0;109.9;13:11.011;16:06:46.096;0:34.812;0:31.058;0:48.493;0:26.927;195.4;Juan COTA;;;A;MP Motorsport;;GF;34.812;31.058;48.493;26.927;
22;1;7;1:47.824;0;;26.714;0;23.460;0;30.957;0;26.693;0;144.0;14:58.835;16:08:33.920;0:26.714;0:23.460;0:30.957;0:26.693;221.8;Juan COTA;;;A;MP Motorsport;;GF;26.714;23.460;30.957;26.693;
22;1;8;1:49.473;0;;26.913;0;23.646;0;31.661;0;27.253;0;141.8;16:48.308;16:10:23.393;0:26.913;0:23.646;0:31.661;0:27.253;220.6;Juan COTA;;;A;MP Motorsport;;GF;26.913;23.646;31.661;27.253;
22;1;9;1:49.713;0;;26.838;0;23.693;0;31.874;0;27.308;0;141.5;18:38.021;16:12:13.106;0:26.838;0:23.693;0:31.874;0:27.308;216.0;Juan COTA;;;A;MP Motorsport;;GF;26.838;23.693;31.874;27.308;
22;1;10;1:48.558;0;;27.445;0;23.541;0;31.081;0;26.491;0;143.0;20:26.579;16:14:01.664;0:27.445;0:23.541;0:31.081;0:26.491;;Juan COTA;;;A;MP Motorsport;;GF;27.445;23.541;31.081;26.491;
22;1;11;1:47.120;0;;26.830;0;23.173;2;30.598;0;26.519;0;144.9;22:13.699;16:15:48.784;0:26.830;0:23.173;0:30.598;0:26.519;224.3;Juan COTA;;;A;MP Motorsport;;GF;26.830;23.173;30.598;26.519;
22;1;12;1:46.921;0;;26.623;0;23.218;0;30.653;0;26.427;0;145.2;24:00.620;16:17:35.705;0:26.623;0:23.218;0:30.653;0:26.427;218.3;Juan COTA;;;A;MP Motorsport;;GF;26.623;23.218;30.653;26.427;
22;1;13;1:46.858;0;;26.521;0;23.304;0;30.586;2;26.447;0;145.3;25:47.478;16:19:22.563;0:26.521;0:23.304;0:30.586;0:26.447;218.3;Juan COTA;;;A;MP Motorsport;;GF;26.521;23.304;30.586;26.447;
22;1;14;1:47.770;0;;26.501;2;23.703;0;31.143;0;26.423;0;144.1;27:35.248;16:21:10.333;0:26.501;0:23.703;0:31.143;0:26.423;221.8;Juan COTA;;;A;MP Motorsport;;GF;26.501;23.703;31.143;26.423;
22;1;15;1:46.915;0;;26.581;0;23.370;0;30.595;0;26.369;0;145.2;29:22.163;16:22:57.248;0:26.581;0:23.370;0:30.595;0:26.369;218.3;Juan COTA;;;A;MP Motorsport;;GF;26.581;23.370;30.595;26.369;
22;1;16;1:46.839;0;;26.518;0;23.226;0;30.736;0;26.359;0;145.3;31:09.002;16:24:44.087;0:26.518;0:23.226;0:30.736;0:26.359;220.6;Juan COTA;;;A;MP Motorsport;;GF;26.518;23.226;30.736;26.359;
22;1;17;1:46.760;2;;26.573;0;23.301;0;30.595;0;26.291;2;145.4;32:55.762;16:26:30.847;0:26.573;0:23.301;0:30.595;0:26.291;218.3;Juan COTA;;;A;MP Motorsport;;FF;26.573;23.301;30.595;26.291;
23;1;1;1:53.987;0;;32.804;0;23.502;0;30.996;0;26.685;0;136.2;1:53.987;15:55:29.072;0:32.804;0:23.502;0:30.996;0:26.685;;Jan PRZYROWSKI;;;B;Griffin Core;;GF;32.804;23.502;30.996;26.685;
23;1;2;1:47.500;0;;26.836;0;23.378;0;30.829;0;26.457;0;144.4;3:41.487;15:57:16.572;0:26.836;0:23.378;0:30.829;0:26.457;218.3;Jan PRZYROWSKI;;;B;Griffin Core;;GF;26.836;23.378;30.829;26.457;
23;1;3;1:57.764;0;;26.521;0;23.319;0;35.874;0;32.050;0;131.8;5:39.251;15:59:14.336;0:26.521;0:23.319;0:35.874;0:32.050;221.8;Jan PRZYROWSKI;;;B;Griffin Core;;SF;26.521;23.319;35.874;32.050;
23;1;4;2:35.260;0;;35.867;0;32.547;0;42.802;0;44.044;0;100.0;8:14.511;16:01:49.596;0:35.867;0:32.547;0:42.802;0:44.044;181.6;Jan PRZYROWSKI;;;B;Griffin Core;;SF;35.867;32.547;42.802;44.044;
23;1;5;2:33.890;0;;47.572;0;31.895;0;41.518;0;32.905;0;100.9;10:48.401;16:04:23.486;0:47.572;0:31.895;0:41.518;0:32.905;74.6;Jan PRZYROWSKI;;;B;Griffin Core;;SF;47.572;31.895;41.518;32.905;
23;1;6;2:22.081;0;;35.632;0;30.913;0;48.657;0;26.879;0;109.3;13:10.482;16:06:45.567;0:35.632;0:30.913;0:48.657;0:26.879;183.2;Jan PRZYROWSKI;;;B;Griffin Core;;GF;35.632;30.913;48.657;26.879;
23;1;7;1:48.116;0;;26.628;0;23.420;0;31.054;0;27.014;0;143.6;14:58.598;16:08:33.683;0:26.628;0:23.420;0:31.054;0:27.014;225.5;Jan PRZYROWSKI;;;B;Griffin Core;;GF;26.628;23.420;31.054;27.014;
23;1;8;1:48.047;0;;26.704;0;23.796;0;31.176;0;26.371;0;143.7;16:46.645;16:10:21.730;0:26.704;0:23.796;0:31.176;0:26.371;219.5;Jan PRZYROWSKI;;;B;Griffin Core;;GF;26.704;23.796;31.176;26.371;
23;1;9;1:46.612;2;;26.452;2;23.256;0;30.625;2;26.279;2;145.6;18:33.257;16:12:08.342;0:26.452;0:23.256;0:30.625;0:26.279;219.5;Jan PRZYROWSKI;;;B;Griffin Core;;GF;26.452;23.256;30.625;26.279;
23;1;10;1:46.664;0;;26.487;0;23.163;3;30.671;0;26.343;0;145.6;20:19.921;16:13:55.006;0:26.487;0:23.163;0:30.671;0:26.343;220.6;Jan PRZYROWSKI;;;B;Griffin Core;;GF;26.487;23.163;30.671;26.343;
23;1;11;1:46.701;0;;26.467;0;23.177;0;30.639;0;26.418;0;145.5;22:06.622;16:15:41.707;0:26.467;0:23.177;0:30.639;0:26.418;218.3;Jan PRZYROWSKI;;;B;Griffin Core;;GF;26.467;23.177;30.639;26.418;
23;1;12;1:46.803;0;;26.519;0;23.263;0;30.647;0;26.374;0;145.4;23:53.425;16:17:28.510;0:26.519;0:23.263;0:30.647;0:26.374;218.3;Jan PRZYROWSKI;;;B;Griffin Core;;GF;26.519;23.263;30.647;26.374;
23;1;13;1:46.888;0;;26.525;0;23.303;0;30.692;0;26.368;0;145.3;25:40.313;16:19:15.398;0:26.525;0:23.303;0:30.692;0:26.368;220.6;Jan PRZYROWSKI;;;B;Griffin Core;;GF;26.525;23.303;30.692;26.368;
23;1;14;1:47.364;0;;26.452;0;23.370;0;30.889;0;26.653;0;144.6;27:27.677;16:21:02.762;0:26.452;0:23.370;0:30.889;0:26.653;223.0;Jan PRZYROWSKI;;;B;Griffin Core;;GF;26.452;23.370;30.889;26.653;
23;1;15;1:48.012;0;;26.859;0;23.560;0;31.062;0;26.531;0;143.8;29:15.689;16:22:50.774;0:26.859;0:23.560;0:31.062;0:26.531;219.5;Jan PRZYROWSKI;;;B;Griffin Core;;GF;26.859;23.560;31.062;26.531;
23;1;16;1:47.827;0;;26.854;0;23.531;0;30.963;0;26.479;0;144.0;31:03.516;16:24:38.601;0:26.854;0:23.531;0:30.963;0:26.479;224.3;Jan PRZYROWSKI;;;B;Griffin Core;;GF;26.854;23.531;30.963;26.479;
23;1;17;1:47.372;0;;26.653;0;23.451;0;30.864;0;26.404;0;144.6;32:50.888;16:26:25.973;0:26.653;0:23.451;0:30.864;0:26.404;223.0;Jan PRZYROWSKI;;;B;Griffin Core;;FF;26.653;23.451;30.864;26.404;
24;1;1;2:01.870;0;;37.266;0;24.774;0;32.377;0;27.453;0;127.4;2:01.870;15:55:36.955;0:37.266;0:24.774;0:32.377;0:27.453;;Kyuho LEE;;R;B;Rodin Motorsport;;GF;37.266;24.774;32.377;27.453;
24;1;2;1:54.446;0;;27.923;0;24.550;0;32.593;0;29.380;0;135.7;3:56.316;15:57:31.401;0:27.923;0:24.550;0:32.593;0:29.380;;Kyuho LEE;;R;B;Rodin Motorsport;;GF;27.923;24.550;32.593;29.380;
24;1;3;2:00.706;0;;27.426;0;25.679;0;36.815;0;30.786;0;128.6;5:57.022;15:59:32.107;0:27.426;0:25.679;0:36.815;0:30.786;218.3;Kyuho LEE;;R;B;Rodin Motorsport;;SF;27.426;25.679;36.815;30.786;
24;1;4;2:36.011;0;;37.926;0;31.559;0;42.130;0;44.396;0;99.5;8:33.033;16:02:08.118;0:37.926;0:31.559;0:42.130;0:44.396;152.0;Kyuho LEE;;R;B;Rodin Motorsport;;SF;37.926;31.559;42.130;44.396;
24;1;5;2:34.313;0;;48.235;0;32.788;0;39.884;0;33.406;0;100.6;11:07.346;16:04:42.431;0:48.235;0:32.788;0:39.884;0:33.406;50.0;Kyuho LEE;;R;B;Rodin Motorsport;;SF;48.235;32.788;39.884;33.406;
24;1;6;2:15.877;0;;32.889;0;33.827;0;41.559;0;27.602;0;114.3;13:23.223;16:06:58.308;0:32.889;0:33.827;0:41.559;0:27.602;162.2;Kyuho LEE;;R;B;Rodin Motorsport;;GF;32.889;33.827;41.559;27.602;
24;1;7;1:48.687;0;;26.949;0;23.704;0;31.447;0;26.587;0;142.9;15:11.910;16:08:46.995;0:26.949;0:23.704;0:31.447;0:26.587;223.0;Kyuho LEE;;R;B;Rodin Motorsport;;GF;26.949;23.704;31.447;26.587;
24;1;8;1:49.220;0;;26.889;0;24.101;0;31.683;0;26.547;0;142.2;17:01.130;16:10:36.215;0:26.889;0:24.101;0:31.683;0:26.547;224.3;Kyuho LEE;;R;B;Rodin Motorsport;;GF;26.889;24.101;31.683;26.547;
24;1;9;1:48.981;0;;26.847;0;24.359;0;31.238;0;26.537;0;142.5;18:50.111;16:12:25.196;0:26.847;0:24.359;0:31.238;0:26.537;220.6;Kyuho LEE;;R;B;Rodin Motorsport;;GF;26.847;24.359;31.238;26.537;
24;1;10;1:48.271;0;;26.850;0;23.450;2;31.334;0;26.637;0;143.4;20:38.382;16:14:13.467;0:26.850;0:23.450;0:31.334;0:26.637;219.5;Kyuho LEE;;R;B;Rodin Motorsport;;GF;26.850;23.450;31.334;26.637;
24;1;11;1:48.052;2;;26.814;0;23.543;0;31.177;0;26.518;2;143.7;22:26.434;16:16:01.519;0:26.814;0:23.543;0:31.177;0:26.518;220.6;Kyuho LEE;;R;B;Rodin Motorsport;;GF;26.814;23.543;31.177;26.518;
24;1;12;1:49.670;0;;26.907;0;24.891;0;31.279;0;26.593;0;141.6;24:16.104;16:17:51.189;0:26.907;0:24.891;0:31.279;0:26.593;221.8;Kyuho LEE;;R;B;Rodin Motorsport;;GF;26.907;24.891;31.279;26.593;
24;1;13;1:48.813;0;;26.805;0;23.674;0;31.448;0;26.886;0;142.7;26:04.917;16:19:40.002;0:26.805;0:23.674;0:31.448;0:26.886;220.6;Kyuho LEE;;R;B;Rodin Motorsport;;GF;26.805;23.674;31.448;26.886;
24;1;14;1:48.979;0;;27.217;0;23.636;0;31.481;0;26.645;0;142.5;27:53.896;16:21:28.981;0:27.217;0:23.636;0:31.481;0:26.645;225.5;Kyuho LEE;;R;B;Rodin Motorsport;;GF;27.217;23.636;31.481;26.645;
24;1;15;1:48.221;0;;26.767;2;23.624;0;31.119;2;26.711;0;143.5;29:42.117;16:23:17.202;0:26.767;0:23.624;0:31.119;0:26.711;221.8;Kyuho LEE;;R;B;Rodin Motorsport;;GF;26.767;23.624;31.119;26.711;
24;1;16;1:48.818;0;;27.369;0;23.658;0;31.248;0;26.543;0;142.7;31:30.935;16:25:06.020;0:27.369;0:23.658;0:31.248;0:26.543;224.3;Kyuho LEE;;R;B;Rodin Motorsport;;GF;27.369;23.658;31.248;26.543;
24;1;17;1:48.852;0;;26.857;0;23.922;0;31.475;0;26.598;0;142.6;33:19.787;16:26:54.872;0:26.857;0:23.922;0:31.475;0:26.598;223.0;Kyuho LEE;;R;B;Rodin Motorsport;;FF;26.857;23.922;31.475;26.598;
25;1;1;2:00.434;0;;36.138;0;25.067;0;32.288;0;26.941;0;128.9;2:00.434;15:55:35.519;0:36.138;0:25.067;0:32.288;0:26.941;;Francisco MONARCA;;R;A;Monlau Motorsport;;GF;36.138;25.067;32.288;26.941;
25;1;2;1:49.975;0;;27.425;0;24.269;0;31.555;0;26.726;0;141.2;3:50.409;15:57:25.494;0:27.425;0:24.269;0:31.555;0:26.726;;Francisco MONARCA;;R;A;Monlau Motorsport;;GF;27.425;24.269;31.555;26.726;
25;1;3;2:00.305;0;;27.185;0;24.782;0;35.596;0;32.742;0;129.1;5:50.714;15:59:25.799;0:27.185;0:24.782;0:35.596;0:32.742;;Francisco MONARCA;;R;A;Monlau Motorsport;;SF;27.185;24.782;35.596;32.742;
25;1;4;2:35.314;0;;34.375;0;34.505;0;42.161;0;44.273;0;100.0;8:26.028;16:02:01.113;0:34.375;0:34.505;0:42.161;0:44.273;;Francisco MONARCA;;R;A;Monlau Motorsport;;SF;34.375;34.505;42.161;44.273;
25;1;5;2:34.011;0;;47.763;0;33.197;0;39.963;0;33.088;0;100.8;11:00.039;16:04:35.124;0:47.763;0:33.197;0:39.963;0:33.088;;Francisco MONARCA;;R;A;Monlau Motorsport;;SF;47.763;33.197;39.963;33.088;
25;1;6;2:18.125;0;;33.992;0;33.634;0;43.496;0;27.003;0;112.4;13:18.164;16:06:53.249;0:33.992;0:33.634;0:43.496;0:27.003;;Francisco MONARCA;;R;A;Monlau Motorsport;;GF;33.992;33.634;43.496;27.003;
25;1;7;1:48.162;0;;26.802;0;23.749;0;31.000;2;26.611;0;143.6;15:06.326;16:08:41.411;0:26.802;0:23.749;0:31.000;0:26.611;;Francisco MONARCA;;R;A;Monlau Motorsport;;GF;26.802;23.749;31.000;26.611;
25;1;8;1:47.894;0;;26.662;0;23.660;0;31.072;0;26.500;0;143.9;16:54.220;16:10:29.305;0:26.662;0:23.660;0:31.072;0:26.500;;Francisco MONARCA;;R;A;Monlau Motorsport;;GF;26.662;23.660;31.072;26.500;
25;1;9;1:48.141;0;;26.666;0;23.400;2;31.333;0;26.742;0;143.6;18:42.361;16:12:17.446;0:26.666;0:23.400;0:31.333;0:26.742;;Francisco MONARCA;;R;A;Monlau Motorsport;;GF;26.666;23.400;31.333;26.742;
25;1;10;1:50.673;0;;26.932;0;23.931;0;32.692;0;27.118;0;140.3;20:33.034;16:14:08.119;0:26.932;0:23.931;0:32.692;0:27.118;;Francisco MONARCA;;R;A;Monlau Motorsport;;GF;26.932;23.931;32.692;27.118;
25;1;11;1:49.569;0;;28.057;0;23.731;0;31.214;0;26.567;0;141.7;22:22.603;16:15:57.688;0:28.057;0:23.731;0:31.214;0:26.567;;Francisco MONARCA;;R;A;Monlau Motorsport;;GF;28.057;23.731;31.214;26.567;
25;1;12;1:48.910;0;;26.682;0;24.479;0;31.100;0;26.649;0;142.6;24:11.513;16:17:46.598;0:26.682;0:24.479;0:31.100;0:26.649;;Francisco MONARCA;;R;A;Monlau Motorsport;;GF;26.682;24.479;31.100;26.649;
25;1;13;1:49.439;0;;26.608;2;23.605;0;31.725;0;27.501;0;141.9;26:00.952;16:19:36.037;0:26.608;0:23.605;0:31.725;0:27.501;;Francisco MONARCA;;R;A;Monlau Motorsport;;GF;26.608;23.605;31.725;27.501;
25;1;14;1:49.522;0;;27.295;0;24.500;0;31.205;0;26.522;0;141.8;27:50.474;16:21:25.559;0:27.295;0:24.500;0:31.205;0:26.522;;Francisco MONARCA;;R;A;Monlau Motorsport;;GF;27.295;24.500;31.205;26.522;
25;1;15;1:48.009;0;;26.642;0;23.656;0;31.215;0;26.496;2;143.8;29:38.483;16:23:13.568;0:26.642;0:23.656;0:31.215;0:26.496;;Francisco MONARCA;;R;A;Monlau Motorsport;;GF;26.642;23.656;31.215;26.496;
25;1;16;1:49.117;0;;26.961;0;24.210;0;31.450;0;26.496;0;142.3;31:27.600;16:25:02.685;0:26.961;0:24.210;0:31.450;0:26.496;;Francisco MONARCA;;R;A;Monlau Motorsport;;GF;26.961;24.210;31.450;26.496;
25;1;17;1:48.009;2;;26.641;0;23.473;0;31.326;0;26.569;0;143.8;33:15.609;16:26:50.694;0:26.641;0:23.473;0:31.326;0:26.569;;Francisco MONARCA;;R;A;Monlau Motorsport;;FF;26.641;23.473;31.326;26.569;
27;1;1;2:03.474;0;;38.420;0;24.647;0;33.344;0;27.063;2;125.7;2:03.474;15:55:38.559;0:38.420;0:24.647;0:33.344;0:27.063;;Alexander JACOBY;;;A;Monlau Motorsport;;GF;38.420;24.647;33.344;27.063;
32;1;1;2:02.589;0;;37.990;0;24.779;0;32.516;0;27.304;0;126.7;2:02.589;15:55:37.674;0:37.990;0:24.779;0:32.516;0:27.304;;Wiktor DOBRZANSKI;;;B;Tecnicar by Amtog;;GF;37.990;24.779;32.516;27.304;
32;1;2;1:51.099;0;;27.347;0;24.327;0;32.193;0;27.232;0;139.8;3:53.688;15:57:28.773;0:27.347;0:24.327;0:32.193;0:27.232;209.4;Wiktor DOBRZANSKI;;;B;Tecnicar by Amtog;;GF;27.347;24.327;32.193;27.232;
32;1;3;2:01.168;0;;27.215;0;24.971;0;35.865;0;33.117;0;128.1;5:54.856;15:59:29.941;0:27.215;0:24.971;0:35.865;0:33.117;223.0;Wiktor DOBRZANSKI;;;B;Tecnicar by Amtog;;SF;27.215;24.971;35.865;33.117;
32;1;4;2:34.239;0;;35.981;0;31.422;0;42.169;0;44.667;0;100.7;8:29.095;16:02:04.180;0:35.981;0:31.422;0:42.169;0:44.667;161.6;Wiktor DOBRZANSKI;;;B;Tecnicar by Amtog;;SF;35.981;31.422;42.169;44.667;
32;1;5;2:33.746;0;;46.935;0;34.009;0;39.685;0;33.117;0;101.0;11:02.841;16:04:37.926;0:46.935;0:34.009;0:39.685;0:33.117;93.5;Wiktor DOBRZANSKI;;;B;Tecnicar by Amtog;;SF;46.935;34.009;39.685;33.117;
32;1;6;2:17.332;0;;33.298;0;34.459;0;42.265;0;27.310;0;113.1;13:20.173;16:06:55.258;0:33.298;0:34.459;0:42.265;0:27.310;191.8;Wiktor DOBRZANSKI;;;B;Tecnicar by Amtog;;GF;33.298;34.459;42.265;27.310;
32;1;7;1:48.624;0;;26.903;0;23.789;0;31.156;0;26.776;0;142.9;15:08.797;16:08:43.882;0:26.903;0:23.789;0:31.156;0:26.776;228.0;Wiktor DOBRZANSKI;;;B;Tecnicar by Amtog;;GF;26.903;23.789;31.156;26.776;
32;1;8;1:48.206;0;;26.873;0;23.582;0;31.003;2;26.748;0;143.5;16:57.003;16:10:32.088;0:26.873;0:23.582;0:31.003;0:26.748;;Wiktor DOBRZANSKI;;;B;Tecnicar by Amtog;;GF;26.873;23.582;31.003;26.748;
32;1;9;1:48.250;0;;26.667;0;23.551;0;31.237;0;26.795;0;143.4;18:45.253;16:12:20.338;0:26.667;0:23.551;0:31.237;0:26.795;221.8;Wiktor DOBRZANSKI;;;B;Tecnicar by Amtog;;GF;26.667;23.551;31.237;26.795;
32;1;10;1:48.851;0;;26.839;0;23.738;0;31.509;0;26.765;0;142.6;20:34.104;16:14:09.189;0:26.839;0:23.738;0:31.509;0:26.765;213.8;Wiktor DOBRZANSKI;;;B;Tecnicar by Amtog;;GF;26.839;23.738;31.509;26.765;
32;1;11;1:49.128;0;;27.093;0;23.969;0;31.230;0;26.836;0;142.3;22:23.232;16:15:58.317;0:27.093;0:23.969;0:31.230;0:26.836;228.0;Wiktor DOBRZANSKI;;;B;Tecnicar by Amtog;;GF;27.093;23.969;31.230;26.836;
32;1;12;1:50.819;0;;26.760;0;25.126;0;32.103;0;26.830;0;140.1;24:14.051;16:17:49.136;0:26.760;0:25.126;0:32.103;0:26.830;;Wiktor DOBRZANSKI;;;B;Tecnicar by Amtog;;GF;26.760;25.126;32.103;26.830;
32;1;13;1:48.839;0;;27.024;0;23.719;0;31.338;0;26.758;0;142.7;26:02.890;16:19:37.975;0:27.024;0:23.719;0:31.338;0:26.758;210.5;Wiktor DOBRZANSKI;;;B;Tecnicar by Amtog;;GF;27.024;23.719;31.338;26.758;
32;1;14;1:48.798;0;;26.968;0;23.738;0;31.351;0;26.741;0;142.7;27:51.688;16:21:26.773;0:26.968;0:23.738;0:31.351;0:26.741;225.5;Wiktor DOBRZANSKI;;;B;Tecnicar by Amtog;;GF;26.968;23.738;31.351;26.741;
32;1;15;1:48.405;0;;26.936;0;23.656;0;31.054;0;26.759;0;143.2;29:40.093;16:23:15.178;0:26.936;0:23.656;0:31.054;0:26.759;224.3;Wiktor DOBRZANSKI;;;B;Tecnicar by Amtog;;GF;26.936;23.656;31.054;26.759;
32;1;16;1:48.654;0;;26.636;2;23.830;0;31.327;0;26.861;0;142.9;31:28.747;16:25:03.832;0:26.636;0:23.830;0:31.327;0:26.861;225.5;Wiktor DOBRZANSKI;;;B;Tecnicar by Amtog;;GF;26.636;23.830;31.327;26.861;
32;1;17;1:48.156;2;;26.840;0;23.537;2;31.092;0;26.687;2;143.6;33:16.903;16:26:51.988;0:26.840;0:23.537;0:31.092;0:26.687;223.0;Wiktor DOBRZANSKI;;;B;Tecnicar by Amtog;;FF;26.840;23.537;31.092;26.687;
33;1;1;1:58.575;0;;34.218;0;24.174;0;32.672;0;27.511;0;130.9;1:58.575;15:55:33.660;0:34.218;0:24.174;0:32.672;0:27.511;;Christopher EL FEGHALI;;R;A;Drivex;;GF;34.218;24.174;32.672;27.511;
33;1;2;1:48.844;0;;27.244;0;23.949;0;31.180;0;26.471;0;142.7;3:47.419;15:57:22.504;0:27.244;0:23.949;0:31.180;0:26.471;216.0;Christopher EL FEGHALI;;R;A;Drivex;;GF;27.244;23.949;31.180;26.471;
33;1;3;1:58.378;0;;26.472;2;23.421;0;35.669;0;32.816;0;131.2;5:45.797;15:59:20.882;0:26.472;0:23.421;0:35.669;0:32.816;218.3;Christopher EL FEGHALI;;R;A;Drivex;;SF;26.472;23.421;35.669;32.816;
33;1;4;2:34.117;0;;34.458;0;33.800;0;42.010;0;43.849;0;100.7;8:19.914;16:01:54.999;0:34.458;0:33.800;0:42.010;0:43.849;176.9;Christopher EL FEGHALI;;R;A;Drivex;;SF;34.458;33.800;42.010;43.849;
33;1;5;2:34.705;0;;48.190;0;31.807;0;41.461;0;33.247;0;100.4;10:54.619;16:04:29.704;0:48.190;0:31.807;0:41.461;0:33.247;66.4;Christopher EL FEGHALI;;R;A;Drivex;;SF;48.190;31.807;41.461;33.247;
33;1;6;2:19.847;0;;34.281;0;32.165;0;46.362;0;27.039;0;111.0;13:14.466;16:06:49.551;0:34.281;0:32.165;0:46.362;0:27.039;179.2;Christopher EL FEGHALI;;R;A;Drivex;;GF;34.281;32.165;46.362;27.039;
33;1;7;1:48.115;0;;26.748;0;23.525;0;31.249;0;26.593;0;143.6;15:02.581;16:08:37.666;0:26.748;0:23.525;0:31.249;0:26.593;219.5;Christopher EL FEGHALI;;R;A;Drivex;;GF;26.748;23.525;31.249;26.593;
33;1;8;1:48.320;0;;26.911;0;23.568;0;31.300;0;26.541;0;143.3;16:50.901;16:10:25.986;0:26.911;0:23.568;0:31.300;0:26.541;220.6;Christopher EL FEGHALI;;R;A;Drivex;;GF;26.911;23.568;31.300;26.541;
33;1;9;1:48.615;0;;26.718;0;24.246;0;31.169;0;26.482;0;143.0;18:39.516;16:12:14.601;0:26.718;0:24.246;0:31.169;0:26.482;223.0;Christopher EL FEGHALI;;R;A;Drivex;;GF;26.718;24.246;31.169;26.482;
33;1;10;1:48.971;0;;26.644;0;23.820;0;31.847;0;26.660;0;142.5;20:28.487;16:14:03.572;0:26.644;0:23.820;0:31.847;0:26.660;219.5;Christopher EL FEGHALI;;R;A;Drivex;;GF;26.644;23.820;31.847;26.660;
33;1;11;1:49.958;0;;27.034;0;24.668;0;31.669;0;26.587;0;141.2;22:18.445;16:15:53.530;0:27.034;0:24.668;0:31.669;0:26.587;218.3;Christopher EL FEGHALI;;R;A;Drivex;;GF;27.034;24.668;31.669;26.587;
33;1;12;1:47.731;0;;26.878;0;23.460;0;30.877;0;26.516;0;144.1;24:06.176;16:17:41.261;0:26.878;0:23.460;0:30.877;0:26.516;219.5;Christopher EL FEGHALI;;R;A;Drivex;;GF;26.878;23.460;30.877;26.516;
33;1;13;1:47.629;0;;26.700;0;23.501;0;30.923;0;26.505;0;144.3;25:53.805;16:19:28.890;0:26.700;0:23.501;0:30.923;0:26.505;217.1;Christopher EL FEGHALI;;R;A;Drivex;;GF;26.700;23.501;30.923;26.505;
33;1;14;1:47.317;2;;26.694;0;23.389;0;30.805;2;26.429;2;144.7;27:41.122;16:21:16.207;0:26.694;0:23.389;0:30.805;0:26.429;217.1;Christopher EL FEGHALI;;R;A;Drivex;;GF;26.694;23.389;30.805;26.429;
33;1;15;1:47.560;0;;26.614;0;23.504;0;30.903;0;26.539;0;144.4;29:28.682;16:23:03.767;0:26.614;0:23.504;0:30.903;0:26.539;218.3;Christopher EL FEGHALI;;R;A;Drivex;;GF;26.614;23.504;30.903;26.539;
33;1;16;1:47.571;0;;26.618;0;23.362;2;30.871;0;26.720;0;144.3;31:16.253;16:24:51.338;0:26.618;0:23.362;0:30.871;0:26.720;219.5;Christopher EL FEGHALI;;R;A;Drivex;;GF;26.618;23.362;30.871;26.720;
33;1;17;1:48.198;0;;26.991;0;23.491;0;31.269;0;26.447;0;143.5;33:04.451;16:26:39.536;0:26.991;0:23.491;0:31.269;0:26.447;217.1;Christopher EL FEGHALI;;R;A;Drivex;;FF;26.991;23.491;31.269;26.447;
37;1;1;1:59.886;0;;35.799;0;24.737;0;31.921;0;27.429;0;129.5;1:59.886;15:55:34.971;0:35.799;0:24.737;0:31.921;0:27.429;;Filippo FIORENTINO;;;A;Drivex;;GF;35.799;24.737;31.921;27.429;
37;1;2;1:49.789;0;;27.593;0;23.884;0;31.669;0;26.643;0;141.4;3:49.675;15:57:24.760;0:27.593;0:23.884;0:31.669;0:26.643;216.0;Filippo FIORENTINO;;;A;Drivex;;GF;27.593;23.884;31.669;26.643;
37;1;3;1:59.080;0;;26.591;2;24.255;0;35.568;0;32.666;0;130.4;5:48.755;15:59:23.840;0:26.591;0:24.255;0:35.568;0:32.666;216.0;Filippo FIORENTINO;;;A;Drivex;;SF;26.591;24.255;35.568;32.666;
37;1;4;2:34.763;0;;34.229;0;34.635;0;42.005;0;43.894;0;100.3;8:23.518;16:01:58.603;0:34.229;0:34.635;0:42.005;0:43.894;177.7;Filippo FIORENTINO;;;A;Drivex;;SF;34.229;34.635;42.005;43.894;
37;1;5;2:34.436;0;;47.869;0;33.071;0;40.073;0;33.423;0;100.5;10:57.954;16:04:33.039;0:47.869;0:33.071;0:40.073;0:33.423;78.0;Filippo FIORENTINO;;;A;Drivex;;SF;47.869;33.071;40.073;33.423;
37;1;6;2:18.657;0;;34.241;0;33.379;0;43.687;0;27.350;0;112.0;13:16.611;16:06:51.696;0:34.241;0:33.379;0:43.687;0:27.350;171.7;Filippo FIORENTINO;;;A;Drivex;;GF;34.241;33.379;43.687;27.350;
37;1;7;1:47.956;0;;26.829;0;23.483;0;31.038;0;26.606;0;143.8;15:04.567;16:08:39.652;0:26.829;0:23.483;0:31.038;0:26.606;219.5;Filippo FIORENTINO;;;A;Drivex;;GF;26.829;23.483;31.038;26.606;
37;1;8;1:48.516;0;;27.386;0;23.621;0;30.999;0;26.510;0;143.1;16:53.083;16:10:28.168;0:27.386;0:23.621;0:30.999;0:26.510;219.5;Filippo FIORENTINO;;;A;Drivex;;GF;27.386;23.621;30.999;26.510;
37;1;9;1:48.559;0;;26.606;0;23.626;0;31.513;0;26.814;0;143.0;18:41.642;16:12:16.727;0:26.606;0:23.626;0:31.513;0:26.814;221.8;Filippo FIORENTINO;;;A;Drivex;;GF;26.606;23.626;31.513;26.814;
37;1;10;1:50.737;0;;26.947;0;24.642;0;31.773;0;27.375;0;140.2;20:32.379;16:14:07.464;0:26.947;0:24.642;0:31.773;0:27.375;221.8;Filippo FIORENTINO;;;A;Drivex;;GF;26.947;24.642;31.773;27.375;
37;1;11;1:48.049;0;;26.762;0;23.491;0;31.125;0;26.671;0;143.7;22:20.428;16:15:55.513;0:26.762;0:23.491;0:31.125;0:26.671;219.5;Filippo FIORENTINO;;;A;Drivex;;GF;26.762;23.491;31.125;26.671;
37;1;12;1:48.406;0;;27.352;0;23.494;0;30.864;0;26.696;0;143.2;24:08.834;16:17:43.919;0:27.352;0:23.494;0:30.864;0:26.696;217.1;Filippo FIORENTINO;;;A;Drivex;;GF;27.352;23.494;30.864;26.696;
37;1;13;1:48.828;0;;26.877;0;23.749;0;31.505;0;26.697;0;142.7;25:57.662;16:19:32.747;0:26.877;0:23.749;0:31.505;0:26.697;217.1;Filippo FIORENTINO;;;A;Drivex;;GF;26.877;23.749;31.505;26.697;
37;1;14;1:47.732;0;;26.736;0;23.462;0;30.938;0;26.596;0;144.1;27:45.394;16:21:20.479;0:26.736;0:23.462;0:30.938;0:26.596;220.6;Filippo FIORENTINO;;;A;Drivex;;GF;26.736;23.462;30.938;26.596;
37;1;15;1:47.333;2;;26.671;0;23.426;0;30.737;2;26.499;2;144.7;29:32.727;16:23:07.812;0:26.671;0:23.426;0:30.737;0:26.499;217.1;Filippo FIORENTINO;;;A;Drivex;;GF;26.671;23.426;30.737;26.499;
37;1;16;1:47.605;0;;26.739;0;23.454;0;30.902;0;26.510;0;144.3;31:20.332;16:24:55.417;0:26.739;0:23.454;0:30.902;0:26.510;216.0;Filippo FIORENTINO;;;A;Drivex;;GF;26.739;23.454;30.902;26.510;
37;1;17;1:47.466;0;;26.607;0;23.401;2;30.943;0;26.515;0;144.5;33:07.798;16:26:42.883;0:26.607;0:23.401;0:30.943;0:26.515;218.3;Filippo FIORENTINO;;;A;Drivex;;FF;26.607;23.401;30.943;26.515;
39;1;1;2:00.281;0;;36.333;0;24.500;0;32.256;0;27.192;2;129.1;2:00.281;15:55:35.366;0:36.333;0:24.500;0:32.256;0:27.192;;Santino PANETTA;;R;A;TC Racing;;GF;36.333;24.500;32.256;27.192;
39;1;2;1:52.703;0;;27.698;0;25.602;0;32.170;2;27.233;0;137.8;3:52.984;15:57:28.069;0:27.698;0:25.602;0:32.170;0:27.233;213.8;Santino PANETTA;;R;A;TC Racing;;GF;27.698;25.602;32.170;27.233;
39;1;3;2:01.034;2;;26.911;2;23.929;2;35.516;0;34.678;0;128.3;5:54.018;15:59:29.103;0:26.911;0:23.929;0:35.516;0:34.678;;Santino PANETTA;;R;A;TC Racing;;SF;26.911;23.929;35.516;34.678;
4;1;1;1:54.999;0;;33.576;0;23.785;0;31.052;0;26.586;0;135.0;1:54.999;15:55:30.084;0:33.576;0:23.785;0:31.052;0:26.586;;Ean EYCKMANS;;R;A;MP Motorsport;;GF;33.576;23.785;31.052;26.586;
4;1;2;1:47.771;0;;26.669;0;23.562;0;31.026;0;26.514;0;144.1;3:42.770;15:57:17.855;0:26.669;0:23.562;0:31.026;0:26.514;219.5;Ean EYCKMANS;;R;A;MP Motorsport;;GF;26.669;23.562;31.026;26.514;
4;1;3;1:58.099;0;;26.485;0;23.482;0;36.065;0;32.067;0;131.5;5:40.869;15:59:15.954;0:26.485;0:23.482;0:36.065;0:32.067;220.6;Ean EYCKMANS;;R;A;MP Motorsport;;SF;26.485;23.482;36.065;32.067;
4;1;4;2:35.324;0;;35.694;0;32.662;0;43.007;0;43.961;0;100.0;8:16.193;16:01:51.278;0:35.694;0:32.662;0:43.007;0:43.961;180.8;Ean EYCKMANS;;R;A;MP Motorsport;;SF;35.694;32.662;43.007;43.961;
4;1;5;2:34.434;0;;47.416;0;32.415;0;41.397;0;33.206;0;100.5;10:50.627;16:04:25.712;0:47.416;0:32.415;0:41.397;0:33.206;72.4;Ean EYCKMANS;;R;A;MP Motorsport;;SF;47.416;32.415;41.397;33.206;
4;1;6;2:21.237;0;;34.788;0;31.737;0;47.717;0;26.995;0;109.9;13:11.864;16:06:46.949;0:34.788;0:31.737;0:47.717;0:26.995;179.2;Ean EYCKMANS;;R;A;MP Motorsport;;GF;34.788;31.737;47.717;26.995;
4;1;7;1:47.611;0;;26.626;0;23.466;0;30.942;0;26.577;0;144.3;14:59.475;16:08:34.560;0:26.626;0:23.466;0:30.942;0:26.577;219.5;Ean EYCKMANS;;R;A;MP Motorsport;;GF;26.626;23.466;30.942;26.577;
4;1;8;1:49.032;0;;26.707;0;23.703;0;31.713;0;26.909;0;142.4;16:48.507;16:10:23.592;0:26.707;0:23.703;0:31.713;0:26.909;223.0;Ean EYCKMANS;;R;A;MP Motorsport;;GF;26.707;23.703;31.713;26.909;
4;1;9;1:49.489;0;;26.823;0;23.623;0;31.791;0;27.252;0;141.8;18:37.996;16:12:13.081;0:26.823;0:23.623;0:31.791;0:27.252;220.6;Ean EYCKMANS;;R;A;MP Motorsport;;GF;26.823;23.623;31.791;27.252;
4;1;10;1:49.838;0;;27.581;0;23.997;0;31.294;0;26.966;0;141.4;20:27.834;16:14:02.919;0:27.581;0:23.997;0:31.294;0:26.966;214.9;Ean EYCKMANS;;R;A;MP Motorsport;;GF;27.581;23.997;31.294;26.966;
4;1;11;1:48.340;0;;27.520;0;23.433;0;30.907;0;26.480;0;143.3;22:16.174;16:15:51.259;0:27.520;0:23.433;0:30.907;0:26.480;217.1;Ean EYCKMANS;;R;A;MP Motorsport;;GF;27.520;23.433;30.907;26.480;
4;1;12;1:47.037;2;;26.561;0;23.232;2;30.774;0;26.470;2;145.1;24:03.211;16:17:38.296;0:26.561;0:23.232;0:30.774;0:26.470;220.6;Ean EYCKMANS;;R;A;MP Motorsport;;GF;26.561;23.232;30.774;26.470;
4;1;13;1:47.180;0;;26.536;0;23.297;0;30.768;0;26.579;0;144.9;25:50.391;16:19:25.476;0:26.536;0:23.297;0:30.768;0:26.579;221.8;Ean EYCKMANS;;R;A;MP Motorsport;;GF;26.536;23.297;30.768;26.579;
4;1;14;1:47.327;0;;26.557;0;23.434;0;30.696;0;26.640;0;144.7;27:37.718;16:21:12.803;0:26.557;0:23.434;0:30.696;0:26.640;224.3;Ean EYCKMANS;;R;A;MP Motorsport;;GF;26.557;23.434;30.696;26.640;
4;1;15;1:47.166;0;;26.477;2;23.372;0;30.761;0;26.556;0;144.9;29:24.884;16:22:59.969;0:26.477;0:23.372;0:30.761;0:26.556;219.5;Ean EYCKMANS;;R;A;MP Motorsport;;GF;26.477;23.372;30.761;26.556;
4;1;16;1:47.356;0;;26.607;0;23.468;0;30.729;0;26.552;0;144.6;31:12.240;16:24:47.325;0:26.607;0:23.468;0:30.729;0:26.552;221.8;Ean EYCKMANS;;R;A;MP Motorsport;;GF;26.607;23.468;30.729;26.552;
4;1;17;1:47.637;0;;26.586;0;23.451;0;30.669;2;26.931;0;144.3;32:59.877;16:26:34.962;0:26.586;0:23.451;0:30.669;0:26.931;223.0;Ean EYCKMANS;;R;A;MP Motorsport;;FF;26.586;23.451;30.669;26.931;
41;1;1;2:01.837;0;;36.976;0;24.695;0;32.254;0;27.912;0;127.4;2:01.837;15:55:36.922;0:36.976;0:24.695;0:32.254;0:27.912;;Stepan SUSLOV;;R;A;DXR;;GF;36.976;24.695;32.254;27.912;
41;1;2;1:50.397;0;;27.242;0;24.255;0;32.091;0;26.809;0;140.6;3:52.234;15:57:27.319;0:27.242;0:24.255;0:32.091;0:26.809;216.0;Stepan SUSLOV;;R;A;DXR;;GF;27.242;24.255;32.091;26.809;
41;1;3;1:58.916;0;;27.002;0;24.171;0;35.196;0;32.547;0;130.6;5:51.150;15:59:26.235;0:27.002;0:24.171;0:35.196;0:32.547;;Stepan SUSLOV;;R;A;DXR;;SF;27.002;24.171;35.196;32.547;
41;1;4;2:35.448;0;;34.526;0;34.390;0;42.260;0;44.272;0;99.9;8:26.598;16:02:01.683;0:34.526;0:34.390;0:42.260;0:44.272;165.5;Stepan SUSLOV;;R;A;DXR;;SF;34.526;34.390;42.260;44.272;
41;1;5;2:33.712;0;;47.612;0;33.285;0;40.026;0;32.789;0;101.0;11:00.310;16:04:35.395;0:47.612;0:33.285;0:40.026;0:32.789;89.2;Stepan SUSLOV;;R;A;DXR;;SF;47.612;33.285;40.026;32.789;
41;1;6;2:18.372;0;;34.070;0;33.760;0;43.410;0;27.132;0;112.2;13:18.682;16:06:53.767;0:34.070;0:33.760;0:43.410;0:27.132;174.6;Stepan SUSLOV;;R;A;DXR;;GF;34.070;33.760;43.410;27.132;
41;1;7;1:48.288;0;;26.803;0;23.573;0;31.298;0;26.614;2;143.4;15:06.970;16:08:42.055;0:26.803;0:23.573;0:31.298;0:26.614;219.5;Stepan SUSLOV;;R;A;DXR;;GF;26.803;23.573;31.298;26.614;
41;1;8;1:48.125;2;;26.682;2;23.574;0;31.218;0;26.651;0;143.6;16:55.095;16:10:30.180;0:26.682;0:23.574;0:31.218;0:26.651;220.6;Stepan SUSLOV;;R;A;DXR;;GF;26.682;23.574;31.218;26.651;
41;1;9;1:48.164;0;;26.739;0;23.465;2;31.071;0;26.889;0;143.5;18:43.259;16:12:18.344;0:26.739;0:23.465;0:31.071;0:26.889;220.6;Stepan SUSLOV;;R;A;DXR;;GF;26.739;23.465;31.071;26.889;
41;1;10;1:49.455;0;;26.816;0;23.717;0;31.567;0;27.355;0;141.9;20:32.714;16:14:07.799;0:26.816;0:23.717;0:31.567;0:27.355;219.5;Stepan SUSLOV;;R;A;DXR;;GF;26.816;23.717;31.567;27.355;
41;1;11;1:48.592;0;;27.034;0;23.575;0;31.289;0;26.694;0;143.0;22:21.306;16:15:56.391;0:27.034;0:23.575;0:31.289;0:26.694;223.0;Stepan SUSLOV;;R;A;DXR;;GF;27.034;23.575;31.289;26.694;
41;1;12;1:48.500;0;;27.038;0;23.700;0;31.028;0;26.734;0;143.1;24:09.806;16:17:44.891;0:27.038;0:23.700;0:31.028;0:26.734;219.5;Stepan SUSLOV;;R;A;DXR;;GF;27.038;23.700;31.028;26.734;
41;1;13;1:50.756;0;;26.841;0;24.248;0;32.007;0;27.660;0;140.2;26:00.562;16:19:35.647;0:26.841;0:24.248;0:32.007;0:27.660;218.3;Stepan SUSLOV;;R;A;DXR;;GF;26.841;24.248;32.007;27.660;
41;1;14;1:48.848;0;;27.391;0;23.649;0;30.970;2;26.838;0;142.6;27:49.410;16:21:24.495;0:27.391;0:23.649;0:30.970;0:26.838;217.1;Stepan SUSLOV;;R;A;DXR;;GF;27.391;23.649;30.970;26.838;
41;1;15;1:48.472;0;;27.003;0;23.714;0;31.046;0;26.709;0;143.1;29:37.882;16:23:12.967;0:27.003;0:23.714;0:31.046;0:26.709;217.1;Stepan SUSLOV;;R;A;DXR;;GF;27.003;23.714;31.046;26.709;
41;1;16;1:48.573;0;;26.984;0;23.693;0;31.134;0;26.762;0;143.0;31:26.455;16:25:01.540;0:26.984;0:23.693;0:31.134;0:26.762;218.3;Stepan SUSLOV;;R;A;DXR;;GF;26.984;23.693;31.134;26.762;
41;1;17;1:48.610;0;;27.038;0;23.615;0;31.215;0;26.742;0;143.0;33:15.065;16:26:50.150;0:27.038;0:23.615;0:31.215;0:26.742;216.0;Stepan SUSLOV;;R;A;DXR;;FF;27.038;23.615;31.215;26.742;
46;1;1;1:57.366;0;;34.382;0;24.142;0;32.039;0;26.803;0;132.3;1:57.366;15:55:32.451;0:34.382;0:24.142;0:32.039;0:26.803;;Nathan TYE;;;B;Rodin Motorsport;;GF;34.382;24.142;32.039;26.803;
46;1;2;1:47.976;0;;26.849;0;23.417;0;31.224;0;26.486;0;143.8;3:45.342;15:57:20.427;0:26.849;0:23.417;0:31.224;0:26.486;213.8;Nathan TYE;;;B;Rodin Motorsport;;GF;26.849;23.417;31.224;26.486;
46;1;3;1:58.491;0;;26.642;0;23.270;2;35.186;0;33.393;0;131.0;5:43.833;15:59:18.918;0:26.642;0:23.270;0:35.186;0:33.393;214.9;Nathan TYE;;;B;Rodin Motorsport;;SF;26.642;23.270;35.186;33.393;
46;1;4;2:34.104;0;;34.392;0;33.285;0;42.519;0;43.908;0;100.8;8:17.937;16:01:53.022;0:34.392;0:33.285;0:42.519;0:43.908;183.2;Nathan TYE;;;B;Rodin Motorsport;;SF;34.392;33.285;42.519;43.908;
46;1;5;2:34.536;0;;47.831;0;32.168;0;41.236;0;33.301;0;100.5;10:52.473;16:04:27.558;0:47.831;0:32.168;0:41.236;0:33.301;74.9;Nathan TYE;;;B;Rodin Motorsport;;SF;47.831;32.168;41.236;33.301;
46;1;6;2:20.825;0;;34.615;0;31.922;0;47.090;0;27.198;0;110.3;13:13.298;16:06:48.383;0:34.615;0:31.922;0:47.090;0:27.198;174.6;Nathan TYE;;;B;Rodin Motorsport;;GF;34.615;31.922;47.090;27.198;
46;1;7;1:48.539;0;;26.790;0;23.483;0;31.408;0;26.858;0;143.1;15:01.837;16:08:36.922;0:26.790;0:23.483;0:31.408;0:26.858;217.1;Nathan TYE;;;B;Rodin Motorsport;;GF;26.790;23.483;31.408;26.858;
46;1;8;1:47.839;0;;26.868;0;23.412;0;31.037;0;26.522;0;144.0;16:49.676;16:10:24.761;0:26.868;0:23.412;0:31.037;0:26.522;217.1;Nathan TYE;;;B;Rodin Motorsport;;GF;26.868;23.412;31.037;26.522;
46;1;9;1:48.621;0;;27.108;0;23.671;0;31.065;0;26.777;0;142.9;18:38.297;16:12:13.382;0:27.108;0:23.671;0:31.065;0:26.777;213.8;Nathan TYE;;;B;Rodin Motorsport;;GF;27.108;23.671;31.065;26.777;
46;1;10;1:48.078;0;;26.952;0;23.544;0;31.061;0;26.521;0;143.7;20:26.375;16:14:01.460;0:26.952;0:23.544;0:31.061;0:26.521;219.5;Nathan TYE;;;B;Rodin Motorsport;;GF;26.952;23.544;31.061;26.521;
46;1;11;1:48.186;0;;27.213;0;23.441;0;31.093;0;26.439;0;143.5;22:14.561;16:15:49.646;0:27.213;0:23.441;0:31.093;0:26.439;214.9;Nathan TYE;;;B;Rodin Motorsport;;GF;27.213;23.441;31.093;26.439;
46;1;12;1:47.302;0;;26.578;0;23.392;0;30.899;0;26.433;0;144.7;24:01.863;16:17:36.948;0:26.578;0:23.392;0:30.899;0:26.433;217.1;Nathan TYE;;;B;Rodin Motorsport;;GF;26.578;23.392;30.899;26.433;
46;1;13;1:47.147;2;;26.584;0;23.288;0;30.859;2;26.416;2;144.9;25:49.010;16:19:24.095;0:26.584;0:23.288;0:30.859;0:26.416;213.8;Nathan TYE;;;B;Rodin Motorsport;;GF;26.584;23.288;30.859;26.416;
46;1;14;1:47.396;0;;26.582;0;23.319;0;30.954;0;26.541;0;144.6;27:36.406;16:21:11.491;0:26.582;0:23.319;0:30.954;0:26.541;217.1;Nathan TYE;;;B;Rodin Motorsport;;GF;26.582;23.319;30.954;26.541;
46;1;15;1:47.485;0;;26.618;0;23.380;0;30.979;0;26.508;0;144.5;29:23.891;16:22:58.976;0:26.618;0:23.380;0:30.979;0:26.508;217.1;Nathan TYE;;;B;Rodin Motorsport;;GF;26.618;23.380;30.979;26.508;
46;1;16;1:47.346;0;;26.557;0;23.400;0;30.935;0;26.454;0;144.6;31:11.237;16:24:46.322;0:26.557;0:23.400;0:30.935;0:26.454;216.0;Nathan TYE;;;B;Rodin Motorsport;;GF;26.557;23.400;30.935;26.454;
46;1;17;1:47.362;0;;26.545;2;23.379;0;30.924;0;26.514;0;144.6;32:58.599;16:26:33.684;0:26.545;0:23.379;0:30.924;0:26.514;216.0;Nathan TYE;;;B;Rodin Motorsport;;FF;26.545;23.379;30.924;26.514;
5;1;1;1:58.473;0;;34.498;0;24.348;0;32.363;0;27.264;0;131.1;1:58.473;15:55:33.558;0:34.498;0:24.348;0:32.363;0:27.264;;Miguel COSTA;;R;B;Campos Racing;;GF;34.498;24.348;32.363;27.264;
5;1;2;1:48.490;0;;27.196;0;23.836;0;31.002;0;26.456;0;143.1;3:46.963;15:57:22.048;0:27.196;0:23.836;0:31.002;0:26.456;221.8;Miguel COSTA;;R;B;Campos Racing;;GF;27.196;23.836;31.002;26.456;
5;1;3;1:57.978;0;;26.503;2;23.492;0;35.072;0;32.911;0;131.6;5:44.941;15:59:20.026;0:26.503;0:23.492;0:35.072;0:32.911;226.7;Miguel COSTA;;R;B;Campos Racing;;SF;26.503;23.492;35.072;32.911;
5;1;4;2:34.244;0;;34.595;0;33.527;0;42.352;0;43.770;0;100.7;8:19.185;16:01:54.270;0:34.595;0:33.527;0:42.352;0:43.770;188.3;Miguel COSTA;;R;B;Campos Racing;;SF;34.595;33.527;42.352;43.770;
5;1;5;2:34.472;0;;47.665;0;32.280;0;41.345;0;33.182;0;100.5;10:53.657;16:04:28.742;0:47.665;0:32.280;0:41.345;0:33.182;66.0;Miguel COSTA;;R;B;Campos Racing;;SF;47.665;32.280;41.345;33.182;
5;1;6;2:20.306;0;;34.602;0;32.004;0;46.562;0;27.138;0;110.7;13:13.963;16:06:49.048;0:34.602;0:32.004;0:46.562;0:27.138;186.5;Miguel COSTA;;R;B;Campos Racing;;GF;34.602;32.004;46.562;27.138;
5;1;7;1:48.234;0;;26.796;0;23.585;0;31.228;0;26.625;0;143.5;15:02.197;16:08:37.282;0:26.796;0:23.585;0:31.228;0:26.625;225.5;Miguel COSTA;;R;B;Campos Racing;;GF;26.796;23.585;31.228;26.625;
5;1;8;1:48.261;0;;27.012;0;23.559;0;31.187;0;26.503;0;143.4;16:50.458;16:10:25.543;0:27.012;0:23.559;0:31.187;0:26.503;224.3;Miguel COSTA;;R;B;Campos Racing;;GF;27.012;23.559;31.187;26.503;
5;1;9;1:49.950;0;;26.992;0;24.428;0;31.520;0;27.010;0;141.2;18:40.408;16:12:15.493;0:26.992;0:24.428;0:31.520;0:27.010;224.3;Miguel COSTA;;R;B;Campos Racing;;GF;26.992;24.428;31.520;27.010;
5;1;10;1:48.649;0;;26.907;0;23.663;0;31.365;0;26.714;0;142.9;20:29.057;16:14:04.142;0:26.907;0:23.663;0:31.365;0:26.714;220.6;Miguel COSTA;;R;B;Campos Racing;;GF;26.907;23.663;31.365;26.714;
5;1;11;1:49.169;0;;27.090;0;23.901;0;31.546;0;26.632;0;142.2;22:18.226;16:15:53.311;0:27.090;0:23.901;0:31.546;0:26.632;220.6;Miguel COSTA;;R;B;Campos Racing;;GF;27.090;23.901;31.546;26.632;
5;1;12;1:48.314;0;;27.426;0;23.518;0;30.935;0;26.435;2;143.3;24:06.540;16:17:41.625;0:27.426;0:23.518;0:30.935;0:26.435;221.8;Miguel COSTA;;R;B;Campos Racing;;GF;27.426;23.518;30.935;26.435;
5;1;13;1:47.605;0;;26.639;0;23.500;0;30.999;0;26.467;0;144.3;25:54.145;16:19:29.230;0:26.639;0:23.500;0:30.999;0:26.467;229.3;Miguel COSTA;;R;B;Campos Racing;;GF;26.639;23.500;30.999;26.467;
5;1;14;1:47.436;2;;26.631;0;23.472;0;30.875;2;26.458;0;144.5;27:41.581;16:21:16.666;0:26.631;0:23.472;0:30.875;0:26.458;224.3;Miguel COSTA;;R;B;Campos Racing;;GF;26.631;23.472;30.875;26.458;
5;1;15;1:47.450;0;;26.642;0;23.417;0;30.934;0;26.457;0;144.5;29:29.031;16:23:04.116;0:26.642;0:23.417;0:30.934;0:26.457;223.0;Miguel COSTA;;R;B;Campos Racing;;GF;26.642;23.417;30.934;26.457;
5;1;16;1:47.444;0;;26.622;0;23.397;2;30.900;0;26.525;0;144.5;31:16.475;16:24:51.560;0:26.622;0:23.397;0:30.900;0:26.525;226.7;Miguel COSTA;;R;B;Campos Racing;;GF;26.622;23.397;30.900;26.525;
5;1;17;1:48.456;0;;26.966;0;23.465;0;31.418;0;26.607;0;143.2;33:04.931;16:26:40.016;0:26.966;0:23.465;0:31.418;0:26.607;220.6;Miguel COSTA;;R;B;Campos Racing;;FF;26.966;23.465;31.418;26.607;
57;1;1;2:03.281;0;;37.713;0;24.835;0;33.325;0;27.408;0;125.9;2:03.281;15:55:38.366;0:37.713;0:24.835;0:33.325;0:27.408;;Kaiden HIGGINS;;R;A;DXR;;GF;37.713;24.835;33.325;27.408;
57;1;2;1:52.258;0;;27.207;0;24.276;0;32.921;0;27.854;0;138.3;3:55.539;15:57:30.624;0:27.207;0:24.276;0:32.921;0:27.854;;Kaiden HIGGINS;;R;A;DXR;;GF;27.207;24.276;32.921;27.854;
57;1;3;1:59.707;0;;26.984;0;24.103;0;35.958;0;32.662;0;129.7;5:55.246;15:59:30.331;0:26.984;0:24.103;0:35.958;0:32.662;;Kaiden HIGGINS;;R;A;DXR;;SF;26.984;24.103;35.958;32.662;
57;1;4;2:35.048;0;;36.323;0;31.825;0;42.007;0;44.893;0;100.1;8:30.294;16:02:05.379;0:36.323;0:31.825;0:42.007;0:44.893;;Kaiden HIGGINS;;R;A;DXR;;SF;36.323;31.825;42.007;44.893;
57;1;5;2:33.355;0;;46.606;0;34.042;0;40.071;0;32.636;0;101.2;11:03.649;16:04:38.734;0:46.606;0:34.042;0:40.071;0:32.636;;Kaiden HIGGINS;;R;A;DXR;;SF;46.606;34.042;40.071;32.636;
57;1;6;2:17.326;0;;33.399;0;34.420;0;42.148;0;27.359;0;113.1;13:20.975;16:06:56.060;0:33.399;0:34.420;0:42.148;0:27.359;;Kaiden HIGGINS;;R;A;DXR;;GF;33.399;34.420;42.148;27.359;
57;1;7;1:48.501;0;;26.764;0;23.802;0;31.226;0;26.709;0;143.1;15:09.476;16:08:44.561;0:26.764;0:23.802;0:31.226;0:26.709;;Kaiden HIGGINS;;R;A;DXR;;GF;26.764;23.802;31.226;26.709;
57;1;8;1:48.195;0;;26.841;0;23.469;2;31.275;0;26.610;0;143.5;16:57.671;16:10:32.756;0:26.841;0:23.469;0:31.275;0:26.610;;Kaiden HIGGINS;;R;A;DXR;;GF;26.841;23.469;31.275;26.610;
57;1;9;1:48.237;0;;26.898;0;23.566;0;31.048;0;26.725;0;143.5;18:45.908;16:12:20.993;0:26.898;0:23.566;0:31.048;0:26.725;;Kaiden HIGGINS;;R;A;DXR;;GF;26.898;23.566;31.048;26.725;
57;1;10;1:49.939;0;;26.738;2;25.124;0;31.331;0;26.746;0;141.2;20:35.847;16:14:10.932;0:26.738;0:25.124;0:31.331;0:26.746;;Kaiden HIGGINS;;R;A;DXR;;GF;26.738;25.124;31.331;26.746;
57;1;11;1:48.434;2;;26.766;0;23.778;0;31.047;2;26.843;0;143.2;22:24.281;16:15:59.366;0:26.766;0:23.778;0:31.047;0:26.843;;Kaiden HIGGINS;;R;A;DXR;;GF;26.766;23.778;31.047;26.843;
57;1;12;1:50.282;0;;26.787;0;24.175;0;32.342;0;26.978;0;140.8;24:14.563;16:17:49.648;0:26.787;0:24.175;0:32.342;0:26.978;;Kaiden HIGGINS;;R;A;DXR;;GF;26.787;24.175;32.342;26.978;
57;1;13;1:49.130;0;;26.845;0;23.777;0;31.786;0;26.722;2;142.3;26:03.693;16:19:38.778;0:26.845;0:23.777;0:31.786;0:26.722;;Kaiden HIGGINS;;R;A;DXR;;GF;26.845;23.777;31.786;26.722;
57;1;14;1:48.582;0;;26.807;0;23.844;0;31.145;0;26.786;0;143.0;27:52.275;16:21:27.360;0:26.807;0:23.844;0:31.145;0:26.786;;Kaiden HIGGINS;;R;A;DXR;;GF;26.807;23.844;31.145;26.786;
57;1;15;1:48.718;0;;26.913;0;23.670;0;31.334;0;26.801;0;142.8;29:40.993;16:23:16.078;0:26.913;0:23.670;0:31.334;0:26.801;;Kaiden HIGGINS;;R;A;DXR;;GF;26.913;23.670;31.334;26.801;
57;1;16;1:48.715;0;;26.899;0;23.754;0;31.299;0;26.763;0;142.8;31:29.708;16:25:04.793;0:26.899;0:23.754;0:31.299;0:26.763;;Kaiden HIGGINS;;R;A;DXR;;GF;26.899;23.754;31.299;26.763;
57;1;17;1:48.638;0;;26.916;0;23.617;0;31.350;0;26.755;0;142.9;33:18.346;16:26:53.431;0:26.916;0:23.617;0:31.350;0:26.755;;Kaiden HIGGINS;;R;A;DXR;;FF;26.916;23.617;31.350;26.755;
6;1;1;2:02.024;0;;37.452;0;25.016;0;32.226;0;27.330;0;127.2;2:02.024;15:55:37.109;0:37.452;0:25.016;0:32.226;0:27.330;;Sacha VAN'T PAD BOSCH;;R;B;T-Code by Amtog;;GF;37.452;25.016;32.226;27.330;
6;1;2;1:51.132;0;;27.581;0;24.003;0;32.272;0;27.276;0;139.7;3:53.156;15:57:28.241;0:27.581;0:24.003;0:32.272;0:27.276;212.6;Sacha VAN'T PAD BOSCH;;R;B;T-Code by Amtog;;GF;27.581;24.003;32.272;27.276;
6;1;3;2:01.113;0;;27.269;0;23.981;0;35.883;0;33.980;0;128.2;5:54.269;15:59:29.354;0:27.269;0:23.981;0:35.883;0:33.980;223.0;Sacha VAN'T PAD BOSCH;;R;B;T-Code by Amtog;;SF;27.269;23.981;35.883;33.980;
6;1;4;2:33.203;0;;35.033;0;31.432;0;42.298;0;44.440;0;101.3;8:27.472;16:02:02.557;0:35.033;0:31.432;0:42.298;0:44.440;159.7;Sacha VAN'T PAD BOSCH;;R;B;T-Code by Amtog;;SF;35.033;31.432;42.298;44.440;
6;1;5;2:34.263;0;;47.308;0;33.472;0;40.080;0;33.403;0;100.7;11:01.735;16:04:36.820;0:47.308;0:33.472;0:40.080;0:33.403;86.6;Sacha VAN'T PAD BOSCH;;R;B;T-Code by Amtog;;SF;47.308;33.472;40.080;33.403;
6;1;6;2:17.416;0;;33.353;0;33.962;0;42.906;0;27.195;0;113.0;13:19.151;16:06:54.236;0:33.353;0:33.962;0:42.906;0:27.195;188.3;Sacha VAN'T PAD BOSCH;;R;B;T-Code by Amtog;;GF;33.353;33.962;42.906;27.195;
6;1;7;1:48.262;0;;26.896;0;23.481;0;31.164;0;26.721;0;143.4;15:07.413;16:08:42.498;0:26.896;0:23.481;0:31.164;0:26.721;223.0;Sacha VAN'T PAD BOSCH;;R;B;T-Code by Amtog;;GF;26.896;23.481;31.164;26.721;
6;1;8;1:48.065;2;;26.790;0;23.469;2;31.078;0;26.728;0;143.7;16:55.478;16:10:30.563;0:26.790;0:23.469;0:31.078;0:26.728;223.0;Sacha VAN'T PAD BOSCH;;R;B;T-Code by Amtog;;GF;26.790;23.469;31.078;26.728;
6;1;9;1:48.327;0;;26.678;2;23.615;0;31.138;0;26.896;0;143.3;18:43.805;16:12:18.890;0:26.678;0:23.615;0:31.138;0:26.896;224.3;Sacha VAN'T PAD BOSCH;;R;B;T-Code by Amtog;;GF;26.678;23.615;31.138;26.896;
6;1;10;1:49.358;0;;26.879;0;23.763;0;31.525;0;27.191;0;142.0;20:33.163;16:14:08.248;0:26.879;0:23.763;0:31.525;0:27.191;221.8;Sacha VAN'T PAD BOSCH;;R;B;T-Code by Amtog;;GF;26.879;23.763;31.525;27.191;
6;1;11;1:48.630;0;;26.966;0;23.738;0;31.210;0;26.716;0;142.9;22:21.793;16:15:56.878;0:26.966;0:23.738;0:31.210;0:26.716;218.3;Sacha VAN'T PAD BOSCH;;R;B;T-Code by Amtog;;GF;26.966;23.738;31.210;26.716;
6;1;12;1:48.623;0;;26.984;0;24.077;0;30.927;2;26.635;2;142.9;24:10.416;16:17:45.501;0:26.984;0:24.077;0:30.927;0:26.635;221.8;Sacha VAN'T PAD BOSCH;;R;B;T-Code by Amtog;;GF;26.984;24.077;30.927;26.635;
6;1;13;1:50.369;0;;26.704;0;23.677;0;32.347;0;27.641;0;140.7;26:00.785;16:19:35.870;0:26.704;0:23.677;0:32.347;0:27.641;221.8;Sacha VAN'T PAD BOSCH;;R;B;T-Code by Amtog;;GF;26.704;23.677;32.347;27.641;
6;1;14;1:50.348;0;;27.768;0;24.579;0;31.240;0;26.761;0;140.7;27:51.133;16:21:26.218;0:27.768;0:24.579;0:31.240;0:26.761;216.0;Sacha VAN'T PAD BOSCH;;R;B;T-Code by Amtog;;GF;27.768;24.579;31.240;26.761;
6;1;15;1:48.251;0;;26.867;0;23.667;0;31.046;0;26.671;0;143.4;29:39.384;16:23:14.469;0:26.867;0:23.667;0:31.046;0:26.671;221.8;Sacha VAN'T PAD BOSCH;;R;B;T-Code by Amtog;;GF;26.867;23.667;31.046;26.671;
6;1;16;1:48.693;0;;26.682;0;23.755;0;31.581;0;26.675;0;142.9;31:28.077;16:25:03.162;0:26.682;0:23.755;0:31.581;0:26.675;221.8;Sacha VAN'T PAD BOSCH;;R;B;T-Code by Amtog;;GF;26.682;23.755;31.581;26.675;
6;1;17;1:48.180;0;;26.824;0;23.618;0;30.959;0;26.779;0;143.5;33:16.257;16:26:51.342;0:26.824;0:23.618;0:30.959;0:26.779;221.8;Sacha VAN'T PAD BOSCH;;R;B;T-Code by Amtog;;FF;26.824;23.618;30.959;26.779;
70;1;1;2:03.798;0;;38.588;0;24.972;0;32.615;0;27.623;0;125.4;2:03.798;15:55:38.883;0:38.588;0:24.972;0:32.615;0:27.623;;Aleksandar BOGUNOVIC;;R;B;GRS Team;;GF;38.588;24.972;32.615;27.623;
70;1;2;1:51.797;0;;27.393;0;24.507;0;32.186;0;27.711;0;138.9;3:55.595;15:57:30.680;0:27.393;0:24.507;0:32.186;0:27.711;;Aleksandar BOGUNOVIC;;R;B;GRS Team;;GF;27.393;24.507;32.186;27.711;
70;1;3;1:59.971;0;;27.443;0;24.101;0;36.038;0;32.389;0;129.4;5:55.566;15:59:30.651;0:27.443;0:24.101;0:36.038;0:32.389;;Aleksandar BOGUNOVIC;;R;B;GRS Team;;SF;27.443;24.101;36.038;32.389;
70;1;4;2:35.324;0;;37.010;0;31.574;0;41.820;0;44.920;0;100.0;8:30.890;16:02:05.975;0:37.010;0:31.574;0:41.820;0:44.920;149.8;Aleksandar BOGUNOVIC;;R;B;GRS Team;;SF;37.010;31.574;41.820;44.920;
70;1;5;2:33.492;0;;47.680;0;32.825;0;40.403;0;32.584;0;101.2;11:04.382;16:04:39.467;0:47.680;0:32.825;0:40.403;0:32.584;;Aleksandar BOGUNOVIC;;R;B;GRS Team;;SF;47.680;32.825;40.403;32.584;
70;1;6;2:17.098;0;;34.052;0;33.513;0;42.371;0;27.162;0;113.3;13:21.480;16:06:56.565;0:34.052;0:33.513;0:42.371;0:27.162;174.6;Aleksandar BOGUNOVIC;;R;B;GRS Team;;GF;34.052;33.513;42.371;27.162;
70;1;7;1:48.678;0;;26.951;0;23.672;0;31.278;0;26.777;0;142.9;15:10.158;16:08:45.243;0:26.951;0:23.672;0:31.278;0:26.777;;Aleksandar BOGUNOVIC;;R;B;GRS Team;;GF;26.951;23.672;31.278;26.777;
70;1;8;1:48.170;2;;26.757;2;23.554;2;31.135;2;26.724;2;143.5;16:58.328;16:10:33.413;0:26.757;0:23.554;0:31.135;0:26.724;;Aleksandar BOGUNOVIC;;R;B;GRS Team;;GF;26.757;23.554;31.135;26.724;
70;1;9;1:48.516;0;;26.797;0;23.571;0;31.330;0;26.818;0;143.1;18:46.844;16:12:21.929;0:26.797;0:23.571;0:31.330;0:26.818;;Aleksandar BOGUNOVIC;;R;B;GRS Team;;GF;26.797;23.571;31.330;26.818;
70;1;10;1:50.352;0;;26.844;0;24.388;0;32.155;0;26.965;0;140.7;20:37.196;16:14:12.281;0:26.844;0:24.388;0:32.155;0:26.965;;Aleksandar BOGUNOVIC;;R;B;GRS Team;;GF;26.844;24.388;32.155;26.965;
70;1;11;1:48.639;0;;26.930;0;23.773;0;31.207;0;26.729;0;142.9;22:25.835;16:16:00.920;0:26.930;0:23.773;0:31.207;0:26.729;;Aleksandar BOGUNOVIC;;R;B;GRS Team;;GF;26.930;23.773;31.207;26.729;
70;1;12;1:49.443;0;;26.888;0;23.726;0;31.469;0;27.360;0;141.9;24:15.278;16:17:50.363;0:26.888;0:23.726;0:31.469;0:27.360;;Aleksandar BOGUNOVIC;;R;B;GRS Team;;GF;26.888;23.726;31.469;27.360;
70;1;13;1:49.455;0;;27.075;0;23.795;0;31.408;0;27.177;0;141.9;26:04.733;16:19:39.818;0:27.075;0:23.795;0:31.408;0:27.177;219.5;Aleksandar BOGUNOVIC;;R;B;GRS Team;;GF;27.075;23.795;31.408;27.177;
70;1;14;1:49.749;0;;27.643;0;23.966;0;31.248;0;26.892;0;141.5;27:54.482;16:21:29.567;0:27.643;0:23.966;0:31.248;0:26.892;;Aleksandar BOGUNOVIC;;R;B;GRS Team;;GF;27.643;23.966;31.248;26.892;
70;1;15;1:49.167;0;;26.907;0;23.975;0;31.291;0;26.994;0;142.2;29:43.649;16:23:18.734;0:26.907;0:23.975;0:31.291;0:26.994;;Aleksandar BOGUNOVIC;;R;B;GRS Team;;GF;26.907;23.975;31.291;26.994;
70;1;16;1:48.756;0;;26.897;0;23.683;0;31.220;0;26.956;0;142.8;31:32.405;16:25:07.490;0:26.897;0:23.683;0:31.220;0:26.956;214.9;Aleksandar BOGUNOVIC;;R;B;GRS Team;;GF;26.897;23.683;31.220;26.956;
70;1;17;1:48.901;0;;26.873;0;23.830;0;31.167;0;27.031;0;142.6;33:21.306;16:26:56.391;0:26.873;0:23.830;0:31.167;0:27.031;216.0;Aleksandar BOGUNOVIC;;R;B;GRS Team;;FF;26.873;23.830;31.167;27.031;
71;1;1;2:02.519;0;;38.140;0;24.710;0;32.174;0;27.495;0;126.7;2:02.519;15:55:37.604;0:38.140;0:24.710;0:32.174;0:27.495;;Daniel DALLAKYAN;;R;B;GRS Team;;GF;38.140;24.710;32.174;27.495;
71;1;2;1:53.252;0;;27.635;0;24.363;0;32.877;0;28.377;0;137.1;3:55.771;15:57:30.856;0:27.635;0:24.363;0:32.877;0:28.377;219.5;Daniel DALLAKYAN;;R;B;GRS Team;;GF;27.635;24.363;32.877;28.377;
71;1;3;2:00.388;0;;27.619;0;24.251;0;36.066;0;32.452;0;129.0;5:56.159;15:59:31.244;0:27.619;0:24.251;0:36.066;0:32.452;;Daniel DALLAKYAN;;R;B;GRS Team;;SF;27.619;24.251;36.066;32.452;
71;1;4;2:35.493;0;;36.999;0;31.602;0;42.457;0;44.435;0;99.9;8:31.652;16:02:06.737;0:36.999;0:31.602;0:42.457;0:44.435;153.7;Daniel DALLAKYAN;;R;B;GRS Team;;SF;36.999;31.602;42.457;44.435;
71;1;5;2:33.737;0;;47.568;0;33.117;0;40.378;0;32.674;0;101.0;11:05.389;16:04:40.474;0:47.568;0:33.117;0:40.378;0:32.674;69.4;Daniel DALLAKYAN;;R;B;GRS Team;;SF;47.568;33.117;40.378;32.674;
71;1;6;2:17.091;0;;33.494;0;33.923;0;42.261;0;27.413;0;113.3;13:22.480;16:06:57.565;0:33.494;0:33.923;0:42.261;0:27.413;174.6;Daniel DALLAKYAN;;R;B;GRS Team;;GF;33.494;33.923;42.261;27.413;
71;1;7;1:48.248;2;;26.837;0;23.818;0;30.965;2;26.628;2;143.4;15:10.728;16:08:45.813;0:26.837;0:23.818;0:30.965;0:26.628;221.8;Daniel DALLAKYAN;;R;B;GRS Team;;GF;26.837;23.818;30.965;26.628;
71;1;8;1:48.272;0;;26.917;0;23.534;2;31.101;0;26.720;0;143.4;16:59.000;16:10:34.085;0:26.917;0:23.534;0:31.101;0:26.720;226.7;Daniel DALLAKYAN;;R;B;GRS Team;;GF;26.917;23.534;31.101;26.720;
71;1;9;1:48.337;0;;26.819;0;23.591;0;31.094;0;26.833;0;143.3;18:47.337;16:12:22.422;0:26.819;0:23.591;0:31.094;0:26.833;225.5;Daniel DALLAKYAN;;R;B;GRS Team;;GF;26.819;23.591;31.094;26.833;
71;1;10;1:49.365;0;;26.808;2;24.100;0;31.661;0;26.796;0;142.0;20:36.702;16:14:11.787;0:26.808;0:24.100;0:31.661;0:26.796;223.0;Daniel DALLAKYAN;;R;B;GRS Team;;GF;26.808;24.100;31.661;26.796;
71;1;11;1:48.516;0;;26.870;0;23.565;0;31.278;0;26.803;0;143.1;22:25.218;16:16:00.303;0:26.870;0:23.565;0:31.278;0:26.803;220.6;Daniel DALLAKYAN;;R;B;GRS Team;;GF;26.870;23.565;31.278;26.803;
71;1;12;1:49.849;0;;27.012;0;23.673;0;31.788;0;27.376;0;141.3;24:15.067;16:17:50.152;0:27.012;0:23.673;0:31.788;0:27.376;218.3;Daniel DALLAKYAN;;R;B;GRS Team;;GF;27.012;23.673;31.788;27.376;
71;1;13;1:49.417;0;;26.915;0;23.693;0;31.608;0;27.201;0;141.9;26:04.484;16:19:39.569;0:26.915;0:23.693;0:31.608;0:27.201;;Daniel DALLAKYAN;;R;B;GRS Team;;GF;26.915;23.693;31.608;27.201;
71;1;14;1:48.910;0;;27.178;0;23.697;0;31.214;0;26.821;0;142.6;27:53.394;16:21:28.479;0:27.178;0:23.697;0:31.214;0:26.821;;Daniel DALLAKYAN;;R;B;GRS Team;;GF;27.178;23.697;31.214;26.821;
71;1;15;1:48.427;0;;26.910;0;23.717;0;31.018;0;26.782;0;143.2;29:41.821;16:23:16.906;0:26.910;0:23.717;0:31.018;0:26.782;220.6;Daniel DALLAKYAN;;R;B;GRS Team;;GF;26.910;23.717;31.018;26.782;
71;1;16;1:48.730;0;;26.919;0;23.691;0;31.333;0;26.787;0;142.8;31:30.551;16:25:05.636;0:26.919;0:23.691;0:31.333;0:26.787;219.5;Daniel DALLAKYAN;;R;B;GRS Team;;GF;26.919;23.691;31.333;26.787;
71;1;17;1:50.019;0;;26.988;0;24.291;0;31.825;0;26.915;0;141.1;33:20.570;16:26:55.655;0:26.988;0:24.291;0:31.825;0:26.915;223.0;Daniel DALLAKYAN;;R;B;GRS Team;;FF;26.988;24.291;31.825;26.915;
77;1;1;1:59.489;0;;34.815;0;24.608;0;31.969;0;28.097;0;129.9;1:59.489;15:55:34.574;0:34.815;0:24.608;0:31.969;0:28.097;;Andrej PETROVIC;;;B;T-Code by Amtog;;GF;34.815;24.608;31.969;28.097;
77;1;2;1:48.836;0;;27.038;0;23.886;0;31.292;0;26.620;2;142.7;3:48.325;15:57:23.410;0:27.038;0:23.886;0:31.292;0:26.620;;Andrej PETROVIC;;;B;T-Code by Amtog;;GF;27.038;23.886;31.292;26.620;
77;1;3;1:58.200;0;;26.730;0;23.810;0;35.074;0;32.586;0;131.4;5:46.525;15:59:21.610;0:26.730;0:23.810;0:35.074;0:32.586;;Andrej PETROVIC;;;B;T-Code by Amtog;;SF;26.730;23.810;35.074;32.586;
77;1;4;2:34.360;0;;34.203;0;34.153;0;42.136;0;43.868;0;100.6;8:20.885;16:01:55.970;0:34.203;0:34.153;0:42.136;0:43.868;;Andrej PETROVIC;;;B;T-Code by Amtog;;SF;34.203;34.153;42.136;43.868;
77;1;5;2:34.158;0;;48.070;0;31.701;0;41.539;0;32.848;0;100.7;10:55.043;16:04:30.128;0:48.070;0:31.701;0:41.539;0:32.848;;Andrej PETROVIC;;;B;T-Code by Amtog;;SF;48.070;31.701;41.539;32.848;
77;1;6;2:19.998;0;;34.405;0;32.138;0;46.379;0;27.076;0;110.9;13:15.041;16:06:50.126;0:34.405;0:32.138;0:46.379;0:27.076;;Andrej PETROVIC;;;B;T-Code by Amtog;;GF;34.405;32.138;46.379;27.076;
77;1;7;1:48.057;0;;26.699;0;23.544;0;31.130;0;26.684;0;143.7;15:03.098;16:08:38.183;0:26.699;0:23.544;0:31.130;0:26.684;;Andrej PETROVIC;;;B;T-Code by Amtog;;GF;26.699;23.544;31.130;26.684;
77;1;8;1:48.552;0;;26.956;0;23.582;0;31.173;0;26.841;0;143.0;16:51.650;16:10:26.735;0:26.956;0:23.582;0:31.173;0:26.841;;Andrej PETROVIC;;;B;T-Code by Amtog;;GF;26.956;23.582;31.173;26.841;
77;1;9;1:49.217;0;;26.685;2;23.808;0;31.486;0;27.238;0;142.2;18:40.867;16:12:15.952;0:26.685;0:23.808;0:31.486;0:27.238;;Andrej PETROVIC;;;B;T-Code by Amtog;;GF;26.685;23.808;31.486;27.238;
77;1;10;1:48.738;0;;26.890;0;23.859;0;31.299;0;26.690;0;142.8;20:29.605;16:14:04.690;0:26.890;0:23.859;0:31.299;0:26.690;;Andrej PETROVIC;;;B;T-Code by Amtog;;GF;26.890;23.859;31.299;26.690;
77;1;11;1:49.937;0;;26.804;0;23.863;0;32.361;0;26.909;0;141.2;22:19.542;16:15:54.627;0:26.804;0:23.863;0:32.361;0:26.909;;Andrej PETROVIC;;;B;T-Code by Amtog;;GF;26.804;23.863;32.361;26.909;
77;1;12;1:48.407;0;;26.870;0;23.697;0;31.164;0;26.676;0;143.2;24:07.949;16:17:43.034;0:26.870;0:23.697;0:31.164;0:26.676;;Andrej PETROVIC;;;B;T-Code by Amtog;;GF;26.870;23.697;31.164;26.676;
77;1;13;1:49.582;0;;27.277;0;23.649;0;31.469;0;27.187;0;141.7;25:57.531;16:19:32.616;0:27.277;0:23.649;0:31.469;0:27.187;;Andrej PETROVIC;;;B;T-Code by Amtog;;GF;27.277;23.649;31.469;27.187;
77;1;14;1:48.726;0;;27.224;0;23.653;0;31.163;0;26.686;0;142.8;27:46.257;16:21:21.342;0:27.224;0:23.653;0:31.163;0:26.686;;Andrej PETROVIC;;;B;T-Code by Amtog;;GF;27.224;23.653;31.163;26.686;
77;1;15;1:48.069;0;;26.727;0;23.578;0;31.056;2;26.708;0;143.7;29:34.326;16:23:09.411;0:26.727;0:23.578;0:31.056;0:26.708;;Andrej PETROVIC;;;B;T-Code by Amtog;;GF;26.727;23.578;31.056;26.708;
77;1;16;1:48.141;0;;26.688;0;23.670;0;31.074;0;26.709;0;143.6;31:22.467;16:24:57.552;0:26.688;0:23.670;0:31.074;0:26.709;;Andrej PETROVIC;;;B;T-Code by Amtog;;GF;26.688;23.670;31.074;26.709;
77;1;17;1:48.055;2;;26.695;0;23.500;2;31.107;0;26.753;0;143.7;33:10.522;16:26:45.607;0:26.695;0:23.500;0:31.107;0:26.753;;Andrej PETROVIC;;;B;T-Code by Amtog;;FF;26.695;23.500;31.107;26.753;
78;1;1;1:58.351;0;;34.863;0;24.187;0;32.028;0;27.273;0;131.2;1:58.351;15:55:33.436;0:34.863;0:24.187;0:32.028;0:27.273;;Alfio SPINA;;;A;TC Racing;;GF;34.863;24.187;32.028;27.273;
78;1;2;1:48.089;0;;27.135;0;23.690;0;30.798;0;26.466;2;143.6;3:46.440;15:57:21.525;0:27.135;0:23.690;0:30.798;0:26.466;;Alfio SPINA;;;A;TC Racing;;GF;27.135;23.690;30.798;26.466;
78;1;3;1:58.066;0;;26.608;2;23.307;0;34.839;0;33.312;0;131.5;5:44.506;15:59:19.591;0:26.608;0:23.307;0:34.839;0:33.312;216.0;Alfio SPINA;;;A;TC Racing;;SF;26.608;23.307;34.839;33.312;
78;1;4;2:33.961;0;;34.403;0;33.368;0;42.391;0;43.799;0;100.8;8:18.467;16:01:53.552;0:34.403;0:33.368;0:42.391;0:43.799;190.0;Alfio SPINA;;;A;TC Racing;;SF;34.403;33.368;42.391;43.799;
78;1;5;2:34.652;0;;47.820;0;32.370;0;41.094;0;33.368;0;100.4;10:53.119;16:04:28.204;0:47.820;0:32.370;0:41.094;0:33.368;72.9;Alfio SPINA;;;A;TC Racing;;SF;47.820;32.370;41.094;33.368;
78;1;6;2:20.581;0;;34.606;0;32.140;0;46.593;0;27.242;0;110.4;13:13.700;16:06:48.785;0:34.606;0:32.140;0:46.593;0:27.242;184.9;Alfio SPINA;;;A;TC Racing;;GF;34.606;32.140;46.593;27.242;
78;1;7;1:48.257;0;;26.798;0;23.505;0;31.130;0;26.824;0;143.4;15:01.957;16:08:37.042;0:26.798;0:23.505;0:31.130;0:26.824;220.6;Alfio SPINA;;;A;TC Racing;;GF;26.798;23.505;31.130;26.824;
78;1;8;1:48.295;0;;27.007;0;23.546;0;31.063;0;26.679;0;143.4;16:50.252;16:10:25.337;0:27.007;0:23.546;0:31.063;0:26.679;211.5;Alfio SPINA;;;A;TC Racing;;GF;27.007;23.546;31.063;26.679;
78;1;9;1:48.617;0;;27.036;0;23.846;0;31.062;0;26.673;0;142.9;18:38.869;16:12:13.954;0:27.036;0:23.846;0:31.062;0:26.673;216.0;Alfio SPINA;;;A;TC Racing;;GF;27.036;23.846;31.062;26.673;
78;1;10;1:49.078;0;;27.009;0;23.844;0;31.449;0;26.776;0;142.3;20:27.947;16:14:03.032;0:27.009;0:23.844;0:31.449;0:26.776;223.0;Alfio SPINA;;;A;TC Racing;;GF;27.009;23.844;31.449;26.776;
78;1;11;1:48.745;0;;27.644;0;23.649;0;30.861;0;26.591;0;142.8;22:16.692;16:15:51.777;0:27.644;0:23.649;0:30.861;0:26.591;216.0;Alfio SPINA;;;A;TC Racing;;GF;27.644;23.649;30.861;26.591;
78;1;12;1:47.503;0;;26.702;0;23.356;0;30.786;0;26.659;0;144.4;24:04.195;16:17:39.280;0:26.702;0:23.356;0:30.786;0:26.659;219.5;Alfio SPINA;;;A;TC Racing;;GF;26.702;23.356;30.786;26.659;
78;1;13;1:47.286;2;;26.619;0;23.280;0;30.766;0;26.621;0;144.7;25:51.481;16:19:26.566;0:26.619;0:23.280;0:30.766;0:26.621;218.3;Alfio SPINA;;;A;TC Racing;;GF;26.619;23.280;30.766;26.621;
78;1;14;1:47.306;0;;26.689;0;23.375;0;30.756;2;26.486;0;144.7;27:38.787;16:21:13.872;0:26.689;0:23.375;0:30.756;0:26.486;218.3;Alfio SPINA;;;A;TC Racing;;GF;26.689;23.375;30.756;26.486;
78;1;15;1:47.340;0;;26.613;0;23.328;0;30.816;0;26.583;0;144.7;29:26.127;16:23:01.212;0:26.613;0:23.328;0:30.816;0:26.583;217.1;Alfio SPINA;;;A;TC Racing;;GF;26.613;23.328;30.816;26.583;
78;1;16;1:47.324;0;;26.654;0;23.354;0;30.786;0;26.530;0;144.7;31:13.451;16:24:48.536;0:26.654;0:23.354;0:30.786;0:26.530;220.6;Alfio SPINA;;;A;TC Racing;;GF;26.654;23.354;30.786;26.530;
78;1;17;1:47.351;0;;26.755;0;23.232;2;30.800;0;26.564;0;144.6;33:00.802;16:26:35.887;0:26.755;0:23.232;0:30.800;0:26.564;218.3;Alfio SPINA;;;A;TC Racing;;FF;26.755;23.232;30.800;26.564;
81;1;1;1:56.190;0;;33.761;0;24.329;0;31.475;0;26.625;0;133.6;1:56.190;15:55:31.275;0:33.761;0:24.329;0:31.475;0:26.625;;Noah MONTEIRO;;R;B;Campos Racing;;GF;33.761;24.329;31.475;26.625;
81;1;2;1:47.479;0;;26.748;0;23.265;0;31.022;0;26.444;2;144.5;3:43.669;15:57:18.754;0:26.748;0:23.265;0:31.022;0:26.444;;Noah MONTEIRO;;R;B;Campos Racing;;GF;26.748;23.265;31.022;26.444;
81;1;3;1:58.371;0;;26.532;0;23.216;2;35.995;0;32.628;0;131.2;5:42.040;15:59:17.125;0:26.532;0:23.216;0:35.995;0:32.628;;Noah MONTEIRO;;R;B;Campos Racing;;SF;26.532;23.216;35.995;32.628;
81;1;4;2:34.626;0;;35.178;0;32.974;0;42.589;0;43.885;0;100.4;8:16.666;16:01:51.751;0:35.178;0:32.974;0:42.589;0:43.885;;Noah MONTEIRO;;R;B;Campos Racing;;SF;35.178;32.974;42.589;43.885;
81;1;5;2:34.619;0;;47.703;0;32.230;0;41.356;0;33.330;0;100.4;10:51.285;16:04:26.370;0:47.703;0:32.230;0:41.356;0:33.330;;Noah MONTEIRO;;R;B;Campos Racing;;SF;47.703;32.230;41.356;33.330;
81;1;6;2:21.208;0;;34.571;0;31.984;0;47.540;0;27.113;0;110.0;13:12.493;16:06:47.578;0:34.571;0:31.984;0:47.540;0:27.113;;Noah MONTEIRO;;R;B;Campos Racing;;GF;34.571;31.984;47.540;27.113;
81;1;7;1:47.540;0;;26.875;0;23.288;0;30.874;0;26.503;0;144.4;15:00.033;16:08:35.118;0:26.875;0:23.288;0:30.874;0:26.503;;Noah MONTEIRO;;R;B;Campos Racing;;GF;26.875;23.288;30.874;26.503;
81;1;8;1:49.590;0;;26.541;0;23.630;0;31.630;0;27.789;0;141.7;16:49.623;16:10:24.708;0:26.541;0:23.630;0:31.630;0:27.789;;Noah MONTEIRO;;R;B;Campos Racing;;GF;26.541;23.630;31.630;27.789;
81;1;9;1:49.029;0;;27.306;0;23.905;0;31.017;0;26.801;0;142.4;18:38.652;16:12:13.737;0:27.306;0:23.905;0:31.017;0:26.801;;Noah MONTEIRO;;R;B;Campos Racing;;GF;27.306;23.905;31.017;26.801;
81;1;10;1:49.453;0;;27.026;0;24.169;0;31.572;0;26.686;0;141.9;20:28.105;16:14:03.190;0:27.026;0:24.169;0:31.572;0:26.686;;Noah MONTEIRO;;R;B;Campos Racing;;GF;27.026;24.169;31.572;26.686;
81;1;11;1:47.691;0;;26.999;0;23.332;0;30.881;0;26.479;0;144.2;22:15.796;16:15:50.881;0:26.999;0:23.332;0:30.881;0:26.479;;Noah MONTEIRO;;R;B;Campos Racing;;GF;26.999;23.332;30.881;26.479;
81;1;12;1:46.999;2;;26.525;0;23.261;0;30.730;2;26.483;0;145.1;24:02.795;16:17:37.880;0:26.525;0:23.261;0:30.730;0:26.483;;Noah MONTEIRO;;R;B;Campos Racing;;GF;26.525;23.261;30.730;26.483;
81;1;13;1:47.126;0;;26.465;0;23.317;0;30.795;0;26.549;0;144.9;25:49.921;16:19:25.006;0:26.465;0:23.317;0:30.795;0:26.549;;Noah MONTEIRO;;R;B;Campos Racing;;GF;26.465;23.317;30.795;26.549;
81;1;14;1:47.026;0;;26.412;3;23.303;0;30.782;0;26.529;0;145.1;27:36.947;16:21:12.032;0:26.412;0:23.303;0:30.782;0:26.529;;Noah MONTEIRO;;R;B;Campos Racing;;GF;26.412;23.303;30.782;26.529;
81;1;15;1:47.370;0;;26.529;0;23.484;0;30.882;0;26.475;0;144.6;29:24.317;16:22:59.402;0:26.529;0:23.484;0:30.882;0:26.475;;Noah MONTEIRO;;R;B;Campos Racing;;GF;26.529;23.484;30.882;26.475;
81;1;16;1:47.463;0;;26.478;0;23.433;0;30.955;0;26.597;0;144.5;31:11.780;16:24:46.865;0:26.478;0:23.433;0:30.955;0:26.597;;Noah MONTEIRO;;R;B;Campos Racing;;GF;26.478;23.433;30.955;26.597;
81;1;17;1:47.994;0;;26.692;0;23.329;0;30.890;0;27.083;0;143.8;32:59.774;16:26:34.859;0:26.692;0:23.329;0:30.890;0:27.083;;Noah MONTEIRO;;R;B;Campos Racing;;FF;26.692;23.329;30.890;27.083;
88;1;1;2:03.177;0;;38.285;0;24.927;0;32.279;0;27.686;0;126.1;2:03.177;15:55:38.262;0:38.285;0:24.927;0:32.279;0:27.686;;Santiago BAZTARRICA;;;A;TC Racing;;GF;38.285;24.927;32.279;27.686;
88;1;2;1:52.701;0;;27.821;0;24.331;0;32.765;0;27.784;0;137.8;3:55.878;15:57:30.963;0:27.821;0:24.331;0:32.765;0:27.784;212.6;Santiago BAZTARRICA;;;A;TC Racing;;GF;27.821;24.331;32.765;27.784;
88;1;3;2:00.516;0;;27.685;0;25.537;0;36.633;0;30.661;0;128.8;5:56.394;15:59:31.479;0:27.685;0:25.537;0:36.633;0:30.661;214.9;Santiago BAZTARRICA;;;A;TC Racing;;SF;27.685;25.537;36.633;30.661;
88;1;4;2:35.763;0;;37.930;0;31.621;0;41.988;0;44.224;0;99.7;8:32.157;16:02:07.242;0:37.930;0:31.621;0:41.988;0:44.224;146.0;Santiago BAZTARRICA;;;A;TC Racing;;SF;37.930;31.621;41.988;44.224;
88;1;5;2:34.515;0;;48.450;0;32.848;0;39.791;0;33.426;0;100.5;11:06.672;16:04:41.757;0:48.450;0:32.848;0:39.791;0:33.426;61.5;Santiago BAZTARRICA;;;A;TC Racing;;SF;48.450;32.848;39.791;33.426;
88;1;6;2:16.092;0;;32.877;0;34.074;0;41.641;0;27.500;0;114.1;13:22.764;16:06:57.849;0:32.877;0:34.074;0:41.641;0:27.500;168.2;Santiago BAZTARRICA;;;A;TC Racing;;GF;32.877;34.074;41.641;27.500;
88;1;7;1:48.678;0;;27.009;0;23.694;0;31.217;0;26.758;0;142.9;15:11.442;16:08:46.527;0:27.009;0:23.694;0:31.217;0:26.758;218.3;Santiago BAZTARRICA;;;A;TC Racing;;GF;27.009;23.694;31.217;26.758;
88;1;8;1:48.083;0;;26.847;0;23.600;0;31.089;0;26.547;0;143.7;16:59.525;16:10:34.610;0:26.847;0:23.600;0:31.089;0:26.547;218.3;Santiago BAZTARRICA;;;A;TC Racing;;GF;26.847;23.600;31.089;26.547;
88;1;9;1:48.257;0;;26.842;0;23.515;0;31.091;0;26.809;0;143.4;18:47.782;16:12:22.867;0:26.842;0:23.515;0:31.091;0:26.809;218.3;Santiago BAZTARRICA;;;A;TC Racing;;GF;26.842;23.515;31.091;26.809;
88;1;10;1:49.673;0;;26.904;0;23.736;0;31.916;0;27.117;0;141.6;20:37.455;16:14:12.540;0:26.904;0:23.736;0:31.916;0:27.117;218.3;Santiago BAZTARRICA;;;A;TC Racing;;GF;26.904;23.736;31.916;27.117;
88;1;11;2:16.852;0;B;28.258;0;24.765;0;31.067;0;52.762;0;113.5;22:54.307;16:16:29.392;0:28.258;0:24.765;0:31.067;0:52.762;214.9;Santiago BAZTARRICA;;;A;TC Racing;;GF;28.258;24.765;31.067;52.762;
88;1;12;1:53.836;0;;32.852;0;23.530;0;30.919;0;26.535;0;136.4;24:48.143;16:18:23.228;0:32.852;0:23.530;0:30.919;0:26.535;167.5;Santiago BAZTARRICA;0:00:31.832;;A;TC Racing;;GF;32.852;23.530;30.919;26.535;
88;1;13;1:47.799;2;;26.967;0;23.416;2;30.790;0;26.626;0;144.0;26:35.942;16:20:11.027;0:26.967;0:23.416;0:30.790;0:26.626;216.0;Santiago BAZTARRICA;;;A;TC Racing;;GF;26.967;23.416;30.790;26.626;
88;1;14;1:48.925;0;;26.880;0;24.410;0;31.112;0;26.523;0;142.5;28:24.867;16:21:59.952;0:26.880;0:24.410;0:31.112;0:26.523;216.0;Santiago BAZTARRICA;;;A;TC Racing;;GF;26.880;24.410;31.112;26.523;
88;1;15;1:47.698;0;;26.844;0;23.433;0;30.869;0;26.552;0;144.2;30:12.565;16:23:47.650;0:26.844;0:23.433;0:30.869;0:26.552;217.1;Santiago BAZTARRICA;;;A;TC Racing;;GF;26.844;23.433;30.869;26.552;
88;1;16;1:47.324;0;;26.790;2;23.368;0;30.721;2;26.445;2;144.7;31:59.889;16:25:34.974;0:26.790;0:23.368;0:30.721;0:26.445;214.9;Santiago BAZTARRICA;;;A;TC Racing;;GF;26.790;23.368;30.721;26.445;
88;1;17;1:47.839;0;;26.869;0;23.435;0;30.849;0;26.686;0;144.0;33:47.728;16:27:22.813;0:26.869;0:23.435;0:30.849;0:26.686;216.0;Santiago BAZTARRICA;;;A;TC Racing;;FF;26.869;23.435;30.849;26.686;
9;1;1;1:52.764;0;;32.126;0;23.322;0;30.883;0;26.433;0;137.7;1:52.764;15:55:27.849;0:32.126;0:23.322;0:30.883;0:26.433;;René LAMMERS;;;A;MP Motorsport;;GF;32.126;23.322;30.883;26.433;
9;1;2;1:47.484;0;;26.696;0;23.256;0;31.038;0;26.494;0;144.5;3:40.248;15:57:15.333;0:26.696;0:23.256;0:31.038;0:26.494;214.9;René LAMMERS;;;A;MP Motorsport;;GF;26.696;23.256;31.038;26.494;
9;1;3;1:57.808;0;;26.643;0;23.405;0;35.738;0;32.022;0;131.8;5:38.056;15:59:13.141;0:26.643;0:23.405;0:35.738;0:32.022;216.0;René LAMMERS;;;A;MP Motorsport;;SF;26.643;23.405;35.738;32.022;
9;1;4;2:35.220;0;;36.110;0;32.093;0;42.883;0;44.134;0;100.0;8:13.276;16:01:48.361;0:36.110;0:32.093;0:42.883;0:44.134;173.2;René LAMMERS;;;A;MP Motorsport;;SF;36.110;32.093;42.883;44.134;
9;1;5;2:34.132;0;;47.499;0;31.544;0;41.678;0;33.411;0;100.7;10:47.408;16:04:22.493;0:47.499;0:31.544;0:41.678;0:33.411;76.0;René LAMMERS;;;A;MP Motorsport;;SF;47.499;31.544;41.678;33.411;
9;1;6;2:22.197;0;;35.243;0;31.047;0;48.973;0;26.934;0;109.2;13:09.605;16:06:44.690;0:35.243;0:31.047;0:48.973;0:26.934;157.8;René LAMMERS;;;A;MP Motorsport;;GF;35.243;31.047;48.973;26.934;
9;1;7;1:47.443;0;;26.743;0;23.421;0;30.831;0;26.448;0;144.5;14:57.048;16:08:32.133;0:26.743;0:23.421;0:30.831;0:26.448;219.5;René LAMMERS;;;A;MP Motorsport;;GF;26.743;23.421;30.831;26.448;
9;1;8;1:47.411;0;;26.629;0;23.311;0;30.955;0;26.516;0;144.6;16:44.459;16:10:19.544;0:26.629;0:23.311;0:30.955;0:26.516;219.5;René LAMMERS;;;A;MP Motorsport;;GF;26.629;23.311;30.955;26.516;
9;1;9;1:46.957;0;;26.536;0;23.268;0;30.770;0;26.383;2;145.2;18:31.416;16:12:06.501;0:26.536;0:23.268;0:30.770;0:26.383;218.3;René LAMMERS;;;A;MP Motorsport;;GF;26.536;23.268;30.770;26.383;
9;1;10;1:46.847;2;;26.533;2;23.215;2;30.703;2;26.396;0;145.3;20:18.263;16:13:53.348;0:26.533;0:23.215;0:30.703;0:26.396;217.1;René LAMMERS;;;A;MP Motorsport;;GF;26.533;23.215;30.703;26.396;
9;1;11;1:47.074;0;;26.595;0;23.346;0;30.741;0;26.392;0;145.0;22:05.337;16:15:40.422;0:26.595;0:23.346;0:30.741;0:26.392;218.3;René LAMMERS;;;A;MP Motorsport;;GF;26.595;23.346;30.741;26.392;
9;1;12;1:47.238;0;;26.702;0;23.304;0;30.760;0;26.472;0;144.8;23:52.575;16:17:27.660;0:26.702;0:23.304;0:30.760;0:26.472;218.3;René LAMMERS;;;A;MP Motorsport;;GF;26.702;23.304;30.760;26.472;
9;1;13;1:47.287;0;;26.687;0;23.359;0;30.778;0;26.463;0;144.7;25:39.862;16:19:14.947;0:26.687;0:23.359;0:30.778;0:26.463;218.3;René LAMMERS;;;A;MP Motorsport;;GF;26.687;23.359;30.778;26.463;
9;1;14;1:47.713;0;;26.612;0;23.295;0;30.919;0;26.887;0;144.1;27:27.575;16:21:02.660;0:26.612;0:23.295;0:30.919;0:26.887;217.1;René LAMMERS;;;A;MP Motorsport;;GF;26.612;23.295;30.919;26.887;
9;1;15;1:47.828;0;;26.802;0;23.511;0;30.952;0;26.563;0;144.0;29:15.403;16:22:50.488;0:26.802;0:23.511;0:30.952;0:26.563;218.3;René LAMMERS;;;A;MP Motorsport;;GF;26.802;23.511;30.952;26.563;
9;1;16;1:47.765;0;;26.925;0;23.450;0;30.814;0;26.576;0;144.1;31:03.168;16:24:38.253;0:26.925;0:23.450;0:30.814;0:26.576;218.3;René LAMMERS;;;A;MP Motorsport;;GF;26.925;23.450;30.814;26.576;
9;1;17;1:47.507;0;;26.751;0;23.390;0;30.749;0;26.617;0;144.4;32:50.675;16:26:25.760;0:26.751;0:23.390;0:30.749;0:26.617;219.5;René LAMMERS;;;A;MP Motorsport;;FF;26.751;23.390;30.749;26.617;
91;1;1;2:00.026;0;;36.011;0;24.773;0;32.028;0;27.214;0;129.4;2:00.026;15:55:35.111;0:36.011;0:24.773;0:32.028;0:27.214;;Lorenzo CAMPOS;;R;A;Monlau Motorsport;;GF;36.011;24.773;32.028;27.214;
91;1;2;1:50.149;0;;27.604;0;23.973;0;31.676;0;26.896;0;141.0;3:50.175;15:57:25.260;0:27.604;0:23.973;0:31.676;0:26.896;217.1;Lorenzo CAMPOS;;R;A;Monlau Motorsport;;GF;27.604;23.973;31.676;26.896;
91;1;3;1:59.914;0;;27.157;0;24.315;0;35.753;0;32.689;0;129.5;5:50.089;15:59:25.174;0:27.157;0:24.315;0:35.753;0:32.689;217.1;Lorenzo CAMPOS;;R;A;Monlau Motorsport;;SF;27.157;24.315;35.753;32.689;
91;1;4;2:34.573;0;;34.375;0;34.235;0;42.341;0;43.622;0;100.4;8:24.662;16:01:59.747;0:34.375;0:34.235;0:42.341;0:43.622;165.5;Lorenzo CAMPOS;;R;A;Monlau Motorsport;;SF;34.375;34.235;42.341;43.622;
91;1;5;2:34.622;0;;48.211;0;32.968;0;40.159;0;33.284;0;100.4;10:59.284;16:04:34.369;0:48.211;0:32.968;0:40.159;0:33.284;85.9;Lorenzo CAMPOS;;R;A;Monlau Motorsport;;SF;48.211;32.968;40.159;33.284;
91;1;6;2:18.304;0;;33.911;0;33.443;0;43.922;0;27.028;0;112.3;13:17.588;16:06:52.673;0:33.911;0:33.443;0:43.922;0:27.028;161.6;Lorenzo CAMPOS;;R;A;Monlau Motorsport;;GF;33.911;33.443;43.922;27.028;
91;1;7;1:48.082;0;;26.835;0;23.668;0;31.026;2;26.553;0;143.7;15:05.670;16:08:40.755;0:26.835;0:23.668;0:31.026;0:26.553;218.3;Lorenzo CAMPOS;;R;A;Monlau Motorsport;;GF;26.835;23.668;31.026;26.553;
91;1;8;1:47.927;0;;26.620;0;23.671;0;31.073;0;26.563;2;143.9;16:53.597;16:10:28.682;0:26.620;0:23.671;0:31.073;0:26.563;219.5;Lorenzo CAMPOS;;R;A;Monlau Motorsport;;GF;26.620;23.671;31.073;26.563;
91;1;9;1:48.418;2;;26.751;2;23.454;2;31.425;0;26.788;0;143.2;18:42.015;16:12:17.100;0:26.751;0:23.454;0:31.425;0:26.788;218.3;Lorenzo CAMPOS;;R;A;Monlau Motorsport;;GF;26.751;23.454;31.425;26.788;
91;1;10;1:49.132;0;;26.836;0;23.900;0;31.697;0;26.699;0;142.3;20:31.147;16:14:06.232;0:26.836;0:23.900;0:31.697;0:26.699;220.6;Lorenzo CAMPOS;;R;A;Monlau Motorsport;;GF;26.836;23.900;31.697;26.699;
91;1;11;1:48.486;0;;27.043;0;23.528;0;31.256;0;26.659;0;143.1;22:19.633;16:15:54.718;0:27.043;0:23.528;0:31.256;0:26.659;218.3;Lorenzo CAMPOS;;R;A;Monlau Motorsport;;GF;27.043;23.528;31.256;26.659;
91;1;12;1:53.178;0;;27.988;0;26.383;0;31.987;0;26.820;0;137.2;24:12.811;16:17:47.896;0:27.988;0:26.383;0:31.987;0:26.820;209.4;Lorenzo CAMPOS;;R;A;Monlau Motorsport;;GF;27.988;26.383;31.987;26.820;
91;1;13;1:51.801;0;;27.213;0;24.450;0;32.506;0;27.632;0;138.9;26:04.612;16:19:39.697;0:27.213;0:24.450;0:32.506;0:27.632;217.1;Lorenzo CAMPOS;;R;A;Monlau Motorsport;;GF;27.213;24.450;32.506;27.632;
91;1;14;1:51.367;0;;28.025;0;24.496;0;31.984;0;26.862;0;139.4;27:55.979;16:21:31.064;0:28.025;0:24.496;0:31.984;0:26.862;212.6;Lorenzo CAMPOS;;R;A;Monlau Motorsport;;GF;28.025;24.496;31.984;26.862;
99;1;1;1:53.480;0;;32.427;0;23.424;0;31.121;0;26.508;0;136.8;1:53.480;15:55:28.565;0:32.427;0:23.424;0:31.121;0:26.508;;Thomas STRAUVEN;;;B;Griffin Core;;GF;32.427;23.424;31.121;26.508;
99;1;2;1:47.399;0;;26.620;0;23.280;0;31.051;0;26.448;0;144.6;3:40.879;15:57:15.964;0:26.620;0:23.280;0:31.051;0:26.448;;Thomas STRAUVEN;;;B;Griffin Core;;GF;26.620;23.280;31.051;26.448;
99;1;3;1:57.603;0;;26.590;0;23.288;0;35.795;0;31.930;0;132.0;5:38.482;15:59:13.567;0:26.590;0:23.288;0:35.795;0:31.930;;Thomas STRAUVEN;;;B;Griffin Core;;SF;26.590;23.288;35.795;31.930;
99;1;4;2:35.491;0;;36.177;0;32.143;0;42.910;0;44.261;0;99.9;8:13.973;16:01:49.058;0:36.177;0:32.143;0:42.910;0:44.261;;Thomas STRAUVEN;;;B;Griffin Core;;SF;36.177;32.143;42.910;44.261;
99;1;5;2:34.091;0;;47.280;0;31.545;0;41.859;0;33.407;0;100.8;10:48.064;16:04:23.149;0:47.280;0:31.545;0:41.859;0:33.407;;Thomas STRAUVEN;;;B;Griffin Core;;SF;47.280;31.545;41.859;33.407;
99;1;6;2:21.998;0;;35.374;0;30.776;0;48.959;0;26.889;0;109.3;13:10.062;16:06:45.147;0:35.374;0:30.776;0:48.959;0:26.889;;Thomas STRAUVEN;;;B;Griffin Core;;GF;35.374;30.776;48.959;26.889;
99;1;7;1:48.388;0;;26.699;0;23.353;0;31.278;0;27.058;0;143.3;14:58.450;16:08:33.535;0:26.699;0:23.353;0:31.278;0:27.058;;Thomas STRAUVEN;;;B;Griffin Core;;GF;26.699;23.353;31.278;27.058;
99;1;8;1:48.785;0;;26.946;0;23.759;0;31.598;0;26.482;0;142.7;16:47.235;16:10:22.320;0:26.946;0:23.759;0:31.598;0:26.482;;Thomas STRAUVEN;;;B;Griffin Core;;GF;26.946;23.759;31.598;26.482;
99;1;9;1:46.871;0;;26.453;0;23.302;0;30.746;0;26.370;0;145.3;18:34.106;16:12:09.191;0:26.453;0:23.302;0:30.746;0:26.370;;Thomas STRAUVEN;;;B;Griffin Core;;GF;26.453;23.302;30.746;26.370;
99;1;10;1:46.564;3;;26.451;2;23.185;2;30.668;2;26.260;0;145.7;20:20.670;16:13:55.755;0:26.451;0:23.185;0:30.668;0:26.260;;Thomas STRAUVEN;;;B;Griffin Core;;GF;26.451;23.185;30.668;26.260;
99;1;11;1:46.763;0;;26.505;0;23.243;0;30.781;0;26.234;3;145.4;22:07.433;16:15:42.518;0:26.505;0:23.243;0:30.781;0:26.234;;Thomas STRAUVEN;;;B;Griffin Core;;GF;26.505;23.243;30.781;26.234;
99;1;12;1:47.060;0;;26.614;0;23.456;0;30.668;0;26.322;0;145.0;23:54.493;16:17:29.578;0:26.614;0:23.456;0:30.668;0:26.322;;Thomas STRAUVEN;;;B;Griffin Core;;GF;26.614;23.456;30.668;26.322;
99;1;13;1:46.994;0;;26.499;0;23.272;0;30.769;0;26.454;0;145.1;25:41.487;16:19:16.572;0:26.499;0:23.272;0:30.769;0:26.454;;Thomas STRAUVEN;;;B;Griffin Core;;GF;26.499;23.272;30.769;26.454;
99;1;14;1:47.468;0;;26.626;0;23.402;0;30.985;0;26.455;0;144.5;27:28.955;16:21:04.040;0:26.626;0:23.402;0:30.985;0:26.455;;Thomas STRAUVEN;;;B;Griffin Core;;GF;26.626;23.402;30.985;26.455;
99;1;15;1:47.548;0;;26.641;0;23.554;0;30.834;0;26.519;0;144.4;29:16.503;16:22:51.588;0:26.641;0:23.554;0:30.834;0:26.519;;Thomas STRAUVEN;;;B;Griffin Core;;GF;26.641;23.554;30.834;26.519;
99;1;16;1:47.599;0;;26.789;0;23.442;0;30.952;0;26.416;0;144.3;31:04.102;16:24:39.187;0:26.789;0:23.442;0:30.952;0:26.416;;Thomas STRAUVEN;;;B;Griffin Core;;GF;26.789;23.442;30.952;26.416;
99;1;17;1:47.427;0;;26.680;0;23.337;0;30.842;0;26.568;0;144.5;32:51.529;16:26:26.614;0:26.680;0:23.337;0:30.842;0:26.568;;Thomas STRAUVEN;;;B;Griffin Core;;FF;26.680;23.337;30.842;26.568;
