Time (s),z_FL (m),z_FR (m),z_RL (m),z_RR (m)
0,2.32E-06,2.23E-05,-5.00E-05,-2.97E-07
0.01,4.62E-06,1.40E-05,-4.85E-05,-2.97E-07
0.02,8.30E-06,6.89E-06,-4.59E-05,-2.97E-07
0.03,1.33E-05,1.39E-06,-4.24E-05,-2.97E-07
0.04,1.91E-05,-2.56E-06,-3.81E-05,-2.97E-07
0.05,2.52E-05,-5.40E-06,-3.27E-05,-2.97E-07
0.06,3.07E-05,-7.76E-06,-2.61E-05,-2.97E-07
0.07,3.51E-05,-1.03E-05,-1.88E-05,-2.97E-07
0.08,3.77E-05,-1.33E-05,-1.10E-05,-2.97E-07
0.09,3.84E-05,-1.68E-05,-3.47E-06,-2.96E-07
0.1,3.72E-05,-2.04E-05,3.48E-06,-2.96E-07
0.11,3.49E-05,-2.35E-05,9.70E-06,-2.96E-07
0.12,3.20E-05,-2.55E-05,1.53E-05,-2.96E-07
0.13,2.92E-05,-2.60E-05,2.03E-05,-2.96E-07
0.14,2.70E-05,-2.48E-05,2.48E-05,-2.96E-07
0.15,2.54E-05,-2.23E-05,2.87E-05,-2.96E-07
0.16,2.42E-05,-1.90E-05,3.19E-05,-2.96E-07
0.17,2.31E-05,-1.50E-05,3.40E-05,-2.96E-07
0.18,2.16E-05,-1.07E-05,3.51E-05,-2.96E-07
0.19,1.96E-05,-5.85E-06,3.53E-05,-2.96E-07
0.2,1.69E-05,-4.20E-07,3.51E-05,-2.96E-07
0.21,1.37E-05,5.70E-06,3.49E-05,-2.96E-07
0.22,1.04E-05,1.23E-05,3.52E-05,-2.96E-07
0.23,7.45E-06,1.88E-05,3.62E-05,-2.96E-07
0.24,5.19E-06,2.45E-05,3.78E-05,-2.96E-07
0.25,3.74E-06,2.88E-05,3.96E-05,-2.96E-07
0.26,3.07E-06,3.13E-05,4.12E-05,-2.96E-07
0.27,3.09E-06,3.17E-05,4.22E-05,-2.96E-07
0.28,3.69E-06,3.02E-05,4.24E-05,-2.96E-07
0.29,4.77E-06,2.74E-05,4.15E-05,-2.96E-07
0.3,6.11E-06,2.36E-05,3.96E-05,-2.96E-07
0.31,7.40E-06,1.93E-05,3.63E-05,-2.95E-07
0.32,8.26E-06,1.48E-05,3.16E-05,-2.95E-07
0.33,8.35E-06,1.02E-05,2.55E-05,-2.95E-07
0.34,7.47E-06,5.76E-06,1.85E-05,-2.95E-07
0.35,5.67E-06,1.78E-06,1.09E-05,-2.95E-07
0.36,3.16E-06,-1.59E-06,3.19E-06,-2.95E-07
0.37,1.58E-07,-4.46E-06,-4.29E-06,-2.95E-07
0.38,-3.24E-06,-7.26E-06,-1.14E-05,-2.95E-07
0.39,-7.07E-06,-1.04E-05,-1.81E-05,-2.95E-07
0.4,-1.13E-05,-1.43E-05,-2.44E-05,-2.95E-07
0.41,-1.59E-05,-1.89E-05,-3.01E-05,-2.95E-07
0.42,-2.05E-05,-2.39E-05,-3.51E-05,-2.95E-07
0.43,-2.45E-05,-2.89E-05,-3.92E-05,-2.95E-07
0.44,-2.75E-05,-3.32E-05,-4.22E-05,-2.95E-07
0.45,-2.91E-05,-3.63E-05,-4.40E-05,-2.95E-07
0.46,-2.95E-05,-3.79E-05,-4.44E-05,-2.95E-07
0.47,-2.90E-05,-3.80E-05,-4.34E-05,-2.95E-07
0.48,-2.81E-05,-3.71E-05,-4.13E-05,-2.95E-07
0.49,-2.71E-05,-3.56E-05,-3.83E-05,-2.95E-07
0.5,-2.64E-05,-3.43E-05,-3.47E-05,-2.95E-07
0.51,-2.61E-05,-3.34E-05,-3.10E-05,-2.95E-07
0.52,-2.64E-05,-3.31E-05,-2.78E-05,-2.95E-07
0.53,-2.71E-05,-3.27E-05,-2.54E-05,-2.95E-07
0.54,-2.78E-05,-3.14E-05,-2.40E-05,-2.94E-07
0.55,-2.83E-05,-2.87E-05,-2.39E-05,-2.94E-07
0.56,-2.84E-05,-2.44E-05,-2.49E-05,-2.94E-07
0.57,-2.79E-05,-1.88E-05,-2.67E-05,-2.94E-07
0.58,-2.65E-05,-1.26E-05,-2.91E-05,-2.94E-07
0.59,-2.42E-05,-6.43E-06,-3.17E-05,-2.94E-07
0.6,-2.10E-05,-1.05E-06,-3.43E-05,-2.94E-07
0.61,-1.71E-05,2.91E-06,-3.66E-05,-2.94E-07
0.62,-1.26E-05,4.96E-06,-3.86E-05,-2.94E-07
0.63,-7.81E-06,4.97E-06,-4.00E-05,-2.94E-07
0.64,-3.08E-06,3.24E-06,-4.07E-05,-2.94E-07
0.65,1.13E-06,3.67E-07,-4.06E-05,-2.94E-07
0.66,4.43E-06,-2.90E-06,-3.99E-05,-2.94E-07
0.67,6.65E-06,-5.89E-06,-3.87E-05,-2.94E-07
0.68,7.93E-06,-8.08E-06,-3.74E-05,-2.94E-07
0.69,8.54E-06,-9.14E-06,-3.63E-05,-2.94E-07
0.7,8.71E-06,-8.87E-06,-3.55E-05,-2.94E-07
0.71,8.52E-06,-7.19E-06,-3.50E-05,-2.94E-07
0.72,7.98E-06,-4.23E-06,-3.44E-05,-2.94E-07
0.73,7.10E-06,-2.66E-07,-3.30E-05,-2.94E-07
0.74,5.92E-06,4.29E-06,-3.00E-05,-2.94E-07
0.75,4.44E-06,8.96E-06,-2.47E-05,-2.94E-07
0.76,2.66E-06,1.32E-05,-1.67E-05,-2.93E-07
0.77,5.12E-07,1.65E-05,-6.06E-06,-2.93E-07
0.78,-2.05E-06,1.85E-05,6.61E-06,-2.93E-07
0.79,-4.95E-06,1.90E-05,2.02E-05,-2.93E-07
0.8,-7.95E-06,1.82E-05,3.33E-05,-2.93E-07
0.81,-1.07E-05,1.65E-05,4.47E-05,-2.93E-07
0.82,-1.28E-05,1.44E-05,5.35E-05,-2.93E-07
0.83,-1.42E-05,1.21E-05,5.95E-05,-2.93E-07
0.84,-1.47E-05,1.00E-05,6.25E-05,-2.93E-07
0.85,-1.42E-05,8.28E-06,6.29E-05,-2.93E-07
0.86,-1.29E-05,6.97E-06,6.10E-05,-2.93E-07
0.87,-1.07E-05,5.92E-06,5.73E-05,-2.93E-07
0.88,-7.96E-06,4.95E-06,5.21E-05,-2.93E-07
0.89,-4.73E-06,3.92E-06,4.62E-05,-2.93E-07
0.9,-1.27E-06,2.85E-06,4.00E-05,-2.93E-07
0.91,2.24E-06,1.79E-06,3.42E-05,-2.93E-07
0.92,5.56E-06,7.72E-07,2.87E-05,-2.93E-07
0.93,8.45E-06,-1.21E-07,2.39E-05,-2.93E-07
0.94,1.07E-05,-6.64E-07,1.98E-05,-2.93E-07
0.95,1.23E-05,-5.83E-07,1.65E-05,-2.93E-07
0.96,1.33E-05,2.65E-07,1.42E-05,-2.93E-07
0.97,1.38E-05,1.80E-06,1.28E-05,-2.93E-07
0.98,1.40E-05,3.76E-06,1.21E-05,-2.92E-07
0.99,1.40E-05,5.89E-06,1.18E-05,-2.92E-07
1,1.40E-05,8.03E-06,1.15E-05,-2.92E-07
1.01,1.43E-05,1.01E-05,1.10E-05,-2.92E-07
1.02,1.48E-05,1.19E-05,1.04E-05,-2.92E-07
1.03,1.58E-05,1.31E-05,9.56E-06,-2.92E-07
1.04,1.72E-05,1.34E-05,8.75E-06,-2.92E-07
1.05,1.90E-05,1.25E-05,8.06E-06,-2.92E-07
1.06,2.11E-05,1.04E-05,7.42E-06,-2.92E-07
1.07,2.34E-05,7.35E-06,6.64E-06,-2.92E-07
1.08,2.57E-05,3.92E-06,5.45E-06,-2.92E-07
1.09,2.77E-05,7.68E-07,3.51E-06,-2.92E-07
1.1,2.92E-05,-1.55E-06,4.93E-07,-2.92E-07
1.11,2.98E-05,-2.79E-06,-3.73E-06,-2.92E-07
1.12,2.95E-05,-3.05E-06,-9.01E-06,-2.92E-07
1.13,2.82E-05,-2.65E-06,-1.49E-05,-2.92E-07
1.14,2.60E-05,-2.02E-06,-2.05E-05,-2.92E-07
1.15,2.34E-05,-1.56E-06,-2.51E-05,-2.92E-07
1.16,2.04E-05,-1.55E-06,-2.81E-05,-2.92E-07
1.17,1.75E-05,-2.07E-06,-2.91E-05,-2.92E-07
1.18,1.47E-05,-3.05E-06,-2.84E-05,-2.92E-07
1.19,1.21E-05,-4.18E-06,-2.65E-05,-2.92E-07
1.2,9.60E-06,-5.03E-06,-2.42E-05,-2.92E-07
1.21,7.37E-06,-5.06E-06,-2.19E-05,-2.91E-07
1.22,5.45E-06,-3.75E-06,-2.02E-05,-2.91E-07
1.23,3.85E-06,-8.76E-07,-1.90E-05,-2.91E-07
1.24,2.58E-06,3.34E-06,-1.83E-05,-2.91E-07
1.25,1.55E-06,8.23E-06,-1.78E-05,-2.91E-07
1.26,5.92E-07,1.30E-05,-1.72E-05,-2.91E-07
1.27,-5.57E-07,1.68E-05,-1.64E-05,-2.91E-07
1.28,-2.27E-06,1.94E-05,-1.55E-05,-2.91E-07
1.29,-4.90E-06,2.06E-05,-1.46E-05,-2.91E-07
1.3,-8.59E-06,2.07E-05,-1.39E-05,-2.91E-07
1.31,-1.33E-05,2.02E-05,-1.31E-05,-2.91E-07
1.32,-1.86E-05,1.96E-05,-1.22E-05,-2.91E-07
1.33,-2.41E-05,1.91E-05,-1.08E-05,-2.91E-07
1.34,-2.96E-05,1.89E-05,-8.86E-06,-2.91E-07
1.35,-3.47E-05,1.91E-05,-6.15E-06,-2.91E-07
1.36,-3.93E-05,1.91E-05,-2.64E-06,-2.91E-07
1.37,-4.32E-05,1.85E-05,1.74E-06,-2.91E-07
1.38,-4.60E-05,1.71E-05,7.08E-06,-2.91E-07
1.39,-4.73E-05,1.49E-05,1.33E-05,-2.91E-07
1.4,-4.70E-05,1.23E-05,2.03E-05,-2.91E-07
1.41,-4.50E-05,9.82E-06,2.75E-05,-2.91E-07
1.42,-4.16E-05,7.91E-06,3.44E-05,-2.91E-07
1.43,-3.72E-05,6.92E-06,4.04E-05,-2.90E-07
1.44,-3.24E-05,6.87E-06,4.49E-05,-2.90E-07
1.45,-2.75E-05,7.35E-06,4.74E-05,-2.90E-07
1.46,-2.26E-05,7.74E-06,4.77E-05,-2.90E-07
1.47,-1.77E-05,7.34E-06,4.56E-05,-2.90E-07
1.48,-1.25E-05,5.71E-06,4.17E-05,-2.90E-07
1.49,-6.86E-06,2.66E-06,3.66E-05,-2.90E-07
1.5,-6.18E-07,-1.61E-06,3.09E-05,-2.90E-07
1.51,6.07E-06,-6.71E-06,2.53E-05,-2.90E-07
1.52,1.29E-05,-1.20E-05,2.03E-05,-2.90E-07
1.53,1.95E-05,-1.70E-05,1.61E-05,-2.90E-07
1.54,2.55E-05,-2.11E-05,1.29E-05,-2.90E-07
1.55,3.07E-05,-2.41E-05,1.06E-05,-2.90E-07
1.56,3.49E-05,-2.66E-05,9.11E-06,-2.90E-07
1.57,3.80E-05,-2.91E-05,8.07E-06,-2.90E-07
1.58,4.00E-05,-3.24E-05,7.07E-06,-2.90E-07
1.59,4.09E-05,-3.65E-05,5.76E-06,-2.90E-07
1.6,4.11E-05,-4.11E-05,3.99E-06,-2.90E-07
1.61,4.07E-05,-4.54E-05,1.81E-06,-2.90E-07
1.62,4.01E-05,-4.85E-05,-7.18E-07,-2.90E-07
1.63,3.93E-05,-4.99E-05,-3.60E-06,-2.90E-07
1.64,3.87E-05,-4.92E-05,-6.90E-06,-2.90E-07
1.65,3.80E-05,-4.68E-05,-1.07E-05,-2.90E-07
1.66,3.72E-05,-4.32E-05,-1.49E-05,-2.89E-07
1.67,3.59E-05,-3.91E-05,-1.97E-05,-2.89E-07
1.68,3.38E-05,-3.50E-05,-2.50E-05,-2.89E-07
1.69,3.08E-05,-3.13E-05,-3.07E-05,-2.89E-07
1.7,2.68E-05,-2.79E-05,-3.64E-05,-2.89E-07
1.71,2.19E-05,-2.49E-05,-4.19E-05,-2.89E-07
1.72,1.62E-05,-2.21E-05,-4.66E-05,-2.89E-07
1.73,9.76E-06,-1.92E-05,-5.00E-05,-2.89E-07
1.74,2.64E-06,-1.62E-05,-5.16E-05,-2.89E-07
1.75,-5.08E-06,-1.33E-05,-5.08E-05,-2.89E-07
1.76,-1.33E-05,-1.02E-05,-4.73E-05,-2.89E-07
1.77,-2.18E-05,-6.84E-06,-4.12E-05,-2.89E-07
1.78,-3.03E-05,-2.75E-06,-3.30E-05,-2.89E-07
1.79,-3.82E-05,2.34E-06,-2.37E-05,-2.89E-07
1.8,-4.50E-05,8.48E-06,-1.44E-05,-2.89E-07
1.81,-5.04E-05,1.55E-05,-6.31E-06,-2.89E-07
1.82,-5.39E-05,2.30E-05,-2.82E-07,-2.89E-07
1.83,-5.54E-05,3.07E-05,3.54E-06,-2.89E-07
1.84,-5.47E-05,3.81E-05,5.59E-06,-2.89E-07
1.85,-5.20E-05,4.51E-05,6.63E-06,-2.89E-07
1.86,-4.76E-05,5.13E-05,7.47E-06,-2.89E-07
1.87,-4.17E-05,5.65E-05,8.69E-06,-2.89E-07
1.88,-3.47E-05,6.03E-05,1.05E-05,-2.88E-07
1.89,-2.71E-05,6.21E-05,1.25E-05,-2.88E-07
1.9,-1.89E-05,6.20E-05,1.40E-05,-2.88E-07
1.91,-1.05E-05,6.03E-05,1.45E-05,-2.88E-07
1.92,-1.92E-06,5.73E-05,1.38E-05,-2.88E-07
1.93,6.74E-06,5.36E-05,1.21E-05,-2.88E-07
1.94,1.52E-05,4.94E-05,1.02E-05,-2.88E-07
1.95,2.29E-05,4.49E-05,9.05E-06,-2.88E-07
1.96,2.94E-05,4.01E-05,9.14E-06,-2.88E-07
1.97,3.42E-05,3.50E-05,1.09E-05,-2.88E-07
1.98,3.68E-05,2.98E-05,1.43E-05,-2.88E-07
1.99,3.68E-05,2.46E-05,1.92E-05,-2.88E-07
2,3.43E-05,1.96E-05,2.52E-05,-2.88E-07
2.01,2.99E-05,1.49E-05,3.15E-05,-2.88E-07
2.02,2.41E-05,1.06E-05,3.72E-05,-2.88E-07
2.03,1.77E-05,6.57E-06,4.14E-05,-2.88E-07
2.04,1.14E-05,2.49E-06,4.33E-05,-2.88E-07
2.05,5.69E-06,-1.84E-06,4.26E-05,-2.88E-07
2.06,6.94E-07,-6.52E-06,3.93E-05,-2.88E-07
2.07,-3.48E-06,-1.15E-05,3.36E-05,-2.88E-07
2.08,-6.88E-06,-1.66E-05,2.62E-05,-2.88E-07
2.09,-9.62E-06,-2.17E-05,1.80E-05,-2.88E-07
2.1,-1.19E-05,-2.66E-05,9.65E-06,-2.88E-07
2.11,-1.37E-05,-3.12E-05,1.86E-06,-2.87E-07
2.12,-1.52E-05,-3.48E-05,-5.01E-06,-2.87E-07
2.13,-1.62E-05,-3.70E-05,-1.08E-05,-2.87E-07
2.14,-1.67E-05,-3.75E-05,-1.55E-05,-2.87E-07
2.15,-1.67E-05,-3.61E-05,-1.94E-05,-2.87E-07
2.16,-1.64E-05,-3.34E-05,-2.27E-05,-2.87E-07
2.17,-1.58E-05,-2.96E-05,-2.55E-05,-2.87E-07
2.18,-1.53E-05,-2.50E-05,-2.80E-05,-2.87E-07
2.19,-1.48E-05,-2.00E-05,-3.00E-05,-2.87E-07
2.2,-1.43E-05,-1.48E-05,-3.15E-05,-2.87E-07
2.21,-1.37E-05,-9.98E-06,-3.22E-05,-2.87E-07
2.22,-1.27E-05,-6.29E-06,-3.20E-05,-2.87E-07
2.23,-1.16E-05,-4.15E-06,-3.06E-05,-2.87E-07
2.24,-1.02E-05,-3.68E-06,-2.80E-05,-2.87E-07
2.25,-8.93E-06,-4.56E-06,-2.42E-05,-2.87E-07
2.26,-7.70E-06,-6.08E-06,-1.94E-05,-2.87E-07
2.27,-6.46E-06,-7.38E-06,-1.40E-05,-2.87E-07
2.28,-5.08E-06,-7.68E-06,-8.46E-06,-2.87E-07
2.29,-3.43E-06,-6.49E-06,-3.07E-06,-2.87E-07
2.3,-1.48E-06,-3.74E-06,1.94E-06,-2.87E-07
2.31,7.30E-07,1.49E-07,6.52E-06,-2.87E-07
2.32,3.08E-06,4.48E-06,1.07E-05,-2.87E-07
2.33,5.41E-06,8.52E-06,1.44E-05,-2.86E-07
2.34,7.56E-06,1.17E-05,1.76E-05,-2.86E-07
2.35,9.41E-06,1.39E-05,2.03E-05,-2.86E-07
2.36,1.09E-05,1.50E-05,2.21E-05,-2.86E-07
2.37,1.20E-05,1.48E-05,2.27E-05,-2.86E-07
2.38,1.26E-05,1.34E-05,2.17E-05,-2.86E-07
2.39,1.27E-05,1.04E-05,1.90E-05,-2.86E-07
2.4,1.23E-05,5.89E-06,1.48E-05,-2.86E-07
2.41,1.18E-05,3.19E-07,9.86E-06,-2.86E-07
2.42,1.12E-05,-5.38E-06,5.17E-06,-2.86E-07
2.43,1.09E-05,-9.97E-06,1.57E-06,-2.86E-07
2.44,1.10E-05,-1.23E-05,-4.84E-07,-2.86E-07
2.45,1.15E-05,-1.19E-05,-9.62E-07,-2.86E-07
2.46,1.20E-05,-8.91E-06,-1.57E-07,-2.86E-07
2.47,1.23E-05,-4.25E-06,1.44E-06,-2.86E-07
2.48,1.21E-05,8.64E-07,3.33E-06,-2.86E-07
2.49,1.14E-05,5.36E-06,5.20E-06,-2.86E-07
2.5,1.04E-05,8.51E-06,6.97E-06,-2.86E-07
2.51,9.68E-06,1.01E-05,8.72E-06,-2.86E-07
2.52,9.67E-06,1.03E-05,1.06E-05,-2.86E-07
2.53,1.08E-05,9.54E-06,1.25E-05,-2.86E-07
2.54,1.33E-05,8.31E-06,1.43E-05,-2.86E-07
2.55,1.70E-05,6.75E-06,1.57E-05,-2.86E-07
2.56,2.14E-05,4.75E-06,1.65E-05,-2.85E-07
2.57,2.60E-05,2.01E-06,1.64E-05,-2.85E-07
2.58,3.01E-05,-1.67E-06,1.53E-05,-2.85E-07
2.59,3.29E-05,-6.31E-06,1.33E-05,-2.85E-07
2.6,3.39E-05,-1.17E-05,1.05E-05,-2.85E-07
2.61,3.28E-05,-1.75E-05,7.07E-06,-2.85E-07
2.62,2.97E-05,-2.30E-05,3.07E-06,-2.85E-07
2.63,2.48E-05,-2.77E-05,-1.44E-06,-2.85E-07
2.64,1.85E-05,-3.15E-05,-6.43E-06,-2.85E-07
2.65,1.12E-05,-3.42E-05,-1.18E-05,-2.85E-07
2.66,3.67E-06,-3.60E-05,-1.72E-05,-2.85E-07
2.67,-3.64E-06,-3.71E-05,-2.23E-05,-2.85E-07
2.68,-1.01E-05,-3.72E-05,-2.66E-05,-2.85E-07
2.69,-1.55E-05,-3.62E-05,-2.96E-05,-2.85E-07
2.7,-1.95E-05,-3.38E-05,-3.11E-05,-2.85E-07
2.71,-2.26E-05,-3.02E-05,-3.11E-05,-2.85E-07
2.72,-2.49E-05,-2.59E-05,-2.99E-05,-2.85E-07
2.73,-2.68E-05,-2.12E-05,-2.81E-05,-2.85E-07
2.74,-2.86E-05,-1.67E-05,-2.61E-05,-2.85E-07
2.75,-3.03E-05,-1.29E-05,-2.47E-05,-2.85E-07
2.76,-3.20E-05,-1.00E-05,-2.40E-05,-2.85E-07
2.77,-3.33E-05,-8.20E-06,-2.45E-05,-2.85E-07
2.78,-3.42E-05,-7.34E-06,-2.63E-05,-2.84E-07
2.79,-3.43E-05,-7.35E-06,-2.90E-05,-2.84E-07
2.8,-3.35E-05,-7.93E-06,-3.22E-05,-2.84E-07
2.81,-3.16E-05,-8.60E-06,-3.55E-05,-2.84E-07
2.82,-2.86E-05,-8.75E-06,-3.81E-05,-2.84E-07
2.83,-2.47E-05,-7.82E-06,-3.95E-05,-2.84E-07
2.84,-2.02E-05,-5.62E-06,-3.90E-05,-2.84E-07
2.85,-1.56E-05,-2.39E-06,-3.64E-05,-2.84E-07
2.86,-1.13E-05,1.30E-06,-3.16E-05,-2.84E-07
2.87,-7.75E-06,4.87E-06,-2.52E-05,-2.84E-07
2.88,-4.90E-06,7.86E-06,-1.78E-05,-2.84E-07
2.89,-2.43E-06,9.96E-06,-1.04E-05,-2.84E-07
2.9,1.95E-07,1.10E-05,-3.81E-06,-2.84E-07
2.91,3.45E-06,1.09E-05,1.33E-06,-2.84E-07
2.92,7.54E-06,9.86E-06,4.83E-06,-2.84E-07
2.93,1.23E-05,8.46E-06,6.94E-06,-2.84E-07
2.94,1.74E-05,7.42E-06,8.24E-06,-2.84E-07
2.95,2.22E-05,7.48E-06,9.46E-06,-2.84E-07
2.96,2.63E-05,9.07E-06,1.12E-05,-2.84E-07
2.97,2.96E-05,1.21E-05,1.39E-05,-2.84E-07
2.98,3.19E-05,1.63E-05,1.75E-05,-2.84E-07
2.99,3.33E-05,2.08E-05,2.18E-05,-2.84E-07
3,3.36E-05,2.54E-05,2.58E-05,-2.84E-07
3.01,3.26E-05,2.94E-05,2.89E-05,-2.83E-07
3.02,3.03E-05,3.27E-05,3.02E-05,-2.83E-07
3.03,2.67E-05,3.48E-05,2.91E-05,-2.83E-07
3.04,2.23E-05,3.56E-05,2.53E-05,-2.83E-07
3.05,1.73E-05,3.46E-05,1.91E-05,-2.83E-07
3.06,1.21E-05,3.20E-05,1.11E-05,-2.83E-07
3.07,7.27E-06,2.81E-05,2.65E-06,-2.83E-07
3.08,3.08E-06,2.32E-05,-5.04E-06,-2.83E-07
3.09,-8.53E-08,1.80E-05,-1.08E-05,-2.83E-07
3.1,-1.97E-06,1.28E-05,-1.41E-05,-2.83E-07
3.11,-2.51E-06,8.01E-06,-1.50E-05,-2.83E-07
3.12,-1.90E-06,3.88E-06,-1.40E-05,-2.83E-07
3.13,-6.23E-07,4.11E-07,-1.17E-05,-2.83E-07
3.14,5.85E-07,-2.64E-06,-8.89E-06,-2.83E-07
3.15,8.87E-07,-5.71E-06,-5.94E-06,-2.83E-07
3.16,-5.04E-07,-9.31E-06,-2.93E-06,-2.83E-07
3.17,-4.08E-06,-1.38E-05,2.05E-07,-2.83E-07
3.18,-9.82E-06,-1.91E-05,3.54E-06,-2.83E-07
3.19,-1.72E-05,-2.47E-05,7.17E-06,-2.83E-07
3.2,-2.53E-05,-2.96E-05,1.13E-05,-2.83E-07
3.21,-3.34E-05,-3.26E-05,1.62E-05,-2.83E-07
3.22,-4.05E-05,-3.31E-05,2.18E-05,-2.83E-07
3.23,-4.63E-05,-3.11E-05,2.79E-05,-2.82E-07
3.24,-5.06E-05,-2.69E-05,3.40E-05,-2.82E-07
3.25,-5.33E-05,-2.16E-05,3.93E-05,-2.82E-07
3.26,-5.45E-05,-1.57E-05,4.35E-05,-2.82E-07
3.27,-5.44E-05,-1.01E-05,4.64E-05,-2.82E-07
3.28,-5.30E-05,-4.97E-06,4.76E-05,-2.82E-07
3.29,-5.04E-05,-8.07E-07,4.69E-05,-2.82E-07
3.3,-4.66E-05,2.31E-06,4.44E-05,-2.82E-07
3.31,-4.18E-05,4.49E-06,4.00E-05,-2.82E-07
3.32,-3.61E-05,5.99E-06,3.43E-05,-2.82E-07
3.33,-2.95E-05,7.26E-06,2.82E-05,-2.82E-07
3.34,-2.21E-05,8.74E-06,2.25E-05,-2.82E-07
3.35,-1.40E-05,1.08E-05,1.78E-05,-2.82E-07
3.36,-5.10E-06,1.35E-05,1.44E-05,-2.82E-07
3.37,4.31E-06,1.66E-05,1.23E-05,-2.82E-07
3.38,1.39E-05,1.99E-05,1.17E-05,-2.82E-07
3.39,2.32E-05,2.28E-05,1.23E-05,-2.82E-07
3.4,3.16E-05,2.48E-05,1.39E-05,-2.82E-07
3.41,3.86E-05,2.58E-05,1.60E-05,-2.82E-07
3.42,4.39E-05,2.58E-05,1.79E-05,-2.82E-07
3.43,4.75E-05,2.48E-05,1.94E-05,-2.82E-07
3.44,4.94E-05,2.30E-05,1.99E-05,-2.82E-07
3.45,5.00E-05,2.07E-05,1.96E-05,-2.82E-07
3.46,4.98E-05,1.83E-05,1.84E-05,-2.81E-07
3.47,4.92E-05,1.60E-05,1.64E-05,-2.81E-07
3.48,4.85E-05,1.43E-05,1.35E-05,-2.81E-07
3.49,4.78E-05,1.32E-05,9.53E-06,-2.81E-07
3.5,4.72E-05,1.29E-05,4.36E-06,-2.81E-07
3.51,4.65E-05,1.31E-05,-1.96E-06,-2.81E-07
3.52,4.56E-05,1.38E-05,-9.25E-06,-2.81E-07
3.53,4.40E-05,1.45E-05,-1.73E-05,-2.81E-07
3.54,4.12E-05,1.50E-05,-2.57E-05,-2.81E-07
3.55,3.69E-05,1.47E-05,-3.40E-05,-2.81E-07
3.56,3.11E-05,1.33E-05,-4.15E-05,-2.81E-07
3.57,2.39E-05,1.10E-05,-4.74E-05,-2.81E-07
3.58,1.60E-05,8.30E-06,-5.11E-05,-2.81E-07
3.59,8.31E-06,5.94E-06,-5.26E-05,-2.81E-07
3.6,1.56E-06,4.44E-06,-5.24E-05,-2.81E-07
3.61,-3.72E-06,3.85E-06,-5.14E-05,-2.81E-07
3.62,-7.32E-06,3.84E-06,-5.03E-05,-2.81E-07
3.63,-9.37E-06,3.92E-06,-4.98E-05,-2.81E-07
3.64,-1.02E-05,3.70E-06,-4.99E-05,-2.81E-07
3.65,-1.03E-05,2.90E-06,-5.05E-05,-2.81E-07
3.66,-9.96E-06,1.33E-06,-5.12E-05,-2.81E-07
3.67,-9.62E-06,-1.14E-06,-5.19E-05,-2.81E-07
3.68,-9.50E-06,-4.55E-06,-5.28E-05,-2.80E-07
3.69,-9.75E-06,-8.83E-06,-5.40E-05,-2.80E-07
3.7,-1.04E-05,-1.38E-05,-5.57E-05,-2.80E-07
3.71,-1.13E-05,-1.92E-05,-5.80E-05,-2.80E-07
3.72,-1.22E-05,-2.46E-05,-6.03E-05,-2.80E-07
3.73,-1.28E-05,-2.97E-05,-6.22E-05,-2.80E-07
3.74,-1.28E-05,-3.44E-05,-6.30E-05,-2.80E-07
3.75,-1.23E-05,-3.87E-05,-6.20E-05,-2.80E-07
3.76,-1.13E-05,-4.25E-05,-5.88E-05,-2.80E-07
3.77,-9.97E-06,-4.59E-05,-5.31E-05,-2.80E-07
3.78,-8.62E-06,-4.87E-05,-4.51E-05,-2.80E-07
3.79,-7.41E-06,-5.06E-05,-3.47E-05,-2.80E-07
3.8,-6.45E-06,-5.11E-05,-2.26E-05,-2.80E-07
3.81,-5.74E-06,-5.01E-05,-9.13E-06,-2.80E-07
3.82,-5.28E-06,-4.74E-05,4.85E-06,-2.80E-07
3.83,-5.11E-06,-4.30E-05,1.85E-05,-2.80E-07
3.84,-5.32E-06,-3.73E-05,3.09E-05,-2.80E-07
3.85,-5.95E-06,-3.07E-05,4.15E-05,-2.80E-07
3.86,-7.00E-06,-2.35E-05,5.01E-05,-2.80E-07
3.87,-8.48E-06,-1.58E-05,5.67E-05,-2.80E-07
3.88,-1.04E-05,-7.81E-06,6.17E-05,-2.80E-07
3.89,-1.26E-05,1.76E-07,6.55E-05,-2.80E-07
3.9,-1.51E-05,7.80E-06,6.84E-05,-2.80E-07
3.91,-1.77E-05,1.46E-05,7.06E-05,-2.79E-07
3.92,-2.04E-05,2.03E-05,7.25E-05,-2.79E-07
3.93,-2.30E-05,2.46E-05,7.41E-05,-2.79E-07
3.94,-2.56E-05,2.71E-05,7.51E-05,-2.79E-07
3.95,-2.80E-05,2.78E-05,7.50E-05,-2.79E-07
3.96,-3.03E-05,2.64E-05,7.32E-05,-2.79E-07
3.97,-3.24E-05,2.35E-05,6.93E-05,-2.79E-07
3.98,-3.41E-05,1.96E-05,6.33E-05,-2.79E-07
3.99,-3.55E-05,1.56E-05,5.52E-05,-2.79E-07
4,-3.65E-05,1.22E-05,4.57E-05,-2.79E-07
4.01,-3.71E-05,9.94E-06,3.55E-05,-2.79E-07
4.02,-3.71E-05,8.51E-06,2.56E-05,-2.79E-07
4.03,-3.63E-05,7.35E-06,1.71E-05,-2.79E-07
4.04,-3.45E-05,5.65E-06,1.07E-05,-2.79E-07
4.05,-3.19E-05,2.78E-06,6.78E-06,-2.79E-07
4.06,-2.86E-05,-1.46E-06,4.96E-06,-2.79E-07
4.07,-2.47E-05,-6.81E-06,4.52E-06,-2.79E-07
4.08,-2.06E-05,-1.27E-05,4.56E-06,-2.79E-07
4.09,-1.64E-05,-1.84E-05,4.21E-06,-2.79E-07
4.1,-1.26E-05,-2.34E-05,2.63E-06,-2.79E-07
4.11,-9.46E-06,-2.73E-05,-8.05E-07,-2.79E-07
4.12,-7.41E-06,-3.02E-05,-6.37E-06,-2.79E-07
4.13,-6.52E-06,-3.20E-05,-1.38E-05,-2.78E-07
4.14,-6.68E-06,-3.27E-05,-2.22E-05,-2.78E-07
4.15,-7.51E-06,-3.23E-05,-3.07E-05,-2.78E-07
4.16,-8.50E-06,-3.08E-05,-3.82E-05,-2.78E-07
4.17,-9.19E-06,-2.84E-05,-4.41E-05,-2.78E-07
4.18,-9.25E-06,-2.53E-05,-4.82E-05,-2.78E-07
4.19,-8.68E-06,-2.18E-05,-5.05E-05,-2.78E-07
4.2,-7.82E-06,-1.87E-05,-5.11E-05,-2.78E-07
4.21,-7.15E-06,-1.62E-05,-5.05E-05,-2.78E-07
4.22,-6.97E-06,-1.46E-05,-4.90E-05,-2.78E-07
4.23,-7.20E-06,-1.38E-05,-4.73E-05,-2.78E-07
4.24,-7.41E-06,-1.34E-05,-4.57E-05,-2.78E-07
4.25,-7.09E-06,-1.28E-05,-4.44E-05,-2.78E-07
4.26,-5.86E-06,-1.17E-05,-4.35E-05,-2.78E-07
4.27,-3.52E-06,-9.66E-06,-4.25E-05,-2.78E-07
4.28,4.40E-08,-6.76E-06,-4.10E-05,-2.78E-07
4.29,4.78E-06,-3.13E-06,-3.83E-05,-2.78E-07
4.3,1.07E-05,9.78E-07,-3.37E-05,-2.78E-07
4.31,1.77E-05,5.38E-06,-2.73E-05,-2.78E-07
4.32,2.61E-05,1.00E-05,-1.93E-05,-2.78E-07
4.33,3.57E-05,1.50E-05,-1.07E-05,-2.78E-07
4.34,4.62E-05,2.02E-05,-2.23E-06,-2.78E-07
4.35,5.70E-05,2.58E-05,5.63E-06,-2.77E-07
4.36,6.73E-05,3.20E-05,1.24E-05,-2.77E-07
4.37,7.67E-05,3.89E-05,1.81E-05,-2.77E-07
4.38,8.49E-05,4.69E-05,2.25E-05,-2.77E-07
4.39,9.16E-05,5.58E-05,2.57E-05,-2.77E-07
4.4,9.66E-05,6.54E-05,2.79E-05,-2.77E-07
4.41,9.97E-05,7.48E-05,2.92E-05,-2.77E-07
4.42,0.000100613,8.32E-05,2.95E-05,-2.77E-07
4.43,9.92E-05,8.95E-05,2.87E-05,-2.77E-07
4.44,9.53E-05,9.29E-05,2.68E-05,-2.77E-07
4.45,8.91E-05,9.29E-05,2.35E-05,-2.77E-07
4.46,8.08E-05,8.94E-05,1.89E-05,-2.77E-07
4.47,7.10E-05,8.27E-05,1.34E-05,-2.77E-07
4.48,6.06E-05,7.30E-05,7.44E-06,-2.77E-07
4.49,5.02E-05,6.11E-05,1.55E-06,-2.77E-07
4.5,4.02E-05,4.73E-05,-3.82E-06,-2.77E-07
4.51,3.04E-05,3.25E-05,-8.42E-06,-2.77E-07
4.52,2.07E-05,1.72E-05,-1.22E-05,-2.77E-07
4.53,1.07E-05,2.46E-06,-1.55E-05,-2.77E-07
4.54,3.83E-07,-1.10E-05,-1.83E-05,-2.77E-07
4.55,-9.96E-06,-2.24E-05,-2.07E-05,-2.77E-07
4.56,-2.01E-05,-3.12E-05,-2.25E-05,-2.77E-07
4.57,-2.96E-05,-3.69E-05,-2.34E-05,-2.77E-07
4.58,-3.82E-05,-3.97E-05,-2.31E-05,-2.76E-07
4.59,-4.56E-05,-3.99E-05,-2.14E-05,-2.76E-07
4.6,-5.18E-05,-3.84E-05,-1.83E-05,-2.76E-07
4.61,-5.66E-05,-3.60E-05,-1.36E-05,-2.76E-07
4.62,-6.02E-05,-3.36E-05,-7.46E-06,-2.76E-07
4.63,-6.25E-05,-3.16E-05,7.07E-09,-2.76E-07
4.64,-6.34E-05,-3.03E-05,8.38E-06,-2.76E-07
4.65,-6.27E-05,-2.96E-05,1.71E-05,-2.76E-07
4.66,-6.05E-05,-2.92E-05,2.55E-05,-2.76E-07
4.67,-5.72E-05,-2.93E-05,3.28E-05,-2.76E-07
4.68,-5.34E-05,-2.98E-05,3.83E-05,-2.76E-07
4.69,-4.99E-05,-3.09E-05,4.15E-05,-2.76E-07
4.7,-4.74E-05,-3.28E-05,4.23E-05,-2.76E-07
4.71,-4.61E-05,-3.57E-05,4.08E-05,-2.76E-07
4.72,-4.57E-05,-3.93E-05,3.73E-05,-2.76E-07
4.73,-4.55E-05,-4.35E-05,3.24E-05,-2.76E-07
4.74,-4.48E-05,-4.80E-05,2.69E-05,-2.76E-07
4.75,-4.33E-05,-5.21E-05,2.15E-05,-2.76E-07
4.76,-4.06E-05,-5.56E-05,1.69E-05,-2.76E-07
4.77,-3.68E-05,-5.79E-05,1.32E-05,-2.76E-07
4.78,-3.19E-05,-5.88E-05,1.06E-05,-2.76E-07
4.79,-2.59E-05,-5.78E-05,9.03E-06,-2.76E-07
4.8,-1.90E-05,-5.47E-05,8.20E-06,-2.75E-07
4.81,-1.14E-05,-4.95E-05,7.85E-06,-2.75E-07
4.82,-3.11E-06,-4.24E-05,7.80E-06,-2.75E-07
4.83,5.39E-06,-3.35E-05,7.99E-06,-2.75E-07
4.84,1.36E-05,-2.33E-05,8.57E-06,-2.75E-07
4.85,2.10E-05,-1.20E-05,9.76E-06,-2.75E-07
4.86,2.67E-05,-2.14E-07,1.17E-05,-2.75E-07
4.87,3.04E-05,1.17E-05,1.45E-05,-2.75E-07
4.88,3.19E-05,2.33E-05,1.78E-05,-2.75E-07
4.89,3.12E-05,3.41E-05,2.14E-05,-2.75E-07
4.9,2.88E-05,4.36E-05,2.50E-05,-2.75E-07
4.91,2.51E-05,5.14E-05,2.82E-05,-2.75E-07
4.92,2.08E-05,5.72E-05,3.06E-05,-2.75E-07
4.93,1.67E-05,6.12E-05,3.18E-05,-2.75E-07
4.94,1.34E-05,6.37E-05,3.15E-05,-2.75E-07
4.95,1.11E-05,6.51E-05,2.96E-05,-2.75E-07
4.96,9.93E-06,6.56E-05,2.61E-05,-2.75E-07
4.97,9.66E-06,6.50E-05,2.08E-05,-2.75E-07
4.98,9.91E-06,6.30E-05,1.38E-05,-2.75E-07
4.99,1.03E-05,5.92E-05,5.42E-06,-2.75E-07
5,1.06E-05,5.36E-05,-3.82E-06,-2.75E-07
5.01,1.04E-05,4.63E-05,-1.30E-05,-2.75E-07
5.02,9.68E-06,3.74E-05,-2.15E-05,-2.75E-07
5.03,8.38E-06,2.76E-05,-2.88E-05,-2.74E-07
5.04,6.53E-06,1.73E-05,-3.50E-05,-2.74E-07
5.05,4.21E-06,7.02E-06,-4.04E-05,-2.74E-07
5.06,1.60E-06,-2.56E-06,-4.53E-05,-2.74E-07
5.07,-1.09E-06,-1.09E-05,-5.00E-05,-2.74E-07
5.08,-3.57E-06,-1.77E-05,-5.41E-05,-2.74E-07
5.09,-5.52E-06,-2.27E-05,-5.72E-05,-2.74E-07
5.1,-6.59E-06,-2.59E-05,-5.87E-05,-2.74E-07
5.11,-6.44E-06,-2.72E-05,-5.82E-05,-2.74E-07
5.12,-4.84E-06,-2.66E-05,-5.56E-05,-2.74E-07
5.13,-1.78E-06,-2.41E-05,-5.08E-05,-2.74E-07
5.14,2.43E-06,-1.99E-05,-4.42E-05,-2.74E-07
5.15,7.20E-06,-1.44E-05,-3.63E-05,-2.74E-07
5.16,1.18E-05,-8.46E-06,-2.80E-05,-2.74E-07
5.17,1.55E-05,-2.84E-06,-2.02E-05,-2.74E-07
5.18,1.79E-05,1.80E-06,-1.37E-05,-2.74E-07
5.19,1.90E-05,5.10E-06,-9.17E-06,-2.74E-07
5.2,1.90E-05,6.95E-06,-6.66E-06,-2.74E-07
5.21,1.86E-05,7.37E-06,-6.13E-06,-2.74E-07
5.22,1.84E-05,6.50E-06,-7.36E-06,-2.74E-07
5.23,1.84E-05,4.55E-06,-9.95E-06,-2.74E-07
5.24,1.86E-05,1.81E-06,-1.33E-05,-2.74E-07
5.25,1.83E-05,-1.47E-06,-1.67E-05,-2.73E-07
5.26,1.70E-05,-5.07E-06,-1.95E-05,-2.73E-07
5.27,1.40E-05,-8.77E-06,-2.14E-05,-2.73E-07
5.28,9.22E-06,-1.22E-05,-2.23E-05,-2.73E-07
5.29,2.81E-06,-1.51E-05,-2.22E-05,-2.73E-07
5.3,-4.66E-06,-1.72E-05,-2.17E-05,-2.73E-07
5.31,-1.24E-05,-1.83E-05,-2.08E-05,-2.73E-07
5.32,-1.96E-05,-1.88E-05,-2.00E-05,-2.73E-07
5.33,-2.59E-05,-1.88E-05,-1.91E-05,-2.73E-07
5.34,-3.07E-05,-1.86E-05,-1.80E-05,-2.73E-07
5.35,-3.41E-05,-1.82E-05,-1.68E-05,-2.73E-07
5.36,-3.57E-05,-1.75E-05,-1.49E-05,-2.73E-07
5.37,-3.58E-05,-1.67E-05,-1.22E-05,-2.73E-07
5.38,-3.43E-05,-1.57E-05,-8.12E-06,-2.73E-07
5.39,-3.14E-05,-1.44E-05,-2.50E-06,-2.73E-07
5.4,-2.71E-05,-1.24E-05,4.91E-06,-2.73E-07
5.41,-2.16E-05,-9.69E-06,1.42E-05,-2.73E-07
5.42,-1.53E-05,-6.20E-06,2.55E-05,-2.73E-07
5.43,-8.48E-06,-2.04E-06,3.83E-05,-2.73E-07
5.44,-1.85E-06,2.58E-06,5.19E-05,-2.73E-07
5.45,4.04E-06,7.47E-06,6.49E-05,-2.73E-07
5.46,8.84E-06,1.24E-05,7.63E-05,-2.73E-07
5.47,1.24E-05,1.70E-05,8.49E-05,-2.73E-07
5.48,1.47E-05,2.10E-05,9.02E-05,-2.72E-07
5.49,1.57E-05,2.39E-05,9.22E-05,-2.72E-07
5.5,1.51E-05,2.57E-05,9.11E-05,-2.72E-07
5.51,1.31E-05,2.64E-05,8.75E-05,-2.72E-07
5.52,9.88E-06,2.64E-05,8.17E-05,-2.72E-07
5.53,5.78E-06,2.60E-05,7.42E-05,-2.72E-07
5.54,1.33E-06,2.51E-05,6.56E-05,-2.72E-07
5.55,-3.00E-06,2.39E-05,5.65E-05,-2.72E-07
5.56,-6.82E-06,2.22E-05,4.77E-05,-2.72E-07
5.57,-9.83E-06,2.00E-05,3.95E-05,-2.72E-07
5.58,-1.19E-05,1.74E-05,3.22E-05,-2.72E-07
5.59,-1.29E-05,1.44E-05,2.58E-05,-2.72E-07
5.6,-1.29E-05,1.11E-05,2.02E-05,-2.72E-07
5.61,-1.19E-05,7.43E-06,1.49E-05,-2.72E-07
5.62,-1.03E-05,3.37E-06,9.72E-06,-2.72E-07
5.63,-8.65E-06,-1.33E-06,4.37E-06,-2.72E-07
5.64,-7.60E-06,-6.80E-06,-1.33E-06,-2.72E-07
5.65,-7.68E-06,-1.30E-05,-7.50E-06,-2.72E-07
5.66,-9.03E-06,-1.95E-05,-1.42E-05,-2.72E-07
5.67,-1.15E-05,-2.60E-05,-2.15E-05,-2.72E-07
5.68,-1.46E-05,-3.18E-05,-2.96E-05,-2.72E-07
5.69,-1.78E-05,-3.67E-05,-3.84E-05,-2.72E-07
5.7,-2.05E-05,-4.02E-05,-4.76E-05,-2.71E-07
5.71,-2.21E-05,-4.23E-05,-5.67E-05,-2.71E-07
5.72,-2.21E-05,-4.28E-05,-6.50E-05,-2.71E-07
5.73,-2.00E-05,-4.21E-05,-7.21E-05,-2.71E-07
5.74,-1.57E-05,-4.03E-05,-7.74E-05,-2.71E-07
5.75,-9.16E-06,-3.76E-05,-8.07E-05,-2.71E-07
5.76,-8.85E-07,-3.45E-05,-8.17E-05,-2.71E-07
5.77,8.27E-06,-3.11E-05,-8.06E-05,-2.71E-07
5.78,1.71E-05,-2.76E-05,-7.76E-05,-2.71E-07
5.79,2.45E-05,-2.42E-05,-7.35E-05,-2.71E-07
5.8,2.92E-05,-2.08E-05,-6.90E-05,-2.71E-07
5.81,3.09E-05,-1.75E-05,-6.45E-05,-2.71E-07
5.82,2.97E-05,-1.46E-05,-5.98E-05,-2.71E-07
5.83,2.61E-05,-1.25E-05,-5.48E-05,-2.71E-07
5.84,2.11E-05,-1.18E-05,-4.91E-05,-2.71E-07
5.85,1.56E-05,-1.24E-05,-4.27E-05,-2.71E-07
5.86,1.04E-05,-1.44E-05,-3.54E-05,-2.71E-07
5.87,6.07E-06,-1.71E-05,-2.71E-05,-2.71E-07
5.88,2.83E-06,-1.97E-05,-1.76E-05,-2.71E-07
5.89,7.86E-07,-2.17E-05,-6.64E-06,-2.71E-07
5.9,-3.98E-08,-2.22E-05,5.72E-06,-2.71E-07
5.91,3.34E-07,-2.09E-05,1.92E-05,-2.71E-07
5.92,1.88E-06,-1.73E-05,3.29E-05,-2.70E-07
5.93,4.56E-06,-1.14E-05,4.58E-05,-2.70E-07
5.94,8.30E-06,-3.70E-06,5.69E-05,-2.70E-07
5.95,1.29E-05,5.30E-06,6.50E-05,-2.70E-07
5.96,1.81E-05,1.48E-05,6.95E-05,-2.70E-07
5.97,2.32E-05,2.40E-05,7.01E-05,-2.70E-07
5.98,2.75E-05,3.24E-05,6.70E-05,-2.70E-07
5.99,3.02E-05,3.94E-05,6.10E-05,-2.70E-07
6,3.09E-05,4.45E-05,5.34E-05,-2.70E-07
6.01,2.91E-05,4.72E-05,4.54E-05,-2.70E-07
6.02,2.51E-05,4.70E-05,3.83E-05,-2.70E-07
6.03,1.93E-05,4.41E-05,3.32E-05,-2.70E-07
6.04,1.27E-05,3.91E-05,3.07E-05,-2.70E-07
6.05,5.95E-06,3.28E-05,3.10E-05,-2.70E-07
6.06,-3.96E-08,2.65E-05,3.37E-05,-2.70E-07
6.07,-4.81E-06,2.10E-05,3.81E-05,-2.70E-07
6.08,-8.07E-06,1.70E-05,4.33E-05,-2.70E-07
6.09,-9.75E-06,1.47E-05,4.81E-05,-2.70E-07
6.1,-9.86E-06,1.38E-05,5.17E-05,-2.70E-07
6.11,-8.55E-06,1.39E-05,5.31E-05,-2.70E-07
6.12,-6.08E-06,1.44E-05,5.20E-05,-2.70E-07
6.13,-2.84E-06,1.51E-05,4.83E-05,-2.70E-07
6.14,7.31E-07,1.57E-05,4.21E-05,-2.70E-07
6.15,4.24E-06,1.61E-05,3.39E-05,-2.70E-07
6.16,7.36E-06,1.64E-05,2.48E-05,-2.70E-07
6.17,9.90E-06,1.65E-05,1.57E-05,-2.70E-07
6.18,1.18E-05,1.65E-05,7.35E-06,-2.70E-07
6.19,1.30E-05,1.64E-05,5.09E-07,-2.70E-07
6.2,1.37E-05,1.63E-05,-4.57E-06,-2.69E-07
6.21,1.40E-05,1.64E-05,-7.96E-06,-2.69E-07
6.22,1.38E-05,1.67E-05,-1.00E-05,-2.69E-07
6.23,1.28E-05,1.70E-05,-1.15E-05,-2.69E-07
6.24,1.06E-05,1.70E-05,-1.31E-05,-2.69E-07
6.25,7.03E-06,1.64E-05,-1.55E-05,-2.69E-07
6.26,1.98E-06,1.49E-05,-1.94E-05,-2.69E-07
6.27,-4.37E-06,1.24E-05,-2.48E-05,-2.69E-07
6.28,-1.16E-05,9.00E-06,-3.13E-05,-2.69E-07
6.29,-1.92E-05,4.73E-06,-3.82E-05,-2.69E-07
6.3,-2.66E-05,-1.84E-07,-4.42E-05,-2.69E-07
6.31,-3.34E-05,-5.49E-06,-4.83E-05,-2.69E-07
6.32,-3.92E-05,-1.09E-05,-4.96E-05,-2.69E-07
6.33,-4.38E-05,-1.63E-05,-4.80E-05,-2.69E-07
6.34,-4.72E-05,-2.14E-05,-4.38E-05,-2.68E-07
6.35,-4.93E-05,-2.62E-05,-3.77E-05,-2.68E-07
6.36,-5.03E-05,-3.04E-05,-3.07E-05,-2.68E-07
6.37,-5.04E-05,-3.41E-05,-2.38E-05,-2.68E-07
6.38,-4.96E-05,-3.70E-05,-1.77E-05,-2.68E-07
6.39,-4.83E-05,-3.91E-05,-1.25E-05,-2.68E-07
6.4,-4.68E-05,-4.03E-05,-8.29E-06,-2.68E-07
6.41,-4.54E-05,-4.07E-05,-4.97E-06,-2.68E-07
6.42,-4.42E-05,-4.03E-05,-2.67E-06,-2.67E-07
6.43,-4.32E-05,-3.91E-05,-1.65E-06,-2.67E-07
6.44,-4.22E-05,-3.70E-05,-2.08E-06,-2.67E-07
6.45,-4.05E-05,-3.38E-05,-3.89E-06,-2.67E-07
6.46,-3.77E-05,-2.96E-05,-6.84E-06,-2.67E-07
6.47,-3.33E-05,-2.44E-05,-1.06E-05,-2.67E-07
6.48,-2.69E-05,-1.85E-05,-1.51E-05,-2.67E-07
6.49,-1.90E-05,-1.24E-05,-2.00E-05,-2.67E-07
6.5,-9.79E-06,-6.79E-06,-2.53E-05,-2.66E-07
6.51,-1.92E-08,-2.24E-06,-3.07E-05,-2.66E-07
6.52,9.75E-06,7.34E-07,-3.58E-05,-2.66E-07
6.53,1.91E-05,1.85E-06,-3.99E-05,-2.66E-07
6.54,2.77E-05,1.17E-06,-4.24E-05,-2.66E-07
6.55,3.53E-05,-8.86E-07,-4.33E-05,-2.66E-07
6.56,4.16E-05,-3.69E-06,-4.27E-05,-2.66E-07
6.57,4.64E-05,-6.58E-06,-4.12E-05,-2.66E-07
6.58,4.93E-05,-8.99E-06,-3.91E-05,-2.66E-07
6.59,5.03E-05,-1.05E-05,-3.65E-05,-2.66E-07
6.6,4.98E-05,-1.09E-05,-3.31E-05,-2.66E-07
6.61,4.81E-05,-1.02E-05,-2.88E-05,-2.66E-07
6.62,4.56E-05,-8.16E-06,-2.33E-05,-2.66E-07
6.63,4.29E-05,-4.85E-06,-1.67E-05,-2.66E-07
6.64,4.02E-05,-2.92E-07,-9.40E-06,-2.66E-07
6.65,3.77E-05,5.18E-06,-1.58E-06,-2.67E-07
6.66,3.53E-05,1.10E-05,6.45E-06,-2.67E-07
6.67,3.31E-05,1.65E-05,1.46E-05,-2.67E-07
6.68,3.12E-05,2.10E-05,2.29E-05,-2.67E-07
6.69,2.99E-05,2.43E-05,3.12E-05,-2.68E-07
6.7,2.93E-05,2.61E-05,3.95E-05,-2.68E-07
6.71,2.94E-05,2.67E-05,4.74E-05,-2.69E-07
6.72,2.99E-05,2.64E-05,5.47E-05,-2.69E-07
6.73,3.04E-05,2.55E-05,6.11E-05,-2.70E-07
6.74,3.04E-05,2.44E-05,6.63E-05,-2.70E-07
6.75,2.96E-05,2.35E-05,7.00E-05,-2.71E-07
6.76,2.81E-05,2.30E-05,7.20E-05,-2.72E-07
6.77,2.60E-05,2.30E-05,7.18E-05,-2.73E-07
6.78,2.39E-05,2.36E-05,6.95E-05,-2.73E-07
6.79,2.20E-05,2.44E-05,6.51E-05,-2.74E-07
6.8,2.01E-05,2.53E-05,5.87E-05,-2.75E-07
6.81,1.82E-05,2.60E-05,5.09E-05,-2.76E-07
6.82,1.60E-05,2.64E-05,4.18E-05,-2.77E-07
6.83,1.34E-05,2.65E-05,3.20E-05,-2.77E-07
6.84,1.04E-05,2.65E-05,2.17E-05,-2.78E-07
6.85,7.43E-06,2.65E-05,1.16E-05,-2.79E-07
6.86,4.69E-06,2.65E-05,2.11E-06,-2.80E-07
6.87,2.42E-06,2.66E-05,-6.09E-06,-2.80E-07
6.88,5.81E-07,2.64E-05,-1.26E-05,-2.81E-07
6.89,-1.12E-06,2.55E-05,-1.74E-05,-2.81E-07
6.9,-3.09E-06,2.39E-05,-2.08E-05,-2.82E-07
6.91,-5.56E-06,2.13E-05,-2.36E-05,-2.82E-07
6.92,-8.50E-06,1.81E-05,-2.66E-05,-2.82E-07
6.93,-1.16E-05,1.47E-05,-3.04E-05,-2.82E-07
6.94,-1.43E-05,1.15E-05,-3.54E-05,-2.82E-07
6.95,-1.62E-05,8.72E-06,-4.12E-05,-2.81E-07
6.96,-1.69E-05,6.52E-06,-4.70E-05,-2.81E-07
6.97,-1.65E-05,4.83E-06,-5.21E-05,-2.80E-07
6.98,-1.52E-05,3.61E-06,-5.57E-05,-2.79E-07
6.99,-1.35E-05,2.86E-06,-5.74E-05,-2.77E-07
7,-1.20E-05,2.63E-06,-5.73E-05,-2.75E-07
7.01,-1.11E-05,2.86E-06,-5.54E-05,-2.73E-07
7.02,-1.11E-05,3.26E-06,-5.20E-05,-2.70E-07
7.03,-1.21E-05,3.41E-06,-4.76E-05,-2.67E-07
7.04,-1.39E-05,2.81E-06,-4.25E-05,-2.64E-07
7.05,-1.62E-05,9.90E-07,-3.70E-05,-2.60E-07
7.06,-1.83E-05,-2.35E-06,-3.13E-05,-2.56E-07
7.07,-2.01E-05,-7.29E-06,-2.55E-05,-2.52E-07
7.08,-2.15E-05,-1.37E-05,-1.96E-05,-2.47E-07
7.09,-2.23E-05,-2.12E-05,-1.35E-05,-2.42E-07
7.1,-2.28E-05,-2.92E-05,-7.43E-06,-2.36E-07
7.11,-2.29E-05,-3.70E-05,-1.45E-06,-2.30E-07
7.12,-2.29E-05,-4.39E-05,4.22E-06,-2.23E-07
7.13,-2.28E-05,-4.92E-05,9.47E-06,-2.16E-07
7.14,-2.26E-05,-5.22E-05,1.42E-05,-2.09E-07
7.15,-2.24E-05,-5.28E-05,1.84E-05,-2.02E-07
7.16,-2.21E-05,-5.15E-05,2.19E-05,-1.95E-07
7.17,-2.18E-05,-4.93E-05,2.44E-05,-1.87E-07
7.18,-2.13E-05,-4.72E-05,2.57E-05,-1.79E-07
7.19,-2.06E-05,-4.56E-05,2.58E-05,-1.72E-07
7.2,-1.95E-05,-4.48E-05,2.48E-05,-1.64E-07
7.21,-1.80E-05,-4.43E-05,2.28E-05,-1.57E-07
7.22,-1.61E-05,-4.33E-05,1.98E-05,-1.50E-07
7.23,-1.41E-05,-4.13E-05,1.61E-05,-1.43E-07
7.24,-1.21E-05,-3.76E-05,1.18E-05,-1.37E-07
7.25,-1.02E-05,-3.20E-05,7.23E-06,-1.32E-07
7.26,-8.33E-06,-2.47E-05,2.50E-06,-1.28E-07
7.27,-6.42E-06,-1.59E-05,-2.19E-06,-1.25E-07
7.28,-4.18E-06,-6.16E-06,-6.75E-06,-1.23E-07
7.29,-1.47E-06,4.03E-06,-1.11E-05,-1.22E-07
7.3,1.63E-06,1.42E-05,-1.49E-05,-1.23E-07
7.31,4.77E-06,2.39E-05,-1.80E-05,-1.26E-07
7.32,7.50E-06,3.30E-05,-2.02E-05,-1.31E-07
7.33,9.44E-06,4.13E-05,-2.14E-05,-1.38E-07
7.34,1.04E-05,4.84E-05,-2.16E-05,-1.47E-07
7.35,1.03E-05,5.40E-05,-2.08E-05,-1.59E-07
7.36,9.20E-06,5.76E-05,-1.92E-05,-1.74E-07
7.37,7.02E-06,5.88E-05,-1.67E-05,-1.92E-07
7.38,3.83E-06,5.77E-05,-1.35E-05,-2.12E-07
7.39,-1.83E-07,5.46E-05,-9.56E-06,-2.36E-07
7.4,-4.66E-06,5.02E-05,-5.27E-06,-2.64E-07
7.41,-9.18E-06,4.50E-05,-1.15E-06,-2.95E-07
7.42,-1.34E-05,3.96E-05,2.30E-06,-3.29E-07
7.43,-1.70E-05,3.38E-05,4.79E-06,-3.67E-07
7.44,-1.98E-05,2.76E-05,6.42E-06,-4.09E-07
7.45,-2.17E-05,2.07E-05,7.55E-06,-4.54E-07
7.46,-2.26E-05,1.27E-05,8.78E-06,-5.03E-07
7.47,-2.24E-05,3.92E-06,1.07E-05,-5.55E-07
7.48,-2.12E-05,-5.33E-06,1.36E-05,-6.11E-07
7.49,-1.92E-05,-1.45E-05,1.76E-05,-6.69E-07
7.5,-1.69E-05,-2.30E-05,2.23E-05,-7.30E-07
7.51,-1.48E-05,-3.06E-05,2.72E-05,-7.94E-07
7.52,-1.30E-05,-3.71E-05,3.19E-05,-8.59E-07
7.53,-1.13E-05,-4.24E-05,3.61E-05,-9.26E-07
7.54,-9.43E-06,-4.65E-05,3.95E-05,-9.93E-07
7.55,-6.69E-06,-4.94E-05,4.19E-05,-1.06E-06
7.56,-2.68E-06,-5.11E-05,4.32E-05,-1.13E-06
7.57,2.76E-06,-5.16E-05,4.32E-05,-1.19E-06
7.58,9.45E-06,-5.10E-05,4.19E-05,-1.25E-06
7.59,1.69E-05,-4.89E-05,3.91E-05,-1.31E-06
7.6,2.47E-05,-4.49E-05,3.50E-05,-1.37E-06
7.61,3.23E-05,-3.88E-05,2.95E-05,-1.42E-06
7.62,3.94E-05,-3.03E-05,2.31E-05,-1.46E-06
7.63,4.59E-05,-1.94E-05,1.64E-05,-1.49E-06
7.64,5.18E-05,-6.30E-06,9.72E-06,-1.51E-06
7.65,5.68E-05,8.19E-06,3.60E-06,-1.52E-06
7.66,6.09E-05,2.31E-05,-1.81E-06,-1.52E-06
7.67,6.39E-05,3.70E-05,-6.45E-06,-1.50E-06
7.68,6.56E-05,4.84E-05,-1.03E-05,-1.46E-06
7.69,6.56E-05,5.63E-05,-1.35E-05,-1.41E-06
7.7,6.37E-05,5.99E-05,-1.57E-05,-1.33E-06
7.71,5.96E-05,5.96E-05,-1.69E-05,-1.23E-06
7.72,5.36E-05,5.63E-05,-1.68E-05,-1.11E-06
7.73,4.58E-05,5.11E-05,-1.55E-05,-9.68E-07
7.74,3.69E-05,4.50E-05,-1.31E-05,-7.96E-07
7.75,2.75E-05,3.90E-05,-9.92E-06,-5.95E-07
7.76,1.82E-05,3.33E-05,-6.42E-06,-3.65E-07
7.77,9.58E-06,2.81E-05,-3.21E-06,-1.04E-07
7.78,1.74E-06,2.32E-05,-9.29E-07,1.88E-07
7.79,-5.17E-06,1.86E-05,-9.54E-08,5.11E-07
7.8,-1.12E-05,1.40E-05,-9.59E-07,8.67E-07
7.81,-1.62E-05,9.68E-06,-3.42E-06,1.25E-06
7.82,-2.05E-05,5.74E-06,-7.03E-06,1.67E-06
7.83,-2.39E-05,2.36E-06,-1.12E-05,2.12E-06
7.84,-2.66E-05,-4.83E-07,-1.51E-05,2.60E-06
7.85,-2.85E-05,-2.97E-06,-1.85E-05,3.11E-06
7.86,-2.97E-05,-5.27E-06,-2.10E-05,3.64E-06
7.87,-3.00E-05,-7.44E-06,-2.26E-05,4.20E-06
7.88,-2.94E-05,-9.42E-06,-2.34E-05,4.77E-06
7.89,-2.78E-05,-1.11E-05,-2.36E-05,5.35E-06
7.9,-2.51E-05,-1.21E-05,-2.34E-05,5.95E-06
7.91,-2.16E-05,-1.23E-05,-2.27E-05,6.54E-06
7.92,-1.76E-05,-1.16E-05,-2.12E-05,7.14E-06
7.93,-1.36E-05,-1.06E-05,-1.87E-05,7.72E-06
7.94,-1.01E-05,-9.73E-06,-1.50E-05,8.28E-06
7.95,-7.51E-06,-9.56E-06,-1.00E-05,8.82E-06
7.96,-5.76E-06,-1.05E-05,-4.04E-06,9.31E-06
7.97,-4.70E-06,-1.26E-05,2.90E-06,9.76E-06
7.98,-4.15E-06,-1.58E-05,1.05E-05,1.01E-05
7.99,-3.93E-06,-1.98E-05,1.83E-05,1.05E-05
8,-3.94E-06,-2.39E-05,2.58E-05,1.07E-05
8.01,-4.05E-06,-2.77E-05,3.24E-05,1.08E-05
8.02,-4.07E-06,-3.06E-05,3.75E-05,1.08E-05
8.03,-3.85E-06,-3.22E-05,4.08E-05,1.07E-05
8.04,-3.30E-06,-3.24E-05,4.18E-05,1.05E-05
8.05,-2.44E-06,-3.10E-05,4.08E-05,1.01E-05
8.06,-1.42E-06,-2.80E-05,3.82E-05,9.47E-06
8.07,-4.49E-07,-2.40E-05,3.47E-05,8.69E-06
8.08,2.33E-07,-1.94E-05,3.10E-05,7.71E-06
8.09,4.49E-07,-1.49E-05,2.73E-05,6.52E-06
8.1,1.12E-07,-1.11E-05,2.38E-05,5.09E-06
8.11,-7.68E-07,-8.27E-06,2.01E-05,3.42E-06
8.12,-2.10E-06,-6.73E-06,1.60E-05,1.49E-06
8.13,-3.76E-06,-6.33E-06,1.11E-05,-7.02E-07
8.14,-5.63E-06,-6.79E-06,5.57E-06,-3.17E-06
8.15,-7.72E-06,-7.81E-06,-4.15E-07,-5.91E-06
8.16,-1.01E-05,-9.15E-06,-6.61E-06,-8.94E-06
8.17,-1.29E-05,-1.07E-05,-1.29E-05,-1.23E-05
8.18,-1.61E-05,-1.26E-05,-1.94E-05,-1.58E-05
8.19,-1.98E-05,-1.49E-05,-2.60E-05,-1.97E-05
8.2,-2.39E-05,-1.79E-05,-3.27E-05,-2.39E-05
8.21,-2.81E-05,-2.15E-05,-3.96E-05,-2.82E-05
8.22,-3.23E-05,-2.60E-05,-4.63E-05,-3.28E-05
8.23,-3.62E-05,-3.17E-05,-5.29E-05,-3.77E-05
8.24,-3.97E-05,-3.86E-05,-5.92E-05,-4.26E-05
8.25,-4.28E-05,-4.65E-05,-6.56E-05,-4.78E-05
8.26,-4.57E-05,-5.50E-05,-7.26E-05,-5.30E-05
8.27,-4.87E-05,-6.35E-05,-8.04E-05,-5.83E-05
8.28,-5.26E-05,-7.15E-05,-8.92E-05,-6.35E-05
8.29,-5.78E-05,-7.88E-05,-9.84E-05,-6.87E-05
8.3,-6.47E-05,-8.56E-05,-0.000107683,-7.38E-05
8.31,-7.30E-05,-9.20E-05,-0.000116484,-7.86E-05
8.32,-8.22E-05,-9.82E-05,-0.000124441,-8.31E-05
8.33,-9.16E-05,-0.000104249,-0.000131349,-8.73E-05
8.34,-0.00010056,-0.000110012,-0.0001371,-9.09E-05
8.35,-0.000108484,-0.000115272,-0.000141663,-9.40E-05
8.36,-0.0001152,-0.000119727,-0.000145132,-9.63E-05
8.37,-0.000120779,-0.000122955,-0.000147673,-9.78E-05
8.38,-0.000125426,-0.000124508,-0.000149407,-9.83E-05
8.39,-0.000129275,-0.000124098,-0.000150338,-9.78E-05
8.4,-0.000132246,-0.000121737,-0.000150377,-9.61E-05
8.41,-0.000134055,-0.00011769,-0.000149372,-9.30E-05
8.42,-0.000134291,-0.00011232,-0.000147089,-8.85E-05
8.43,-0.000132477,-0.00010588,-0.000143162,-8.23E-05
8.44,-0.000128099,-9.84E-05,-0.000137003,-7.44E-05
8.45,-0.000120654,-8.96E-05,-0.000127773,-6.46E-05
8.46,-0.000109715,-7.89E-05,-0.00011449,-5.28E-05
8.47,-9.50E-05,-6.57E-05,-9.63E-05,-3.89E-05
8.48,-7.63E-05,-4.92E-05,-7.26E-05,-2.28E-05
8.49,-5.34E-05,-2.87E-05,-4.35E-05,-4.41E-06
8.5,-2.63E-05,-3.62E-06,-9.37E-06,1.64E-05
8.51,5.37E-06,2.65E-05,2.92E-05,3.97E-05
8.52,4.18E-05,6.17E-05,7.13E-05,6.54E-05
8.53,8.30E-05,0.000101761,0.00011663,9.37E-05
8.54,0.000128952,0.000146224,0.000165117,0.00012445
8.55,0.000179449,0.000194842,0.000217023,0.000157661
8.56,0.000234169,0.000247426,0.000272631,0.000193246
8.57,0.000292737,0.000303755,0.000331964,0.00023109
8.58,0.000354698,0.000363505,0.000394654,0.000271039
8.59,0.000419499,0.000426314,0.00046,0.000312892
8.6,0.000486523,0.000491856,0.000527152,0.0003564
8.61,0.000555156,0.000559817,0.000595277,0.000401266
8.62,0.000624837,0.000629801,0.000663673,0.000447136
8.63,0.00069505,0.000701211,0.000731862,0.000493602
8.64,0.000765236,0.000773188,0.00079959,0.000540194
8.65,0.000834682,0.000844662,0.000866668,0.000586384
8.66,0.000902418,0.00091442,0.000932766,0.000631579
8.67,0.000967192,0.000981141,0.000997246,0.000675124
8.68,0.001027549,0.001043413,0.0010591,0.0007163
8.69,0.001082036,0.00109979,0.001116991,0.000754323
8.7,0.001129426,0.001148847,0.001169305,0.000788346
8.71,0.00116883,0.001189226,0.001214225,0.000817463
8.72,0.001199595,0.001219624,0.001249809,0.00084071
8.73,0.001221053,0.001238765,0.001274073,0.000857066
8.74,0.001232241,0.001245383,0.001285078,0.000865466
8.75,0.001231713,0.001238252,0.001281059,0.000864798
8.76,0.001217512,0.001216184,0.001260564,0.000853918
8.77,0.001187331,0.001178018,0.001222464,0.000831653
8.78,0.00113876,0.001122617,0.001165792,0.000796817
8.79,0.00106948,0.00104881,0.001089564,0.00074822
8.8,0.000977392,0.000955266,0.000992662,0.00068468
8.81,0.000860763,0.000840358,0.000873732,0.00060504
8.82,0.000718361,0.000702155,0.000731048,0.000508187
8.83,0.000549425,0.00053862,0.000562489,0.000393064
8.84,0.000353442,0.000347874,0.000365737,0.000258697
8.85,0.000129921,0.00012837,0.000138621,0.000104211
8.86,-0.000121687,-0.00012102,-0.000120572,-7.11E-05
8.87,-0.000401952,-0.000400983,-0.000412872,-0.000267967
8.88,-0.000711384,-0.000711784,-0.000738456,-0.000486685
8.89,-0.00105037,-0.001053303,-0.001096602,-0.000727523
8.9,-0.001419136,-0.001425058,-0.001485872,-0.000990471
8.91,-0.001817706,-0.001826262,-0.001904467,-0.001275265
8.92,-0.00224587,-0.002255934,-0.002350566,-0.001581348
8.93,-0.00270311,-0.002712968,-0.002822481,-0.001907843
8.94,-0.003188434,-0.003196084,-0.003318599,-0.002253524
8.95,-0.003700106,-0.003703604,-0.003837125,-0.002616783
8.96,-0.004235402,-0.004233137,-0.004375779,-0.002995603
8.97,-0.004790543,-0.004781382,-0.004931568,-0.003387528
8.98,-0.005360771,-0.00534412,-0.005500694,-0.003789635
8.99,-0.005940443,-0.005916342,-0.006078518,-0.004198512
9,-0.006523152,-0.006492374,-0.006659544,-0.004610232
9.01,-0.007101964,-0.007065937,-0.007237443,-0.005020337
9.02,-0.007669613,-0.007630091,-0.007805116,-0.00542382
9.03,-0.008218489,-0.008177111,-0.008354761,-0.005815115
9.04,-0.008740456,-0.008698408,-0.008877918,-0.006188092
9.05,-0.009226693,-0.009184527,-0.009365451,-0.006536053
9.06,-0.009667557,-0.009625167,-0.009807451,-0.006851744
9.07,-0.010052424,-0.010009202,-0.010193031,-0.007127366
9.08,-0.010369595,-0.010324684,-0.010510124,-0.007354595
9.09,-0.010606375,-0.01055884,-0.010745421,-0.007524619
9.1,-0.010749227,-0.010698177,-0.010884512,-0.00762817
9.11,-0.010783868,-0.010728746,-0.010912187,-0.007655585
9.12,-0.010695424,-0.010636411,-0.010812849,-0.007596861
9.13,-0.010468741,-0.010406981,-0.010571015,-0.007441732
9.14,-0.01008874,-0.010026225,-0.010171752,-0.007179754
9.15,-0.009540583,-0.009479912,-0.009600823,-0.006800407
9.16,-0.008809669,-0.00875385,-0.008844549,-0.006293207
9.17,-0.007881642,-0.007833925,-0.007889628,-0.005647833
9.18,-0.006742497,-0.006706218,-0.006723055,-0.004854267
9.19,-0.00537882,-0.005357249,-0.005332179,-0.003902953
9.2,-0.003778126,-0.003774332,-0.0037049,-0.002784968
9.21,-0.001929263,-0.001946009,-0.001829986,-0.001492203
9.22,0.000177212,0.000137513,0.000302592,-1.76E-05
9.23,0.002548789,0.002484022,0.002701335,0.001644794
9.24,0.00519091,0.005099098,0.005372806,0.003499285
9.25,0.008106901,0.00798599,0.008321091,0.005548609
9.26,0.011297759,0.011145424,0.011547273,0.007793534
9.27,0.014761684,0.014575303,0.015049099,0.010232635
9.28,0.01849347,0.018270305,0.01882081,0.012862046
9.29,0.022483908,0.02222148,0.022852913,0.015675204
9.3,0.026719344,0.026415863,0.027131734,0.018662595
9.31,0.031181376,0.030836019,0.031638817,0.021811496
9.32,0.03584658,0.035459478,0.036350393,0.02510571
9.33,0.040686118,0.040258188,0.041236998,0.028525281
9.34,0.045665279,0.045198108,0.046263254,0.032046197
9.35,0.050743057,0.05023884,0.051387676,0.035640072
9.36,0.055871801,0.055333248,0.056562354,0.039273821
9.37,0.060996939,0.060427146,0.061732496,0.042909381
9.38,0.066056761,0.065459177,0.066835971,0.046503517
9.39,0.070982409,0.070360938,0.071803083,0.050007802
9.4,0.075698221,0.075057339,0.076556827,0.053368858
9.41,0.080122504,0.079467189,0.081013767,0.056528905
9.42,0.084168621,0.083504128,0.08508546,0.059426606
9.43,0.087746186,0.087077916,0.088680065,0.061998043
9.44,0.09076199,0.090095671,0.091703499,0.06417753
9.45,0.09312001,0.092462127,0.094059387,0.065897713
9.46,0.094719624,0.094078008,0.095647004,0.067088396
9.47,0.095451296,0.094835825,0.096356494,0.06767352
9.48,0.095189675,0.094613006,0.096061337,0.067566174
9.49,0.093785218,0.093263306,0.094609384,0.066662299
9.5,0.091057129,0.090609192,0.091815494,0.064834958
9.51,0.086792263,0.086439945,0.087460702,0.061932521
9.52,0.080756185,0.080521762,0.081304277,0.05778531
9.53,0.07272249,0.07262609,0.073115006,0.05222553
9.54,0.062523865,0.062579919,0.062725265,0.045123608
9.55,0.050121825,0.050335394,0.050104472,0.036439449
9.56,0.035680905,0.036045121,0.035436591,0.026279106
9.57,0.019618657,0.020115254,0.019171241,0.014936574
9.58,0.002593746,0.003198032,0.002007545,0.002890635
9.59,-0.014587046,-0.013899239,-0.01521168,-0.009264548
9.6,-0.031110276,-0.030359111,-0.031660394,-0.020934922
9.61,-0.046278799,-0.045482726,-0.046667839,-0.03163143
9.62,-0.059576184,-0.058756333,-0.059783269,-0.041021607
9.63,-0.070682253,-0.069863694,-0.070769811,-0.048927185
9.64,-0.079468052,-0.078675809,-0.079563034,-0.055293879
9.65,-0.0859842,-0.085236243,-0.086229059,-0.060159767
9.66,-0.090437467,-0.089739356,-0.090933072,-0.063631639
9.67,-0.093147373,-0.092492036,-0.093911175,-0.065865994
9.68,-0.094483003,-0.093855275,-0.095439368,-0.067050233
9.69,-0.094788906,-0.094172319,-0.095796974,-0.067379805
9.7,-0.094318564,-0.093702469,-0.095227015,-0.067031112
9.71,-0.093198181,-0.092583456,-0.093905674,-0.066138373
9.72,-0.091434739,-0.090835304,-0.091931554,-0.064782509
9.73,-0.088966448,-0.088404694,-0.089337265,-0.062995086
9.74,-0.085737274,-0.085234801,-0.086122732,-0.06077864
9.75,-0.081764668,-0.081332805,-0.082300012,-0.058137344
9.76,-0.077171259,-0.076806334,-0.077928176,-0.055103566
9.77,-0.072168803,-0.071854191,-0.073123771,-0.051749852
9.78,-0.06700281,-0.066716077,-0.068045828,-0.04818342
9.79,-0.061880829,-0.061602954,-0.062860933,-0.044524204
9.8,-0.056914731,-0.056638539,-0.057702843,-0.040875523
9.81,-0.052102246,-0.051836669,-0.052645427,-0.037301288
9.82,-0.047356156,-0.047123383,-0.047698689,-0.033818334
9.83,-0.042569188,-0.04239503,-0.042829338,-0.030406976
9.84,-0.037685132,-0.037587188,-0.037999524,-0.027036582
9.85,-0.032742655,-0.032722488,-0.03320475,-0.023693428
9.86,-0.02787342,-0.02791632,-0.028492114,-0.020397808
9.87,-0.02325753,-0.023338684,-0.023953161,-0.017204759
9.88,-0.019055182,-0.019148915,-0.019694714,-0.014187574
9.89,-0.015343854,-0.015433054,-0.015799864,-0.011410833
9.9,-0.012090081,-0.012172727,-0.012298435,-0.008906853
9.91,-0.009169661,-0.009258986,-0.009159418,-0.006665609
9.92,-0.006428131,-0.006545315,-0.006307726,-0.004641681
9.93,-0.003753912,-0.003916565,-0.003660759,-0.002776878
9.94,-0.001129079,-0.001341618,-0.001168158,-0.001028129
9.95,0.00136494,0.00111423,0.001166398,0.000613583
9.96,0.003587153,0.003321852,0.003290197,0.002120737
9.97,0.005404461,0.005151219,0.005129363,0.003444039
9.98,0.006757202,0.006535615,0.006627051,0.004538239
9.99,0.007692063,0.007506703,0.007773569,0.005385908
10,0.008345929,0.008184535,0.008615588,0.006008647
10.01,0.008887122,0.008727027,0.009241208,0.006461588
10.02,0.009441752,0.009261753,0.009744705,0.006811961
10.03,0.010041574,0.009832673,0.010187283,0.007111507
10.04,0.010617525,0.010386989,0.010575516,0.007377347
10.05,0.0110397,0.010807429,0.010866704,0.007589492
10.06,0.011185168,0.010974914,0.010996702,0.007705521
10.07,0.011003104,0.010832064,0.010917409,0.00768597
10.08,0.01054616,0.010416773,0.010625721,0.007517526
10.09,0.009951992,0.009850142,0.010171297,0.007223517
10.1,0.009382674,0.009284398,0.009640245,0.006857701
10.11,0.008951477,0.008835296,0.00911979,0.00648283
10.12,0.008674291,0.008532304,0.00866113,0.006144327
10.13,0.008468843,0.008310761,0.008261173,0.005853043
10.14,0.008199804,0.008048852,0.007870783,0.005584356
10.15,0.00774833,0.007631588,0.007424205,0.00529371
10.16,0.007073983,0.007010859,0.006875708,0.004941537
10.17,0.006238616,0.006232117,0.006225073,0.004514621
10.18,0.005379287,0.005414998,0.005520586,0.004034151
10.19,0.004642756,0.004697072,0.004838622,0.003547278
10.2,0.004114783,0.004168045,0.004247829,0.003105138
10.21,0.003781023,0.00382779,0.003776736,0.002738821
10.22,0.003538131,0.003589256,0.003402544,0.002445982
10.23,0.003247461,0.00332409,0.00306503,0.002193624
10.24,0.002805364,0.00292821,0.002698358,0.001935975
10.25,0.002196648,0.002374501,0.00226496,0.001638681
10.26,0.001503995,0.001726499,0.001773922,0.001296299
10.27,0.000867099,0.001106663,0.001276236,0.000935167
10.28,0.000411736,0.000634634,0.000838981,0.00060026
10.29,0.000185991,0.000366537,0.000509855,0.000331849
10.3,0.000137183,0.000267235,0.000292089,0.000145145
10.31,0.000140047,0.0002299,0.000143572,2.34E-05
10.32,6.07E-05,0.00013219,-8.83E-07,-7.31E-05
10.33,-0.000175257,-0.000100314,-0.000195557,-0.000186852
10.34,-0.000544577,-0.000456245,-0.00045571,-0.000341042
10.35,-0.000938854,-0.000845215,-0.000749297,-0.000528184
10.36,-0.001222621,-0.001145649,-0.001012225,-0.000713433
10.37,-0.001306442,-0.001269399,-0.001181695,-0.000852898
10.38,-0.001194622,-0.001208715,-0.001230275,-0.0009172
10.39,-0.000982682,-0.001040485,-0.001180277,-0.000906677
10.4,-0.000808107,-0.000886294,-0.001091628,-0.000850998
10.41,-0.00077995,-0.000849464,-0.001030891,-0.000793878
10.42,-0.000922351,-0.000961987,-0.001037707,-0.000770875
10.43,-0.001161947,-0.001169253,-0.001106389,-0.000792555
10.44,-0.001367656,-0.00136042,-0.001190998,-0.000840966
10.45,-0.001422139,-0.001428552,-0.001231361,-0.000880791
10.46,-0.001285431,-0.001328697,-0.001187712,-0.000879881
10.47,-0.001015831,-0.001102084,-0.001063736,-0.000827201
10.48,-0.00073818,-0.000853351,-0.000904626,-0.000738397
10.49,-0.000577599,-0.000693783,-0.000772633,-0.000647049
10.5,-0.000593097,-0.000681617,-0.000713536,-0.0005862
10.51,-0.000745982,-0.000791845,-0.000732185,-0.000570365
10.52,-0.000921445,-0.000931533,-0.000789868,-0.000587743
10.53,-0.000992888,-0.000992122,-0.000824936,-0.000606553
10.54,-0.000892942,-0.000910333,-0.000787274,-0.000592897
10.55,-0.000650154,-0.000703375,-0.000666879,-0.000529853
10.56,-0.000371839,-0.000458578,-0.000499274,-0.000426594
10.57,-0.000184678,-0.000284124,-0.000345725,-0.00031331
10.58,-0.000165322,-0.000248771,-0.0002595,-0.000224705
10.59,-0.000297649,-0.000343849,-0.000256786,-0.000181181
10.6,-0.000481072,-0.000488338,-0.000308107,-0.0001782
10.61,-0.000587322,-0.000574596,-0.000354567,-0.000189264
10.62,-0.000533743,-0.000529518,-0.000341554,-0.000181531
10.63,-0.000329675,-0.000355823,-0.000250797,-0.000135204
10.64,-6.98E-05,-0.000129612,-0.000110672,-5.47E-05
10.65,0.000119439,4.36E-05,2.04E-05,3.43E-05
10.66,0.000151142,8.89E-05,8.76E-05,9.98E-05
10.67,2.69E-05,4.39E-06,7.04E-05,0.000121855
10.68,-0.000163501,-0.000138043,-4.76E-06,0.00010382
10.69,-0.000293541,-0.000234797,-7.96E-05,7.04E-05
10.7,-0.000274142,-0.000210793,-9.68E-05,5.29E-05
10.71,-0.000104636,-6.31E-05,-3.42E-05,7.09E-05
10.72,0.000128252,0.000138207,8.29E-05,0.000120766
10.73,0.00030116,0.000291251,0.000196225,0.00017876
10.74,0.000325007,0.000322074,0.000249112,0.000214882
10.75,0.000196587,0.000227447,0.000218558,0.000210682
10.76,8.43E-07,7.63E-05,0.000128391,0.000169711
10.77,-0.000139289,-3.17E-05,3.55E-05,0.000115288
10.78,-0.000136117,-2.55E-05,-3.40E-06,7.67E-05
10.79,1.15E-05,9.52E-05,3.43E-05,7.18E-05
10.8,0.000219137,0.00026069,0.00012425,9.69E-05
10.81,0.000367529,0.000374095,0.000210484,0.000130066
10.82,0.000372653,0.000369851,0.000238944,0.000144948
10.83,0.000235296,0.000253139,0.000189071,0.000126833
10.84,4.07E-05,9.67E-05,8.54E-05,8.12E-05
10.85,-9.31E-05,-3.49E-06,-1.67E-05,3.03E-05
10.86,-8.74E-05,1.26E-05,-6.44E-05,-1.08E-06
10.87,5.02E-05,0.000132467,-3.83E-05,-3.89E-07
10.88,0.000231983,0.00027895,3.62E-05,2.53E-05
10.89,0.000343498,0.000357603,0.00010623,5.44E-05
10.9,0.000312744,0.000314349,0.000122788,6.44E-05
10.91,0.000153511,0.000168562,7.04E-05,4.58E-05
10.92,-4.28E-05,1.10E-06,-2.44E-05,7.15E-06
10.93,-0.000163726,-9.60E-05,-0.000108839,-3.05E-05
10.94,-0.000145354,-7.70E-05,-0.00013647,-4.71E-05
10.95,-1.11E-05,2.92E-05,-9.55E-05,-3.69E-05
10.96,0.000144407,0.000138249,-1.50E-05,-1.12E-05
10.97,0.000214885,0.000163802,5.41E-05,9.14E-06
10.98,0.000147575,7.23E-05,7.03E-05,7.08E-06
10.99,-2.40E-05,-9.60E-05,2.64E-05,-1.96E-05
11,-0.000201458,-0.000252391,-4.69E-05,-5.77E-05
11.01,-0.000283899,-0.000316386,-0.00010187,-8.74E-05
11.02,-0.000232063,-0.000267399,-0.000104389,-9.57E-05
11.03,-9.22E-05,-0.00015746,-5.67E-05,-8.51E-05
11.04,3.43E-05,-7.70E-05,5.28E-06,-7.10E-05
11.05,5.56E-05,-9.58E-05,3.63E-05,-7.05E-05
11.06,-5.29E-05,-0.000217338,1.16E-05,-9.04E-05
11.07,-0.000232705,-0.000375228,-5.63E-05,-0.000120877
11.08,-0.000381337,-0.000476359,-0.00012411,-0.000141099
11.09,-0.000418663,-0.000461544,-0.000144573,-0.000132416
11.1,-0.000337719,-0.000344361,-9.64E-05,-9.09E-05
11.11,-0.00020652,-0.000202473,2.13E-06,-3.04E-05
11.12,-0.000122165,-0.000127588,0.000104786,2.54E-05
11.13,-0.00014754,-0.000166534,0.000166081,5.75E-05
11.14,-0.000270566,-0.000291079,0.00016784,6.24E-05
11.15,-0.000412311,-0.000416474,0.000128308,5.28E-05
11.16,-0.000479767,-0.000457722,8.86E-05,4.83E-05
11.17,-0.000428269,-0.00038644,8.46E-05,6.11E-05
11.18,-0.000290692,-0.000249413,0.00012327,8.75E-05
11.19,-0.000154317,-0.000136131,0.000180179,0.000111417
11.2,-0.000102297,-0.00011766,0.000218079,0.000116351
11.21,-0.000158483,-0.000197648,0.000213649,9.80E-05
11.22,-0.000271882,-0.000308473,0.000174207,6.91E-05
11.23,-0.000351792,-0.000356131,0.000133788,5.25E-05
11.24,-0.000329708,-0.000283754,0.000130874,6.63E-05
11.25,-0.000204657,-0.000110131,0.000182378,0.000111762
11.26,-4.15E-05,8.30E-05,0.000272396,0.000171772
11.27,7.50E-05,0.000205844,0.000363197,0.00022163
11.28,9.85E-05,0.000221191,0.00041982,0.000244675
11.29,5.40E-05,0.000170253,0.000431419,0.000242391
11.3,2.19E-05,0.000146299,0.00041598,0.000232269
11.31,8.39E-05,0.000232784,0.000405741,0.000234757
11.32,0.000268284,0.000448071,0.000422723,0.00025799
11.33,0.000531886,0.000734376,0.000462084,0.000291325
11.34,0.000789926,0.000996625,0.000495636,0.000312485
11.35,0.000969331,0.001161751,0.000491766,0.000302901
11.36,0.001048707,0.001216796,0.000436968,0.00026057
11.37,0.001057771,0.001200662,0.000344597,0.000201634
11.38,0.001038679,0.001158305,0.000245302,0.000149346
11.39,0.001003027,0.001096684,0.000165304,0.000117647
11.4,0.000924176,0.000982611,0.000108091,0.000101124
11.41,0.000771922,0.000784875,5.33E-05,7.87E-05
11.42,0.00055551,0.000520204,-2.74E-05,2.82E-05
11.43,0.000333721,0.000259474,-0.000149287,-5.86E-05
11.44,0.000180631,8.63E-05,-0.000303732,-0.000169994
11.45,0.000133516,3.93E-05,-0.000463481,-0.00028201
11.46,0.000164831,8.31E-05,-0.000599867,-0.000373353
11.47,0.000200596,0.000131137,-0.000699015,-0.000436728
11.48,0.000171771,0.000104611,-0.000764276,-0.000477979
11.49,6.24E-05,-1.38E-05,-0.000804644,-0.000504965
11.5,-7.99E-05,-0.000169586,-0.000821726,-0.000517196
11.51,-0.000179745,-0.000277806,-0.000808012,-0.000505993
11.52,-0.000190973,-0.0002855,-0.000757777,-0.000464902
11.53,-0.00013014,-0.000209943,-0.000679416,-0.000400335
11.54,-6.33E-05,-0.000124685,-0.00059634,-0.000332141
11.55,-5.67E-05,-0.000105002,-0.000534309,-0.000282783
11.56,-0.000127145,-0.000173007,-0.000504859,-0.000262976
11.57,-0.000229796,-0.000282576,-0.000497687,-0.000264443
11.58,-0.000292234,-0.00035532,-0.000488363,-0.000265623
11.59,-0.000270389,-0.000340355,-0.000456389,-0.000246735
11.6,-0.000182408,-0.000252272,-0.000400278,-0.000203341
11.61,-9.48E-05,-0.000159066,-0.000337816,-0.000148383
11.62,-7.24E-05,-0.000130171,-0.000291436,-0.00010163
11.63,-0.000129034,-0.000183999,-0.000270222,-7.47E-05
11.64,-0.000217108,-0.000274421,-0.00026226,-6.31E-05
11.65,-0.000264077,-0.000326754,-0.00024332,-5.00E-05
11.66,-0.000229065,-0.000295624,-0.00019553,-2.07E-05
11.67,-0.000134448,-0.000199654,-0.000121516,2.67E-05
11.68,-4.83E-05,-0.000106555,-4.25E-05,7.91E-05
11.69,-3.23E-05,-8.09E-05,1.83E-05,0.000119451
11.7,-9.41E-05,-0.000134621,5.33E-05,0.000139186
11.71,-0.000180837,-0.000218802,7.69E-05,0.000144995
11.72,-0.000220271,-0.000262385,0.000113491,0.000152993
11.73,-0.000177594,-0.000228254,0.000178203,0.000175645
11.74,-8.26E-05,-0.000141548,0.000263523,0.000211571
11.75,-5.99E-06,-6.85E-05,0.000343913,0.000246393
11.76,-4.79E-06,-6.34E-05,0.000394489,0.000263669
11.77,-7.83E-05,-0.000126064,0.000408971,0.000257142
11.78,-0.000168661,-0.000201831,0.000403211,0.000234942
11.79,-0.000206824,-0.00022587,0.000401772,0.000212618
11.8,-0.000167108,-0.000174964,0.000417743,0.000200546
11.81,-8.62E-05,-8.55E-05,0.000442002,0.000196139
11.82,-3.16E-05,-2.29E-05,0.000451143,0.000187213
11.83,-4.71E-05,-2.86E-05,0.000426969,0.00016304
11.84,-0.000117645,-8.65E-05,0.000371163,0.000123687
11.85,-0.000181453,-0.000136301,0.000304253,8.04E-05
11.86,-0.000180721,-0.0001229,0.000250218,4.71E-05
11.87,-0.000108866,-4.23E-05,0.000218187,2.89E-05
11.88,-1.53E-05,5.47E-05,0.000196346,1.88E-05
11.89,3.56E-05,0.000103604,0.000163991,4.15E-06
11.9,1.73E-05,7.84E-05,0.000111092,-2.14E-05
11.91,-3.85E-05,1.23E-05,4.83E-05,-5.16E-05
11.92,-6.87E-05,-3.11E-05,-5.59E-07,-7.19E-05
11.93,-3.37E-05,-1.10E-05,-1.74E-05,-7.09E-05
11.94,4.89E-05,5.63E-05,-4.09E-06,-4.98E-05
11.95,0.000117947,0.000111531,1.89E-05,-2.23E-05
11.96,0.000118938,0.000102406,2.87E-05,-4.50E-06
11.97,4.91E-05,2.81E-05,1.73E-05,-2.85E-06
11.98,-3.96E-05,-5.86E-05,-4.23E-06,-1.10E-05
11.99,-8.27E-05,-9.48E-05,-1.70E-05,-1.68E-05
12,-5.65E-05,-5.91E-05,-1.27E-05,-1.34E-05
12.01,4.81E-06,1.18E-05,-1.41E-06,-5.71E-06
12.02,4.15E-05,5.53E-05,-2.29E-06,-5.28E-06
12.03,2.00E-05,3.65E-05,-2.61E-05,-1.91E-05
12.04,-3.84E-05,-2.32E-05,-6.45E-05,-4.22E-05
12.05,-7.64E-05,-6.53E-05,-9.51E-05,-6.08E-05
12.06,-5.17E-05,-4.64E-05,-9.87E-05,-6.22E-05
12.07,2.47E-05,2.33E-05,-7.43E-05,-4.55E-05
12.08,9.65E-05,8.83E-05,-3.99E-05,-2.22E-05
12.09,0.000109439,9.53E-05,-1.72E-05,-6.35E-06
12.1,5.70E-05,3.92E-05,-1.40E-05,-3.66E-06
12.11,-1.39E-05,-3.18E-05,-1.98E-05,-7.42E-06
12.12,-4.36E-05,-5.80E-05,-1.71E-05,-5.82E-06
12.13,-1.06E-05,-1.91E-05,1.01E-06,6.80E-06
12.14,5.21E-05,4.89E-05,2.44E-05,2.47E-05
12.15,8.83E-05,8.66E-05,3.56E-05,3.64E-05
12.16,6.96E-05,6.34E-05,2.57E-05,3.53E-05
12.17,2.00E-05,3.65E-06,3.45E-06,2.61E-05
12.18,-6.55E-06,-3.64E-05,-1.24E-05,2.12E-05
12.19,2.37E-05,-1.96E-05,-8.84E-06,3.00E-05
12.2,9.23E-05,3.86E-05,8.88E-06,5.01E-05
12.21,0.000143345,8.44E-05,2.13E-05,6.87E-05
12.22,0.000132471,7.47E-05,1.14E-05,7.32E-05
12.23,6.58E-05,1.58E-05,-2.01E-05,6.18E-05
12.24,-4.84E-06,-4.12E-05,-5.45E-05,4.47E-05
12.25,-2.82E-05,-4.63E-05,-7.12E-05,3.48E-05
12.26,9.58E-07,4.19E-06,-6.41E-05,3.68E-05
12.27,3.86E-05,6.47E-05,-4.60E-05,4.35E-05
12.28,3.25E-05,8.20E-05,-3.46E-05,4.39E-05
12.29,-2.96E-05,4.34E-05,-3.63E-05,3.36E-05
12.3,-0.000109251,-1.30E-05,-4.15E-05,1.82E-05
12.31,-0.000152931,-3.37E-05,-3.56E-05,7.88E-06
12.32,-0.000141292,1.47E-07,-1.44E-05,6.91E-06
12.33,-0.000105996,5.58E-05,1.04E-05,9.53E-06
12.34,-9.85E-05,7.99E-05,2.16E-05,5.59E-06
12.35,-0.000141059,4.85E-05,1.23E-05,-9.51E-06
12.36,-0.000205818,-1.13E-05,-7.43E-06,-2.99E-05
12.37,-0.000240124,-4.65E-05,-1.90E-05,-4.40E-05
12.38,-0.000215937,-2.83E-05,-1.16E-05,-4.49E-05
12.39,-0.000155608,2.10E-05,8.22E-06,-3.68E-05
12.4,-0.00010996,5.03E-05,2.34E-05,-3.12E-05
12.41,-0.00011041,2.81E-05,2.27E-05,-3.64E-05
12.42,-0.000139944,-2.80E-05,1.11E-05,-5.02E-05
12.43,-0.000149972,-6.80E-05,4.86E-06,-6.20E-05
12.44,-0.0001077,-5.74E-05,1.56E-05,-6.30E-05
12.45,-2.84E-05,-9.13E-06,3.87E-05,-5.42E-05
12.46,3.89E-05,2.98E-05,5.75E-05,-4.52E-05
12.47,5.76E-05,2.46E-05,5.94E-05,-4.43E-05
12.48,3.76E-05,-1.38E-05,4.86E-05,-5.05E-05
12.49,2.53E-05,-3.96E-05,4.18E-05,-5.41E-05
12.5,5.76E-05,-1.77E-05,5.20E-05,-4.68E-05
12.51,0.000125984,4.11E-05,7.53E-05,-3.04E-05
12.52,0.00018509,8.96E-05,9.39E-05,-1.53E-05
12.53,0.000197474,8.95E-05,9.29E-05,-1.07E-05
12.54,0.000169939,4.82E-05,7.47E-05,-1.60E-05
12.55,0.000146686,1.07E-05,5.62E-05,-2.08E-05
12.56,0.000165277,1.57E-05,5.24E-05,-1.55E-05
12.57,0.000219069,5.70E-05,6.23E-05,-3.81E-07
12.58,0.000263906,9.10E-05,7.04E-05,1.45E-05
12.59,0.000261892,8.00E-05,6.26E-05,1.95E-05
12.6,0.000218623,3.01E-05,4.11E-05,1.44E-05
12.61,0.000177272,-1.54E-05,2.13E-05,8.09E-06
12.62,0.000175048,-1.89E-05,1.63E-05,8.78E-06
12.63,0.000205759,1.38E-05,2.32E-05,1.54E-05
12.64,0.000226566,4.03E-05,2.57E-05,1.82E-05
12.65,0.00020159,2.55E-05,1.05E-05,8.83E-06
12.66,0.000138293,-2.31E-05,-1.90E-05,-1.09E-05
12.67,8.03E-05,-6.31E-05,-4.66E-05,-3.05E-05
12.68,6.36E-05,-6.03E-05,-5.90E-05,-4.05E-05
12.69,8.10E-05,-2.38E-05,-5.88E-05,-4.12E-05
12.7,9.08E-05,4.12E-06,-6.07E-05,-4.11E-05
12.71,6.06E-05,-8.48E-06,-7.57E-05,-4.76E-05
12.72,1.73E-07,-5.06E-05,-9.90E-05,-5.87E-05
12.73,-4.92E-05,-7.98E-05,-0.000114827,-6.50E-05
12.74,-5.82E-05,-6.69E-05,-0.000112318,-5.98E-05
12.75,-4.01E-05,-2.58E-05,-9.65E-05,-4.56E-05
12.76,-3.63E-05,1.29E-06,-8.31E-05,-3.19E-05
12.77,-7.20E-05,-1.20E-05,-8.23E-05,-2.56E-05
12.78,-0.000129701,-4.88E-05,-8.91E-05,-2.43E-05
12.79,-0.000166157,-6.69E-05,-8.91E-05,-1.99E-05
12.8,-0.000157691,-4.37E-05,-7.47E-05,-7.59E-06
12.81,-0.000124504,-7.56E-07,-5.25E-05,8.76E-06
12.82,-0.000108618,1.96E-05,-3.66E-05,2.08E-05
12.83,-0.00012913,-1.50E-06,-3.35E-05,2.45E-05
12.84,-0.000161964,-3.90E-05,-3.59E-05,2.41E-05
12.85,-0.000165488,-5.03E-05,-3.16E-05,2.72E-05
12.86,-0.00012547,-2.02E-05,-1.71E-05,3.60E-05
12.87,-7.10E-05,2.29E-05,-1.61E-06,4.47E-05
12.88,-4.36E-05,3.77E-05,3.62E-06,4.64E-05
12.89,-5.40E-05,1.35E-05,-1.51E-06,4.08E-05
12.9,-7.13E-05,-1.91E-05,-5.03E-06,3.57E-05
12.91,-5.76E-05,-2.23E-05,4.46E-06,3.85E-05
12.92,-9.96E-06,7.97E-06,2.49E-05,4.86E-05
12.93,3.56E-05,3.79E-05,4.17E-05,5.73E-05
12.94,4.21E-05,3.34E-05,4.28E-05,5.65E-05
12.95,1.01E-05,-2.75E-06,3.13E-05,4.77E-05
12.96,-2.45E-05,-3.43E-05,2.26E-05,3.99E-05
12.97,-3.07E-05,-3.18E-05,2.82E-05,4.05E-05
12.98,-1.53E-05,-4.29E-06,4.43E-05,4.77E-05
12.99,-1.21E-05,1.13E-05,5.63E-05,5.31E-05
13,-4.17E-05,-7.17E-06,5.45E-05,5.07E-05
13.01,-8.53E-05,-4.22E-05,4.27E-05,4.30E-05
13.02,-0.000104269,-5.52E-05,3.18E-05,3.71E-05
13.03,-8.27E-05,-3.05E-05,2.61E-05,3.58E-05
13.04,-4.60E-05,6.50E-06,1.91E-05,3.46E-05
13.05,-3.30E-05,1.63E-05,2.34E-06,2.72E-05
13.06,-5.37E-05,-1.17E-05,-2.20E-05,1.36E-05
13.07,-7.87E-05,-4.85E-05,-4.11E-05,1.26E-06
13.08,-7.25E-05,-5.80E-05,-4.43E-05,-2.82E-06
13.09,-3.37E-05,-3.65E-05,-3.54E-05,2.55E-07
13.1,4.46E-06,-1.44E-05,-2.95E-05,1.83E-06
13.11,1.17E-05,-1.87E-05,-3.72E-05,-5.19E-06
13.12,-5.93E-06,-4.05E-05,-5.39E-05,-1.92E-05
13.13,-1.47E-05,-4.53E-05,-6.54E-05,-3.22E-05
13.14,5.75E-06,-1.37E-05,-6.32E-05,-3.87E-05
13.15,3.79E-05,3.40E-05,-5.19E-05,-4.09E-05
13.16,4.70E-05,5.87E-05,-4.20E-05,-4.41E-05
13.17,2.19E-05,4.55E-05,-3.63E-05,-4.92E-05
13.18,-1.03E-05,1.87E-05,-2.74E-05,-5.08E-05
13.19,-1.38E-05,1.34E-05,-8.59E-06,-4.34E-05
13.2,1.56E-05,3.57E-05,1.52E-05,-2.92E-05
13.21,4.70E-05,5.76E-05,2.94E-05,-1.71E-05
13.22,5.06E-05,5.23E-05,2.49E-05,-1.45E-05
13.23,3.12E-05,2.72E-05,7.82E-06,-1.97E-05
13.24,2.06E-05,1.53E-05,-6.91E-06,-2.55E-05
13.25,3.69E-05,3.50E-05,-1.03E-05,-2.67E-05
13.26,6.13E-05,6.68E-05,-6.34E-06,-2.58E-05
13.27,5.92E-05,7.47E-05,-3.54E-06,-2.74E-05
13.28,2.11E-05,4.67E-05,-2.01E-06,-3.11E-05
13.29,-2.54E-05,7.46E-06,7.50E-06,-3.02E-05
13.3,-4.67E-05,-1.15E-05,3.14E-05,-1.94E-05
13.31,-4.02E-05,-8.71E-06,6.26E-05,-1.60E-06
13.32,-3.36E-05,-1.16E-05,8.51E-05,1.42E-05
13.33,-4.79E-05,-4.00E-05,8.87E-05,2.11E-05
13.34,-6.97E-05,-7.89E-05,7.70E-05,2.07E-05
13.35,-6.73E-05,-9.39E-05,6.02E-05,1.85E-05
13.36,-3.03E-05,-7.14E-05,4.17E-05,1.66E-05
13.37,1.46E-05,-3.50E-05,1.59E-05,1.09E-05
13.38,3.27E-05,-1.73E-05,-2.13E-05,-2.47E-06
13.39,1.96E-05,-2.27E-05,-6.11E-05,-2.02E-05
13.4,2.58E-06,-2.52E-05,-8.61E-05,-3.34E-05
13.41,4.51E-06,-4.48E-06,-8.53E-05,-3.59E-05
13.42,1.50E-05,2.64E-05,-6.25E-05,-2.97E-05
13.43,4.83E-06,3.46E-05,-2.89E-05,-2.07E-05
13.44,-3.55E-05,6.78E-06,1.09E-05,-1.10E-05
13.45,-8.08E-05,-3.53E-05,6.17E-05,3.84E-06
13.46,-9.85E-05,-6.15E-05,0.0001264,2.79E-05
13.47,-8.60E-05,-6.90E-05,0.00019653,5.87E-05
13.48,-6.95E-05,-8.28E-05,0.000256437,8.87E-05
13.49,-6.86E-05,-0.000120926,0.000297149,0.000112942
13.5,-7.03E-05,-0.000168178,0.000322897,0.000133352
13.51,-4.56E-05,-0.000193033,0.000342542,0.00015426
13.52,1.21E-05,-0.000185557,0.000356947,0.000175035
13.53,7.61E-05,-0.000168965,0.000358,0.000189481
13.54,0.00011699,-0.000169562,0.000340156,0.000192958
13.55,0.00013672,-0.000183753,0.00030901,0.000187899
13.56,0.000162375,-0.000184068,0.000275252,0.000180484
13.57,0.000208644,-0.000155965,0.000241629,0.000172693
13.58,0.00025723,-0.000117685,0.000199985,0.000159936
13.59,0.000279663,-9.74E-05,0.000142828,0.000137472
13.6,0.000273419,-9.77E-05,7.49E-05,0.000107404
13.61,0.00026444,-9.26E-05,9.86E-06,7.72E-05
13.62,0.00027288,-6.21E-05,-4.40E-05,5.14E-05
13.63,0.000286673,-1.80E-05,-9.07E-05,2.76E-05
13.64,0.000277388,1.14E-05,-0.000137374,1.31E-06
13.65,0.000237279,1.73E-05,-0.000182485,-2.67E-05
13.66,0.000189145,2.12E-05,-0.000216162,-5.01E-05
13.67,0.000156514,4.52E-05,-0.000232649,-6.45E-05
13.68,0.000133617,8.22E-05,-0.000237655,-7.27E-05
13.69,9.48E-05,0.000104511,-0.00024083,-8.10E-05
13.7,3.03E-05,0.000100105,-0.000243527,-9.08E-05
13.71,-3.86E-05,8.78E-05,-0.000238274,-9.76E-05
13.72,-8.58E-05,9.24E-05,-0.000220566,-9.78E-05
13.73,-0.000112761,0.000112124,-0.000197091,-9.39E-05
13.74,-0.000144008,0.000122653,-0.000179016,-9.18E-05
13.75,-0.000192442,0.000110915,-0.000168951,-9.34E-05
13.76,-0.000241151,9.37E-05,-0.000158955,-9.44E-05
13.77,-0.000265827,9.57E-05,-0.000142237,-9.09E-05
13.78,-0.000267469,0.000116785,-0.000122871,-8.53E-05
13.79,-0.000270974,0.000132861,-0.000110496,-8.35E-05
13.8,-0.000291527,0.000128637,-0.000107293,-8.70E-05
13.81,-0.00031443,0.00011812,-0.000105233,-9.13E-05
13.82,-0.000315448,0.000124935,-9.74E-05,-9.15E-05
13.83,-0.000293778,0.000149788,-8.79E-05,-8.94E-05
13.84,-0.000272659,0.000169635,-8.68E-05,-9.05E-05
13.85,-0.000267324,0.0001694,-9.70E-05,-9.66E-05
13.86,-0.000264792,0.000162239,-0.000110773,-0.000102891
13.87,-0.000242915,0.000170731,-0.000121066,-0.000104815
13.88,-0.00020182,0.000195262,-0.000130991,-0.000104173
13.89,-0.000163866,0.000213534,-0.000148767,-0.000106832
13.9,-0.000142497,0.000211558,-0.000174852,-0.000114762
13.91,-0.000123903,0.000202442,-0.000199644,-0.000123657
13.92,-8.70E-05,0.000207027,-0.000215181,-0.000129176
13.93,-3.37E-05,0.0002239,-0.00022452,-0.000132851
13.94,1.35E-05,0.000231175,-0.000235739,-0.000139233
13.95,4.22E-05,0.000217398,-0.000249088,-0.000148269
13.96,6.66E-05,0.000197579,-0.000255558,-0.000153927
13.97,0.000105766,0.000191727,-0.000248817,-0.000151205
13.98,0.000155283,0.000196426,-0.000233402,-0.000141782
13.99,0.000193145,0.000189828,-0.000217378,-0.000130477
14,0.000210386,0.000162704,-0.000199853,-0.0001177
14.01,0.000222559,0.000130968,-0.000171377,-9.88E-05
14.02,0.000245535,0.000112175,-0.000126922,-7.12E-05
14.03,0.000270879,0.000100226,-7.31E-05,-3.90E-05
14.04,0.000276767,7.48E-05,-1.95E-05,-8.65E-06
14.05,0.000258787,3.14E-05,3.33E-05,1.89E-05
14.06,0.000235869,-1.20E-05,9.17E-05,4.75E-05
14.07,0.000222663,-4.13E-05,0.000156388,7.87E-05
14.08,0.000208677,-6.70E-05,0.000217495,0.000108128
14.09,0.000174716,-0.000108089,0.000264631,0.000130963
14.1,0.000122524,-0.000163481,0.000297639,0.000147514
14.11,7.41E-05,-0.000211734,0.000322535,0.000161304
14.12,4.16E-05,-0.000240519,0.000339343,0.00017218
14.13,1.20E-05,-0.00026185,0.000340172,0.000175203
14.14,-3.13E-05,-0.000290913,0.000320622,0.000167368
14.15,-8.15E-05,-0.000320169,0.00028748,0.000152467
14.16,-0.000116487,-0.000327461,0.000251182,0.000136977
14.17,-0.000129027,-0.000306599,0.00021405,0.000122859
14.18,-0.000134707,-0.000275452,0.000171376,0.00010748
14.19,-0.000145689,-0.000250118,0.000123152,9.03E-05
14.2,-0.000150785,-0.000224101,7.83E-05,7.57E-05
14.21,-0.000131771,-0.000182979,4.49E-05,6.81E-05
14.22,-9.16E-05,-0.000131552,2.19E-05,6.60E-05
14.23,-5.19E-05,-9.16E-05,4.13E-06,6.49E-05
14.24,-2.44E-05,-7.31E-05,-6.27E-06,6.43E-05
14.25,1.07E-06,-6.26E-05,-1.41E-06,6.76E-05
14.26,3.37E-05,-4.59E-05,2.01E-05,7.60E-05
14.27,6.09E-05,-3.09E-05,4.81E-05,8.41E-05
14.28,6.30E-05,-3.42E-05,7.12E-05,8.57E-05
14.29,4.18E-05,-5.35E-05,8.76E-05,7.99E-05
14.3,2.00E-05,-6.65E-05,0.000100754,6.95E-05
14.31,1.15E-05,-5.98E-05,0.000108386,5.48E-05
14.32,6.39E-06,-4.35E-05,0.000101983,3.29E-05
14.33,-7.36E-06,-3.13E-05,7.88E-05,4.21E-06
14.34,-2.09E-05,-1.74E-05,4.74E-05,-2.48E-05
14.35,-1.57E-05,1.23E-05,1.86E-05,-4.73E-05
14.36,9.02E-06,5.44E-05,-5.63E-06,-6.21E-05
14.37,3.44E-05,8.71E-05,-2.80E-05,-7.27E-05
14.38,4.87E-05,9.76E-05,-4.58E-05,-7.94E-05
14.39,5.96E-05,9.61E-05,-5.13E-05,-7.94E-05
14.4,7.46E-05,9.53E-05,-4.39E-05,-7.26E-05
14.41,8.16E-05,9.01E-05,-3.41E-05,-6.44E-05
14.42,6.41E-05,6.87E-05,-3.16E-05,-6.01E-05
14.43,2.71E-05,3.75E-05,-3.54E-05,-5.92E-05
14.44,-6.07E-06,1.80E-05,-3.86E-05,-5.78E-05
14.45,-2.32E-05,1.94E-05,-4.03E-05,-5.52E-05
14.46,-3.39E-05,2.80E-05,-4.49E-05,-5.39E-05
14.47,-4.81E-05,2.98E-05,-5.13E-05,-5.39E-05
14.48,-5.80E-05,2.96E-05,-5.08E-05,-5.05E-05
14.49,-5.37E-05,3.71E-05,-3.88E-05,-4.11E-05
14.5,-4.41E-05,4.53E-05,-2.21E-05,-2.92E-05
14.51,-4.82E-05,3.75E-05,-1.08E-05,-2.09E-05
14.52,-6.74E-05,1.35E-05,-6.01E-06,-1.79E-05
14.53,-8.36E-05,-8.23E-06,-2.89E-06,-1.80E-05
14.54,-8.61E-05,-1.59E-05,-1.13E-06,-2.05E-05
14.55,-8.54E-05,-1.86E-05,-5.88E-06,-2.72E-05
14.56,-9.26E-05,-2.78E-05,-1.72E-05,-3.71E-05
14.57,-0.000100393,-3.76E-05,-2.68E-05,-4.45E-05
14.58,-9.64E-05,-3.62E-05,-2.92E-05,-4.53E-05
14.59,-8.58E-05,-2.88E-05,-2.95E-05,-4.21E-05
14.6,-8.52E-05,-3.18E-05,-3.56E-05,-4.05E-05
14.61,-9.63E-05,-4.74E-05,-4.72E-05,-4.25E-05
14.62,-0.000102287,-5.91E-05,-5.80E-05,-4.65E-05
14.63,-9.40E-05,-5.65E-05,-6.75E-05,-5.22E-05
14.64,-8.26E-05,-4.93E-05,-8.08E-05,-6.12E-05
14.65,-7.99E-05,-4.84E-05,-9.74E-05,-7.16E-05
14.66,-7.98E-05,-4.83E-05,-0.00010872,-7.76E-05
14.67,-7.23E-05,-3.87E-05,-0.000109433,-7.50E-05
14.68,-6.37E-05,-2.48E-05,-0.000105166,-6.66E-05
14.69,-6.85E-05,-2.10E-05,-0.000103648,-5.74E-05
14.7,-8.39E-05,-2.62E-05,-0.00010357,-4.84E-05
14.71,-9.04E-05,-2.38E-05,-9.85E-05,-3.78E-05
14.72,-7.80E-05,-6.70E-06,-8.79E-05,-2.59E-05
14.73,-5.66E-05,1.32E-05,-7.67E-05,-1.58E-05
14.74,-3.50E-05,2.49E-05,-6.42E-05,-7.34E-06
14.75,-6.84E-06,3.35E-05,-4.38E-05,3.38E-06
14.76,3.25E-05,4.54E-05,-1.43E-05,1.82E-05
14.77,7.01E-05,5.24E-05,1.55E-05,3.36E-05
14.78,8.97E-05,4.26E-05,3.76E-05,4.60E-05
14.79,9.46E-05,2.12E-05,5.37E-05,5.59E-05
14.8,0.000100228,4.51E-06,6.78E-05,6.49E-05
14.81,0.000108558,-4.17E-06,7.61E-05,7.12E-05
14.82,0.000108289,-1.51E-05,7.23E-05,7.13E-05
14.83,9.85E-05,-2.99E-05,5.91E-05,6.58E-05
14.84,9.44E-05,-3.55E-05,4.50E-05,5.93E-05
14.85,0.000104387,-2.47E-05,3.35E-05,5.44E-05
14.86,0.000118118,-8.32E-06,2.24E-05,5.10E-05
14.87,0.000126052,2.21E-06,1.43E-05,5.05E-05
14.88,0.000134798,1.09E-05,1.84E-05,5.64E-05
14.89,0.000151971,2.45E-05,3.78E-05,6.91E-05
14.9,0.00016832,3.56E-05,6.39E-05,8.37E-05
14.91,0.000169856,3.28E-05,8.72E-05,9.55E-05
14.92,0.000159585,2.03E-05,0.000106897,0.000104383
14.93,0.000150859,1.27E-05,0.000123958,0.000111949
14.94,0.000143939,1.23E-05,0.000132602,0.000116826
14.95,0.000127213,9.08E-06,0.000126323,0.000116354
14.96,0.00010077,1.72E-06,0.000108666,0.000111433
14.97,7.97E-05,1.82E-06,8.94E-05,0.00010538
14.98,7.10E-05,1.36E-05,7.21E-05,9.88E-05
14.99,6.54E-05,2.59E-05,5.38E-05,8.97E-05
15,5.80E-05,3.08E-05,3.56E-05,7.81E-05
15.01,5.91E-05,3.52E-05,2.31E-05,6.65E-05
15.02,7.52E-05,4.55E-05,1.66E-05,5.53E-05
15.03,9.54E-05,5.40E-05,8.93E-06,4.21E-05
15.04,0.000108233,5.27E-05,-1.80E-06,2.65E-05
15.05,0.000118504,4.78E-05,-8.33E-06,1.18E-05
15.06,0.000134142,4.94E-05,-5.36E-06,3.37E-07
15.07,0.000147782,5.39E-05,2.93E-06,-9.51E-06
15.08,0.000146829,5.18E-05,1.18E-05,-1.91E-05
15.09,0.000134009,4.66E-05,2.37E-05,-2.58E-05
15.1,0.000120604,4.92E-05,4.09E-05,-2.72E-05
15.11,0.000104534,5.83E-05,5.70E-05,-2.42E-05
15.12,7.37E-05,6.22E-05,6.42E-05,-1.93E-05
15.13,2.87E-05,5.92E-05,6.38E-05,-1.21E-05
15.14,-1.78E-05,5.81E-05,6.12E-05,-1.12E-06
15.15,-6.31E-05,5.97E-05,5.49E-05,1.17E-05
15.16,-0.000117434,5.32E-05,4.04E-05,2.29E-05
15.17,-0.000181498,3.67E-05,1.99E-05,3.23E-05
15.18,-0.000241628,2.12E-05,1.07E-06,4.16E-05
15.19,-0.000291049,1.22E-05,-1.46E-05,5.03E-05
15.2,-0.000337075,1.85E-06,-3.12E-05,5.59E-05
15.21,-0.000381079,-1.31E-05,-4.74E-05,5.79E-05
15.22,-0.000410354,-2.36E-05,-5.69E-05,5.82E-05
15.23,-0.000417963,-2.41E-05,-5.91E-05,5.61E-05
15.24,-0.000413179,-2.20E-05,-5.98E-05,4.92E-05
15.25,-0.00040313,-2.27E-05,-6.08E-05,3.77E-05
15.26,-0.000380759,-1.95E-05,-5.74E-05,2.42E-05
15.27,-0.000341249,-7.16E-06,-4.96E-05,9.53E-06
15.28,-0.000294524,6.79E-06,-4.36E-05,-7.76E-06
15.29,-0.000249664,1.52E-05,-4.14E-05,-2.73E-05
15.3,-0.000201327,2.30E-05,-3.74E-05,-4.64E-05
15.31,-0.000144103,3.55E-05,-2.91E-05,-6.38E-05
15.32,-8.67E-05,4.62E-05,-2.23E-05,-8.15E-05
15.33,-3.84E-05,4.74E-05,-1.96E-05,-9.89E-05
15.34,6.08E-06,4.39E-05,-1.63E-05,-0.000113182
15.35,5.39E-05,4.23E-05,-9.91E-06,-0.000122867
15.36,9.87E-05,3.85E-05,-6.32E-06,-0.000130095
15.37,0.00013156,2.69E-05,-8.93E-06,-0.000135951
15.38,0.000157583,1.32E-05,-1.29E-05,-0.000138814
15.39,0.000184811,4.93E-06,-1.50E-05,-0.000138486
15.4,0.000208192,-2.16E-06,-1.91E-05,-0.00013761
15.41,0.000219544,-1.48E-05,-2.75E-05,-0.000137234
15.42,0.000223799,-2.87E-05,-3.43E-05,-0.000135205
15.43,0.000229271,-3.67E-05,-3.55E-05,-0.000130615
15.44,0.000231294,-4.31E-05,-3.54E-05,-0.000125514
15.45,0.000221779,-5.42E-05,-3.70E-05,-0.000120581
15.46,0.000205771,-6.56E-05,-3.61E-05,-0.000113563
15.47,0.000192296,-7.09E-05,-3.03E-05,-0.000103735
15.48,0.000178129,-7.45E-05,-2.47E-05,-9.35E-05
15.49,0.000156634,-8.32E-05,-2.27E-05,-8.41E-05
15.5,0.000133005,-9.26E-05,-2.00E-05,-7.39E-05
15.51,0.000114642,-9.63E-05,-1.40E-05,-6.32E-05
15.52,9.62E-05,-9.82E-05,-9.65E-06,-5.44E-05
15.53,6.99E-05,-0.000103172,-1.04E-05,-4.82E-05
15.54,4.08E-05,-0.000106289,-1.24E-05,-4.14E-05
15.55,1.63E-05,-0.000101998,-1.38E-05,-3.24E-05
15.56,-7.59E-06,-9.55E-05,-1.90E-05,-2.20E-05
15.57,-3.61E-05,-9.24E-05,-2.98E-05,-9.25E-06
15.58,-6.23E-05,-8.82E-05,-4.04E-05,8.23E-06
15.59,-7.95E-05,-7.91E-05,-4.73E-05,2.99E-05
15.6,-9.30E-05,-7.09E-05,-5.32E-05,5.19E-05
15.61,-0.000108215,-6.76E-05,-5.83E-05,7.22E-05
15.62,-0.000118463,-6.33E-05,-5.73E-05,9.15E-05
15.63,-0.000118193,-5.41E-05,-4.91E-05,0.000108749
15.64,-0.000113382,-4.60E-05,-3.89E-05,0.000121479
15.65,-0.000107755,-4.22E-05,-2.85E-05,0.000130029
15.66,-9.38E-05,-3.63E-05,-1.39E-05,0.000136415
15.67,-6.82E-05,-2.61E-05,4.67E-06,0.000139854
15.68,-3.99E-05,-1.87E-05,2.21E-05,0.000137863
15.69,-1.38E-05,-1.57E-05,3.69E-05,0.000130737
15.7,1.55E-05,-9.57E-06,5.19E-05,0.000120528
15.71,4.81E-05,1.19E-06,6.56E-05,0.000107229
15.72,7.40E-05,9.54E-06,7.21E-05,9.03E-05
15.73,8.98E-05,1.49E-05,7.02E-05,7.22E-05
15.74,0.000102485,2.35E-05,6.37E-05,5.53E-05
15.75,0.000112567,3.33E-05,5.40E-05,3.91E-05
15.76,0.000111522,3.54E-05,4.09E-05,2.30E-05
15.77,9.87E-05,2.97E-05,2.89E-05,8.78E-06
15.78,8.17E-05,2.29E-05,2.21E-05,-2.54E-06
15.79,6.02E-05,1.40E-05,1.91E-05,-1.28E-05
15.8,2.88E-05,-1.17E-06,1.67E-05,-2.24E-05
15.81,-8.87E-06,-1.72E-05,1.63E-05,-2.89E-05
15.82,-4.38E-05,-2.66E-05,1.86E-05,-3.16E-05
15.83,-7.50E-05,-3.14E-05,1.97E-05,-3.27E-05
15.84,-0.000103195,-3.50E-05,1.82E-05,-3.26E-05
15.85,-0.000121454,-3.21E-05,1.75E-05,-2.96E-05
15.86,-0.000124334,-1.99E-05,1.92E-05,-2.47E-05
15.87,-0.000116865,-4.13E-06,2.04E-05,-2.14E-05
15.88,-0.000103156,1.22E-05,2.11E-05,-2.05E-05
15.89,-7.97E-05,3.43E-05,2.41E-05,-2.03E-05
15.9,-4.80E-05,6.19E-05,2.83E-05,-2.12E-05
15.91,-1.91E-05,8.64E-05,2.93E-05,-2.46E-05
15.92,2.21E-06,0.000105003,2.62E-05,-2.87E-05
15.93,1.96E-05,0.00012187,2.10E-05,-3.10E-05
15.94,3.19E-05,0.000133841,1.38E-05,-3.17E-05
15.95,3.28E-05,0.000133291,5.36E-06,-3.09E-05
15.96,2.49E-05,0.000122228,-2.90E-07,-2.67E-05
15.97,1.62E-05,0.000107749,-1.13E-06,-1.87E-05
15.98,8.29E-06,8.96E-05,1.43E-07,-9.71E-06
15.99,4.96E-07,6.66E-05,2.26E-06,-1.14E-06
16,-2.08E-06,4.51E-05,6.69E-06,7.79E-06
16.01,2.66E-06,2.91E-05,1.10E-05,1.54E-05
16.02,8.60E-06,1.43E-05,9.59E-06,1.83E-05
16.03,1.35E-05,-3.94E-07,1.58E-06,1.66E-05
16.04,2.23E-05,-8.64E-06,-9.69E-06,1.34E-05
16.05,3.41E-05,-1.05E-05,-2.27E-05,1.08E-05
16.06,4.12E-05,-1.38E-05,-3.61E-05,9.92E-06
16.07,4.35E-05,-2.05E-05,-4.50E-05,1.34E-05
16.08,4.71E-05,-2.73E-05,-4.66E-05,2.18E-05
16.09,5.22E-05,-3.66E-05,-4.43E-05,3.23E-05
16.1,5.73E-05,-5.16E-05,-4.01E-05,4.21E-05
16.11,6.69E-05,-6.68E-05,-3.30E-05,5.11E-05
16.12,8.19E-05,-7.73E-05,-2.63E-05,5.74E-05
16.13,9.37E-05,-8.54E-05,-2.69E-05,5.77E-05
16.14,9.71E-05,-9.16E-05,-3.67E-05,5.16E-05
16.15,9.50E-05,-9.05E-05,-5.22E-05,4.15E-05
16.16,8.59E-05,-8.38E-05,-7.20E-05,2.84E-05
16.17,6.32E-05,-7.99E-05,-9.47E-05,1.32E-05
16.18,2.90E-05,-8.11E-05,-0.00011543,-1.04E-06
16.19,-8.45E-06,-8.52E-05,-0.000129987,-1.31E-05
16.2,-4.58E-05,-9.46E-05,-0.000139176,-2.43E-05
16.21,-8.09E-05,-0.000109841,-0.00014244,-3.45E-05
16.22,-0.000107159,-0.000123818,-0.000136606,-4.16E-05
16.23,-0.000123197,-0.000132345,-0.000122854,-4.55E-05
16.24,-0.000136302,-0.000138731,-0.000105963,-4.72E-05
16.25,-0.000148736,-0.000142232,-8.70E-05,-4.58E-05
16.26,-0.000155796,-0.000137367,-6.48E-05,-4.04E-05
16.27,-0.000158259,-0.000125781,-4.07E-05,-3.29E-05
16.28,-0.000160573,-0.0001134,-1.51E-05,-2.49E-05
16.29,-0.000160718,-9.98E-05,1.37E-05,-1.65E-05
16.3,-0.000155753,-8.35E-05,4.34E-05,-9.11E-06
16.31,-0.000147891,-6.78E-05,6.77E-05,-5.61E-06
16.32,-0.000135111,-5.22E-05,8.48E-05,-5.72E-06
16.33,-0.000109839,-3.02E-05,9.74E-05,-7.26E-06
16.34,-7.25E-05,-1.63E-06,0.000106216,-9.62E-06
16.35,-3.14E-05,2.79E-05,0.000111943,-1.21E-05
16.36,1.06E-05,5.78E-05,0.000118389,-1.27E-05
16.37,5.30E-05,8.99E-05,0.000126515,-1.13E-05
16.38,9.17E-05,0.0001213,0.000132907,-1.00E-05
16.39,0.000125888,0.000151526,0.000137156,-9.18E-06
16.4,0.000161403,0.00018501,0.000142211,-7.24E-06
16.41,0.00019773,0.000220037,0.000148044,-4.28E-06
16.42,0.000226766,0.000249012,0.000153449,-3.83E-07
16.43,0.00024534,0.000270204,0.000160052,5.84E-06
16.44,0.000254617,0.000285525,0.000167712,1.38E-05
16.45,0.000253054,0.000293231,0.000172685,2.04E-05
16.46,0.000242597,0.000294503,0.00017393,2.48E-05
16.47,0.000230945,0.000295793,0.000173225,2.80E-05
16.48,0.00021966,0.000297441,0.000169563,2.93E-05
16.49,0.000203306,0.000293339,0.000161452,2.83E-05
16.5,0.000181204,0.000282117,0.00015049,2.58E-05
16.51,0.000156465,0.000265305,0.000136434,2.15E-05
16.52,0.00013007,0.000241429,0.000115862,1.33E-05
16.53,0.00010729,0.000213104,8.88E-05,2.01E-06
16.54,9.78E-05,0.000188345,5.86E-05,-9.50E-06
16.55,0.000102665,0.000168906,2.59E-05,-1.97E-05
16.56,0.000113824,0.000150158,-8.34E-06,-2.69E-05
16.57,0.000125138,0.00013047,-4.09E-05,-2.84E-05
16.58,0.000130321,0.000108179,-7.08E-05,-2.45E-05
16.59,0.000119902,7.82E-05,-0.000100119,-1.77E-05
16.6,9.18E-05,4.15E-05,-0.000128061,-9.08E-06
16.61,5.39E-05,5.06E-06,-0.000151726,6.77E-07
16.62,1.31E-05,-2.87E-05,-0.000170439,9.58E-06
16.63,-2.63E-05,-6.07E-05,-0.000182563,1.72E-05
16.64,-5.80E-05,-8.87E-05,-0.000184359,2.53E-05
16.65,-8.21E-05,-0.000113576,-0.000175776,3.33E-05
16.66,-0.00010643,-0.000140726,-0.000160189,3.97E-05
16.67,-0.0001344,-0.000169403,-0.000139636,4.40E-05
16.68,-0.000163131,-0.000193569,-0.000117226,4.54E-05
16.69,-0.000191006,-0.000210431,-9.86E-05,4.15E-05
16.7,-0.000214091,-0.000216701,-8.62E-05,3.28E-05
16.71,-0.000224514,-0.000206573,-7.83E-05,2.19E-05
16.72,-0.000221304,-0.000181493,-7.47E-05,1.11E-05
16.73,-0.000211078,-0.000149799,-7.41E-05,2.41E-06
16.74,-0.000198014,-0.000116865,-7.20E-05,-7.34E-07
16.75,-0.000185489,-8.72E-05,-6.63E-05,2.25E-06
16.76,-0.000178912,-6.74E-05,-5.82E-05,9.08E-06
16.77,-0.000176699,-5.73E-05,-4.75E-05,1.79E-05
16.78,-0.000169965,-5.05E-05,-3.43E-05,2.62E-05
16.79,-0.000152941,-4.36E-05,-2.18E-05,2.98E-05
16.8,-0.000122395,-3.40E-05,-1.16E-05,2.70E-05
16.81,-7.52E-05,-1.72E-05,-2.70E-06,1.94E-05
16.82,-1.67E-05,5.69E-06,4.01E-06,7.99E-06
16.83,3.92E-05,2.78E-05,7.95E-06,-5.08E-06
16.84,8.19E-05,4.55E-05,1.16E-05,-1.63E-05
16.85,0.000104215,5.59E-05,1.57E-05,-2.41E-05
16.86,9.99E-05,5.37E-05,1.80E-05,-2.95E-05
16.87,7.21E-05,3.90E-05,1.85E-05,-3.32E-05
16.88,3.23E-05,1.82E-05,1.70E-05,-3.70E-05
16.89,-9.04E-06,-4.20E-06,1.14E-05,-4.40E-05
16.9,-4.24E-05,-2.37E-05,1.92E-06,-5.46E-05
16.91,-5.72E-05,-3.41E-05,-8.35E-06,-6.65E-05
16.92,-5.10E-05,-3.60E-05,-1.76E-05,-7.76E-05
16.93,-2.97E-05,-3.61E-05,-2.32E-05,-8.53E-05
16.94,6.05E-07,-3.83E-05,-2.05E-05,-8.66E-05
16.95,3.08E-05,-4.65E-05,-8.13E-06,-8.08E-05
16.96,4.76E-05,-6.63E-05,1.15E-05,-7.00E-05
16.97,4.37E-05,-9.74E-05,3.61E-05,-5.51E-05
16.98,1.82E-05,-0.000135618,6.13E-05,-3.83E-05
16.99,-2.83E-05,-0.000178186,8.07E-05,-2.29E-05
17,-8.92E-05,-0.000219698,9.15E-05,-1.04E-05
17.01,-0.000151777,-0.00025214,9.40E-05,-1.39E-06
17.02,-0.000205972,-0.000273546,8.74E-05,2.38E-06
17.03,-0.000244424,-0.00028549,7.31E-05,8.08E-07
17.04,-0.000259432,-0.000287486,5.48E-05,-4.10E-06
17.05,-0.000250565,-0.000281811,3.48E-05,-1.09E-05
17.06,-0.000225141,-0.000272902,1.58E-05,-1.72E-05
17.07,-0.000190308,-0.000261203,2.67E-06,-1.95E-05
17.08,-0.000154985,-0.000248109,-1.61E-06,-1.60E-05
17.09,-0.000130833,-0.000239234,3.18E-06,-6.81E-06
17.1,-0.000124051,-0.000237762,1.77E-05,8.56E-06
17.11,-0.000136184,-0.000245549,3.99E-05,2.90E-05
17.12,-0.000168981,-0.000266369,6.42E-05,5.16E-05
17.13,-0.000219431,-0.000298971,8.69E-05,7.43E-05
17.14,-0.00028021,-0.000336508,0.000104213,9.45E-05
17.15,-0.000346801,-0.000373799,0.000111957,0.000108127
17.16,-0.000413967,-0.000406056,0.000109126,0.000113106
17.17,-0.00047227,-0.00042876,9.77E-05,0.000109539
17.18,-0.0005141,-0.000444143,7.87E-05,9.75E-05
17.19,-0.000533422,-0.000457347,5.38E-05,7.87E-05
17.2,-0.000523442,-0.000469127,2.60E-05,5.66E-05
17.21,-0.000483606,-0.000479436,-3.92E-06,3.31E-05
17.22,-0.000420141,-0.000487908,-3.52E-05,1.04E-05
17.23,-0.000338979,-0.000489852,-6.44E-05,-8.87E-06
17.24,-0.000247206,-0.000481478,-8.95E-05,-2.34E-05
17.25,-0.000153009,-0.00046204,-0.000109268,-3.28E-05
17.26,-5.93E-05,-0.000428168,-0.000120534,-3.54E-05
17.27,3.30E-05,-0.000377097,-0.000122106,-3.10E-05
17.28,0.000120616,-0.000310437,-0.000115028,-2.08E-05
17.29,0.000202625,-0.00022929,-9.93E-05,-5.13E-06
17.3,0.000278904,-0.000136226,-7.61E-05,1.50E-05
17.31,0.000345997,-3.89E-05,-4.83E-05,3.75E-05
17.32,0.000402938,5.72E-05,-1.74E-05,6.18E-05
17.33,0.000452794,0.000151034,1.46E-05,8.68E-05
17.34,0.000498917,0.000243688,4.37E-05,0.000110446
17.35,0.000549011,0.000342759,6.79E-05,0.000131761
17.36,0.00061526,0.00046203,8.61E-05,0.000149761
17.37,0.000707008,0.000614025,9.64E-05,0.000162119
17.38,0.000830754,0.000809447,9.92E-05,0.00016749
17.39,0.000988957,0.00105453,9.67E-05,0.000165096
17.4,0.001171584,0.001341352,8.89E-05,0.000153111
17.41,0.001355958,0.001646603,7.65E-05,0.000130805
17.42,0.001510428,0.001933939,5.97E-05,9.84E-05
17.43,0.001594658,0.002154106,3.58E-05,5.52E-05
17.44,0.001572172,0.0022592,2.19E-06,1.70E-06
17.45,0.001432408,0.002227172,-4.15E-05,-5.98E-05
17.46,0.001199299,0.002072594,-9.49E-05,-0.000126113
17.47,0.000917394,0.001834363,-0.000152771,-0.000190937
17.48,0.000628301,0.001552695,-0.000202947,-0.000244296
17.49,0.000360573,0.001258161,-0.000232648,-0.000277468
17.5,0.000131657,0.000972289,-0.000236882,-0.000288335
17.51,-5.35E-05,0.000705255,-0.000220421,-0.000281827
17.52,-0.000199207,0.00045858,-0.000191312,-0.00026486
17.53,-0.000310397,0.000232596,-0.000155953,-0.000242948
17.54,-0.000393215,2.57E-05,-0.00012032,-0.000221016
17.55,-0.000454225,-0.000164925,-8.82E-05,-0.000202081
17.56,-0.000495824,-0.00033816,-6.00E-05,-0.000186447
17.57,-0.000519833,-0.00049242,-3.64E-05,-0.000174162
17.58,-0.000529541,-0.000627281,-1.76E-05,-0.000164649
17.59,-0.000526205,-0.000740256,-2.14E-06,-0.00015593
17.6,-0.000512159,-0.000830746,1.00E-05,-0.000146792
17.61,-0.00049187,-0.000901595,1.91E-05,-0.000136295
17.62,-0.000467476,-0.000954434,2.69E-05,-0.000122994
17.63,-0.00044122,-0.000991654,3.38E-05,-0.000106967
17.64,-0.000416598,-0.001016852,3.94E-05,-8.89E-05
17.65,-0.000394391,-0.001030272,4.48E-05,-6.87E-05
17.66,-0.000374932,-0.001031371,4.93E-05,-4.70E-05
17.67,-0.000358864,-0.001020184,5.19E-05,-2.42E-05
17.68,-0.000343917,-0.000994241,5.34E-05,3.21E-07
17.69,-0.000328723,-0.000952535,5.33E-05,2.62E-05
17.7,-0.000314462,-0.000897521,5.14E-05,5.25E-05
17.71,-0.000301215,-0.000831664,4.92E-05,7.92E-05
17.72,-0.00029001,-0.000759572,4.69E-05,0.000105066
17.73,-0.00028247,-0.000687392,4.42E-05,0.000129218
17.74,-0.000276833,-0.000617753,4.22E-05,0.000151608
17.75,-0.000271127,-0.000551738,4.05E-05,0.000171453
17.76,-0.000264338,-0.000489854,3.94E-05,0.000188146
17.77,-0.00025389,-0.000430069,4.05E-05,0.000201829
17.78,-0.000238972,-0.000371211,4.43E-05,0.000211861
17.79,-0.000220999,-0.000312759,5.15E-05,0.000217991
17.8,-0.000201037,-0.000251743,6.30E-05,0.000220608
17.81,-0.000182207,-0.000185477,7.76E-05,0.000219074
17.82,-0.000167989,-0.000111451,9.41E-05,0.000212959
17.83,-0.000158613,-2.61E-05,0.000111435,0.000202154
17.84,-0.00015342,7.09E-05,0.000126879,0.000185755
17.85,-0.00015039,0.000177,0.000138442,0.000163966
17.86,-0.000145694,0.000287291,0.000144913,0.000138122
17.87,-0.000137675,0.000392436,0.000144179,0.000109261
17.88,-0.000125412,0.000482335,0.000136004,7.94E-05
17.89,-0.000107075,0.00055007,0.000121894,5.07E-05
17.9,-8.24E-05,0.000590937,0.000103265,2.43E-05
17.91,-5.10E-05,0.000604401,8.33E-05,1.29E-06
17.92,-1.30E-05,0.000593432,6.53E-05,-1.83E-05
17.93,2.76E-05,0.00056123,5.12E-05,-3.59E-05
17.94,6.61E-05,0.000512921,4.29E-05,-5.25E-05
17.95,9.70E-05,0.000454448,3.99E-05,-6.90E-05
17.96,0.00011355,0.000390277,4.01E-05,-8.61E-05
17.97,0.000111868,0.000325702,4.22E-05,-0.000102723
17.98,9.17E-05,0.00026449,4.36E-05,-0.000117679
17.99,5.47E-05,0.000206629,4.12E-05,-0.000130164
18,7.47E-06,0.000151853,3.37E-05,-0.000138711
18.01,-4.14E-05,9.87E-05,2.03E-05,-0.00014277
18.02,-8.39E-05,4.44E-05,7.24E-07,-0.000142477
18.03,-0.000111505,-1.06E-05,-2.32E-05,-0.000137807
18.04,-0.000118677,-6.34E-05,-5.00E-05,-0.000129841
18.05,-0.000104727,-0.000109955,-7.78E-05,-0.000120026
18.06,-7.21E-05,-0.000145256,-0.000104581,-0.000109763
18.07,-2.80E-05,-0.000167298,-0.000130133,-0.000100985
18.08,1.81E-05,-0.00017714,-0.000153565,-9.42E-05
18.09,5.80E-05,-0.000177939,-0.000173406,-8.85E-05
18.1,8.48E-05,-0.000176156,-0.000189324,-8.29E-05
18.11,9.46E-05,-0.000178288,-0.000200459,-7.62E-05
18.12,8.69E-05,-0.000188728,-0.00020622,-6.79E-05
18.13,6.22E-05,-0.000209928,-0.00020721,-5.84E-05
18.14,2.37E-05,-0.000239934,-0.000203599,-4.78E-05
18.15,-2.32E-05,-0.000274606,-0.000196616,-3.59E-05
18.16,-7.30E-05,-0.000310167,-0.000188065,-2.24E-05
18.17,-0.000118017,-0.000340792,-0.000177872,-6.25E-06
18.18,-0.000149981,-0.00036067,-0.000165638,1.31E-05
18.19,-0.000162814,-0.000366313,-0.000150584,3.54E-05
18.2,-0.000151969,-0.000355416,-0.000131058,6.04E-05
18.21,-0.000117558,-0.000328849,-0.000106398,8.67E-05
18.22,-6.48E-05,-0.000290721,-7.61E-05,0.00011324
18.23,-2.18E-06,-0.000246535,-4.03E-05,0.000138771
18.24,5.95E-05,-0.000202718,-1.41E-06,0.000161445
18.25,0.000110657,-0.000163125,3.79E-05,0.000180161
18.26,0.000145961,-0.000127875,7.50E-05,0.000194213
18.27,0.000164066,-9.47E-05,0.000107678,0.000203063
18.28,0.000169504,-5.80E-05,0.000135762,0.000207664
18.29,0.000169796,-1.31E-05,0.000159383,0.000209438
18.3,0.000171523,4.18E-05,0.000178855,0.000209899
18.31,0.000180108,0.0001067,0.000195959,0.000210997
18.32,0.000196866,0.000179657,0.000212238,0.000213846
18.33,0.000218214,0.000255692,0.000228598,0.000218754
18.34,0.000238261,0.000328363,0.000244163,0.000224762
18.35,0.000249541,0.000389999,0.000255064,0.000229152
18.36,0.000245579,0.000434831,0.000257666,0.000229441
18.37,0.000222371,0.000460714,0.000250208,0.000223702
18.38,0.000178481,0.000468709,0.000233264,0.000210684
18.39,0.000117528,0.000463656,0.000210643,0.000191168
18.4,4.67E-05,0.000450063,0.000186427,0.000166861
18.41,-2.62E-05,0.000429009,0.000163146,0.000139561
18.42,-9.33E-05,0.000400414,0.00014167,0.000110881
18.43,-0.000149965,0.000363499,0.000120361,8.13E-05
18.44,-0.000196038,0.000317744,9.71E-05,5.08E-05
18.45,-0.000233156,0.000264201,7.00E-05,1.94E-05
18.46,-0.00026323,0.000205174,3.70E-05,-1.36E-05
18.47,-0.000285548,0.000145055,-2.27E-06,-4.76E-05
18.48,-0.000297982,8.83E-05,-4.75E-05,-8.14E-05
18.49,-0.000299618,3.77E-05,-9.74E-05,-0.000114233
18.5,-0.000289586,-3.49E-06,-0.000148532,-0.000144462
18.51,-0.000267965,-3.31E-05,-0.000196281,-0.000170909
18.52,-0.000236495,-5.16E-05,-0.000236142,-0.000192764
18.53,-0.000197784,-6.13E-05,-0.000265457,-0.000209936
18.54,-0.000155658,-6.54E-05,-0.000285162,-0.000223187
18.55,-0.000113328,-6.58E-05,-0.000297779,-0.000232451
18.56,-7.28E-05,-6.40E-05,-0.000306434,-0.000237267
18.57,-3.53E-05,-6.21E-05,-0.000313494,-0.000237483
18.58,-1.59E-07,-6.06E-05,-0.000318475,-0.000232838
18.59,3.34E-05,-5.94E-05,-0.000319247,-0.000223877
18.6,6.41E-05,-5.99E-05,-0.00031323,-0.000212119
18.61,9.01E-05,-6.41E-05,-0.000299175,-0.000200207
18.62,0.000108947,-7.37E-05,-0.000278638,-0.0001915
18.63,0.000119905,-8.87E-05,-0.000254103,-0.000187954
18.64,0.000124063,-0.000108598,-0.000228393,-0.000190343
18.65,0.000123048,-0.000133557,-0.000204193,-0.000198995
18.66,0.00011944,-0.000162543,-0.000183082,-0.000213201
18.67,0.000114923,-0.000193542,-0.000166317,-0.000231299
18.68,0.000109621,-0.000224438,-0.000154067,-0.000250427
18.69,0.000103834,-0.000252925,-0.000145164,-0.000267373
18.7,9.93E-05,-0.000276475,-0.000137149,-0.000279258
18.71,0.000100626,-0.000291353,-0.000125131,-0.000282727
18.72,0.000112324,-0.000295102,-0.000104218,-0.000275417
18.73,0.000135923,-0.000288753,-7.29E-05,-0.000257618
18.74,0.000169858,-0.000275072,-3.49E-05,-0.000232466
18.75,0.000209393,-0.000257644,1.13E-06,-0.000205158
18.76,0.000247888,-0.000240093,2.52E-05,-0.000180587
18.77,0.000278404,-0.000226069,2.98E-05,-0.000162363
18.78,0.00029509,-0.000218654,1.15E-05,-0.000152189
18.79,0.000295687,-0.000217783,-2.60E-05,-0.000148757
18.8,0.00028075,-0.000221558,-7.39E-05,-0.000148847
18.81,0.000252099,-0.000228812,-0.000121244,-0.000148682
18.82,0.00021282,-0.000239377,-0.00015829,-0.000145021
18.83,0.000167141,-0.000252873,-0.000178432,-0.000135232
18.84,0.000120954,-0.000266218,-0.000176791,-0.000116236
18.85,8.00E-05,-0.000274656,-0.000151648,-8.61E-05
18.86,4.78E-05,-0.000274065,-0.0001063,-4.57E-05
18.87,2.63E-05,-0.000261249,-4.87E-05,6.81E-07
18.88,1.55E-05,-0.000234396,1.13E-05,4.81E-05
18.89,1.38E-05,-0.000192622,6.67E-05,9.30E-05
18.9,1.75E-05,-0.000136728,0.000114923,0.000133722
18.91,2.08E-05,-6.98E-05,0.000155913,0.000168829
18.92,1.87E-05,4.95E-06,0.000190845,0.000197075
18.93,8.70E-06,8.41E-05,0.000220604,0.000217393
18.94,-9.45E-06,0.000164164,0.000246412,0.000229702
18.95,-3.35E-05,0.00024064,0.000270061,0.000234735
18.96,-5.97E-05,0.000308901,0.000294364,0.000233886
18.97,-8.25E-05,0.000366833,0.00032398,0.000229677
18.98,-9.77E-05,0.000414489,0.000363567,0.000224537
18.99,-0.000104187,0.00045203,0.000415668,0.000219534
19,-0.000104485,0.00047863,0.000478848,0.000213733
19.01,-0.000103599,0.000493149,0.000547649,0.000205238
19.02,-0.000105639,0.000496412,0.000614483,0.000193496
19.03,-0.000112468,0.000490208,0.000669634,0.000179351
19.04,-0.000123875,0.000474944,0.00070229,0.000164114
19.05,-0.000138226,0.00044939,0.000704018,0.000148938
19.06,-0.000153338,0.000412596,0.000673021,0.000135321
19.07,-0.00016605,0.00036681,0.000615877,0.000126086
19.08,-0.000173264,0.000316529,0.000543645,0.000123714
19.09,-0.00017353,0.000265619,0.000466975,0.000128076
19.1,-0.00016751,0.000216114,0.000393245,0.000135852
19.11,-0.000157603,0.000168864,0.000326674,0.000142599
19.12,-0.000146009,0.000125307,0.000270179,0.000146223
19.13,-0.000134224,8.64E-05,0.000224673,0.000147555
19.14,-0.00012334,5.11E-05,0.000188152,0.000148612
19.15,-0.000113865,1.68E-05,0.00015626,0.000150648
19.16,-0.000105894,-1.82E-05,0.000124595,0.00015394
19.17,-9.86E-05,-5.27E-05,9.16E-05,0.000159301
19.18,-9.13E-05,-8.41E-05,5.78E-05,0.000167643
19.19,-8.37E-05,-0.000110728,2.37E-05,0.000178488
19.2,-7.60E-05,-0.000132623,-1.17E-05,0.000189365
19.21,-6.80E-05,-0.000150192,-5.01E-05,0.000197179
19.22,-5.89E-05,-0.00016259,-9.22E-05,0.000200901
19.23,-4.75E-05,-0.000168655,-0.000137668,0.000201665
19.24,-3.39E-05,-0.000168658,-0.000186883,0.000200961
19.25,-1.86E-05,-0.00016412,-0.000240437,0.000199024
19.26,-2.24E-06,-0.000156766,-0.000297454,0.000194991
19.27,1.48E-05,-0.000147076,-0.00035362,0.000188709
19.28,3.22E-05,-0.000135139,-0.000402978,0.000180685
19.29,4.87E-05,-0.000122071,-0.000441192,0.000170849
19.3,6.30E-05,-0.000109504,-0.000467342,0.000157935
19.31,7.43E-05,-9.85E-05,-0.000483002,0.000140314
19.32,8.29E-05,-8.81E-05,-0.000489129,0.000117921
19.33,8.97E-05,-7.71E-05,-0.000485663,9.20E-05
19.34,9.50E-05,-6.51E-05,-0.000473225,6.33E-05
19.35,9.88E-05,-5.27E-05,-0.000454559,3.14E-05
19.36,0.000101062,-4.07E-05,-0.000433988,-4.35E-06
19.37,0.000102194,-2.88E-05,-0.00041434,-4.33E-05
19.38,0.000102498,-1.64E-05,-0.000395932,-8.32E-05
19.39,0.000101739,-4.05E-06,-0.000377804,-0.0001217
19.4,9.96E-05,6.73E-06,-0.000359437,-0.000157603
19.41,9.58E-05,1.47E-05,-0.000341331,-0.000190591
19.42,9.06E-05,2.03E-05,-0.000323337,-0.000220052
19.43,8.43E-05,2.45E-05,-0.000304371,-0.000245319
19.44,7.69E-05,2.76E-05,-0.00028355,-0.00026644
19.45,6.88E-05,2.90E-05,-0.000261229,-0.000284226
19.46,6.09E-05,2.82E-05,-0.000238961,-0.000299632
19.47,5.41E-05,2.56E-05,-0.000217492,-0.000312439
19.48,4.89E-05,2.22E-05,-0.000196159,-0.000321461
19.49,4.46E-05,1.85E-05,-0.000173933,-0.000325599
19.5,4.01E-05,1.43E-05,-0.000150718,-0.000324474
19.51,3.46E-05,9.28E-06,-0.000127709,-0.000318482
19.52,2.81E-05,3.66E-06,-0.000105608,-0.000307834
19.53,2.09E-05,-2.35E-06,-8.38E-05,-0.000292544
19.54,1.32E-05,-9.13E-06,-6.11E-05,-0.000273027
19.55,5.07E-06,-1.72E-05,-3.71E-05,-0.00025037
19.56,-3.06E-06,-2.67E-05,-1.27E-05,-0.000226219
19.57,-1.06E-05,-3.71E-05,1.07E-05,-0.000201675
19.58,-1.69E-05,-4.73E-05,3.34E-05,-0.000176931
19.59,-2.25E-05,-5.72E-05,5.63E-05,-0.000151693
19.6,-2.78E-05,-6.69E-05,8.07E-05,-0.000125745
19.61,-3.31E-05,-7.67E-05,0.000106448,-9.95E-05
19.62,-3.87E-05,-8.62E-05,0.000132356,-7.35E-05
19.63,-4.48E-05,-9.43E-05,0.000157554,-4.78E-05
19.64,-5.20E-05,-0.000100367,0.000181852,-2.22E-05
19.65,-6.06E-05,-0.000103759,0.00020544,3.18E-06
19.66,-7.03E-05,-0.000104319,0.000227751,2.78E-05
19.67,-7.99E-05,-0.000102283,0.000247628,5.08E-05
19.68,-8.84E-05,-9.82E-05,0.000263959,7.17E-05
19.69,-9.53E-05,-9.27E-05,0.000276261,9.04E-05
19.7,-0.00010087,-8.67E-05,0.000284815,0.000107306
19.71,-0.000105318,-8.07E-05,0.00028986,0.000122183
19.72,-0.000108858,-7.53E-05,0.000291456,0.000134502
19.73,-0.00011132,-7.11E-05,0.000289614,0.000143873
19.74,-0.000112472,-6.81E-05,0.0002846,0.000150361
19.75,-0.000111869,-6.59E-05,0.0002772,0.000154498
19.76,-0.000109273,-6.36E-05,0.000268029,0.000156584
19.77,-0.000104878,-6.05E-05,0.000257147,0.000156565
19.78,-9.92E-05,-5.61E-05,0.000244038,0.000154356
19.79,-9.27E-05,-4.97E-05,0.000228244,0.000150291
19.8,-8.60E-05,-4.07E-05,0.000210226,0.000145228
19.81,-7.91E-05,-2.86E-05,0.000191021,0.000139791
19.82,-7.20E-05,-1.39E-05,0.000171514,0.000134069
19.83,-6.41E-05,2.00E-06,0.000151786,0.000127867
19.84,-5.50E-05,1.81E-05,0.000131342,0.0001213
19.85,-4.39E-05,3.42E-05,0.00011008,0.000115146
19.86,-3.11E-05,5.02E-05,8.83E-05,0.000110061
19.87,-1.73E-05,6.54E-05,6.60E-05,0.000105796
19.88,-3.40E-06,7.80E-05,4.30E-05,0.000101083
19.89,1.03E-05,8.63E-05,1.90E-05,9.44E-05
19.9,2.42E-05,9.01E-05,-5.21E-06,8.53E-05
19.91,3.83E-05,9.06E-05,-2.79E-05,7.40E-05
19.92,5.23E-05,8.96E-05,-4.77E-05,6.13E-05
19.93,6.56E-05,8.83E-05,-6.49E-05,4.74E-05
19.94,7.78E-05,8.75E-05,-8.04E-05,3.26E-05
19.95,8.92E-05,8.82E-05,-9.47E-05,1.75E-05
19.96,0.00010043,9.14E-05,-0.000107298,2.77E-06
19.97,0.00011122,9.67E-05,-0.000117365,-1.09E-05
19.98,0.000120652,0.000102394,-0.000124938,-2.37E-05
19.99,0.000127423,0.000106456,-0.000130817,-3.60E-05
20,0.000130844,0.000107912,-0.000135458,-4.80E-05
