﻿Nr;Driver;Team;TL_Nr;Camera;Lap;Time;Total_Infractions;TL_After;TL_PREVIOUS
1;Hudson SCHWARTZ;KCL MP Motorsport;1;Turn 1;7;12:31:18.392;4;no;no
1;Hudson SCHWARTZ;KCL MP Motorsport;2;Turn 5;10;12:38:54.993;4;no;no
1;Hudson SCHWARTZ;KCL MP Motorsport;3;Turn 1;11;12:40:16.603;4;no;no
1;Hudson SCHWARTZ;KCL MP Motorsport;4;Turn 5;12;12:42:30.134;4;no;no
4;Ean EYCKMANS;MP Motorsport;1;Turn 1;7;12:31:13.996;2;no;no
4;Ean EYCKMANS;MP Motorsport;2;Turn 1;11;12:40:11.208;2;no;no
5;Miguel COSTA;Campos Racing;1;Turn 5;5;12:28:10.179;3;no;no
5;Miguel COSTA;Campos Racing;2;Turn 1;11;12:40:16.603;3;no;no
5;Miguel COSTA;Campos Racing;3;Turn 5;10;12:38:54.993;3;no;no
6;Sacha VAN'T PAD BOSCH;T-Code by Amtog;1;Turn 1;2;12:20:57.168;3;no;no
6;Sacha VAN'T PAD BOSCH;T-Code by Amtog;2;Turn 5;7;12:31:50.364;3;no;no
6;Sacha VAN'T PAD BOSCH;T-Code by Amtog;3;Turn 1;10;12:38:28.467;3;no;no
9;René LAMMERS;MP Motorsport;1;Turn 1;7;12:31:13.996;4;no;no
9;René LAMMERS;MP Motorsport;2;Turn 1;10;12:38:25.593;4;no;no
9;René LAMMERS;MP Motorsport;3;Turn 1;12;12:42:01.676;4;no;no
9;René LAMMERS;MP Motorsport;4;Turn 1;13;12:43:49.333;4;no;no
10;Niklas SCHAUFLER;KCL MP Motorsport;1;Turn 1;2;12:20:50.603;2;no;no
10;Niklas SCHAUFLER;KCL MP Motorsport;2;Turn 1;12;12:41:59.937;2;no;no
11;Reno FRANCOT;KCL MP Motorsport;1;Turn 5;5;12:28:10.179;4;no;no
11;Reno FRANCOT;KCL MP Motorsport;2;Turn 1;10;12:38:25.593;4;no;no
11;Reno FRANCOT;KCL MP Motorsport;3;Turn 5;12;12:42:30.134;4;no;no
11;Reno FRANCOT;KCL MP Motorsport;4;Turn 1;14;12:45:38.671;4;no;no
17;Nacho TUÑON;Tecnicar by Amtog;1;Turn 5;2;12:21:25.981;3;no;no
17;Nacho TUÑON;Tecnicar by Amtog;2;Turn 1;2;12:20:58.597;3;no;no
17;Nacho TUÑON;Tecnicar by Amtog;3;Turn 5;6;12:30:01.120;3;no;no
19;Matus RYBA;Griffin Core;1;Turn 4;2;12:21:09.941;2;no;no
19;Matus RYBA;Griffin Core;2;Turn 1;7;12:32:16.733;2;no;no
22;Juan COTA;MP Motorsport;1;Turn 1;10;12:38:25.593;2;no;no
22;Juan COTA;MP Motorsport;2;Turn 1;13;12:43:49.333;2;no;no
23;Jan PRZYROWSKI;Griffin Core;1;Turn 1;2;12:20:49.275;4;no;no
23;Jan PRZYROWSKI;Griffin Core;2;Turn 5;2;12:21:16.764;4;no;no
23;Jan PRZYROWSKI;Griffin Core;3;Turn 1;10;12:38:25.593;4;no;no
23;Jan PRZYROWSKI;Griffin Core;4;Turn 1;12;12:42:01.676;4;no;no
24;Kyuho LEE;Rodin Motorsport;1;Turn 1;10;12:38:31.403;2;no;no
24;Kyuho LEE;Rodin Motorsport;2;Turn 5;12;12:42:36.779;2;no;no
25;Francisco MONARCA;Monlau Motorsport;1;Turn 1;5;12:27:43.942;3;no;no
25;Francisco MONARCA;Monlau Motorsport;2;Turn 1;11;12:40:16.603;3;no;no
25;Francisco MONARCA;Monlau Motorsport;3;Turn 5;12;12:42:31.126;3;no;no
27;Alexander JACOBY;Monlau Motorsport;1;Turn 4;5;12:27:58.410;5;no;no
27;Alexander JACOBY;Monlau Motorsport;2;Turn 5;5;12:28:12.312;5;no;no
27;Alexander JACOBY;Monlau Motorsport;3;Turn 5;6;12:30:01.120;5;no;no
27;Alexander JACOBY;Monlau Motorsport;4;Turn 5;11;12:40:44.860;5;no;no
27;Alexander JACOBY;Monlau Motorsport;5;Turn 5;14;12:46:10.920;5;no;no
32;Wiktor DOBRZANSKI;Tecnicar by Amtog;1;Turn 4;6;12:29:50.426;3;no;no
32;Wiktor DOBRZANSKI;Tecnicar by Amtog;2;Turn 1;11;12:40:19.999;3;no;no
32;Wiktor DOBRZANSKI;Tecnicar by Amtog;3;Turn 1;14;12:45:46.537;3;no;no
33;Christopher EL FEGHALI;Drivex;1;Turn 1;5;12:27:41.065;3;no;no
33;Christopher EL FEGHALI;Drivex;2;Turn 1;12;12:41:58.207;3;no;no
33;Christopher EL FEGHALI;Drivex;3;Turn 1;14;12:45:30.477;3;no;no
37;Filippo FIORENTINO;Drivex;1;Turn 1;5;12:27:43.942;4;no;no
37;Filippo FIORENTINO;Drivex;2;Turn 1;6;12:29:31.520;4;no;no
37;Filippo FIORENTINO;Drivex;3;Turn 1;10;12:38:28.467;4;no;no
37;Filippo FIORENTINO;Drivex;4;Turn 5;14;12:46:07.514;4;no;no
41;Stepan SUSLOV;DXR;1;Turn 1;2;12:20:58.597;4;no;no
41;Stepan SUSLOV;DXR;2;Turn 1;10;12:38:31.403;4;no;no
41;Stepan SUSLOV;DXR;3;Turn 1;12;12:42:08.747;4;no;no
41;Stepan SUSLOV;DXR;4;Turn 1;14;12:45:45.209;4;no;no
46;Nathan TYE;Rodin Motorsport;1;Turn 1;6;12:29:31.520;2;no;no
46;Nathan TYE;Rodin Motorsport;2;Turn 1;14;12:45:37.004;2;no;no
48;Gino TRAPPA;Drivex;1;Turn 1;5;12:27:43.942;3;no;no
48;Gino TRAPPA;Drivex;2;Turn 1;10;12:38:28.467;3;no;no
48;Gino TRAPPA;Drivex;3;Turn 1;14;12:45:38.671;3;no;no
55;Emma FELBERMAYR;Rodin Motorsport;1;Turn 1;2;12:20:58.597;2;no;no
55;Emma FELBERMAYR;Rodin Motorsport;2;Turn 1;6;12:29:35.126;2;no;no
57;Kaiden HIGGINS;DXR;1;Turn 4;2;12:21:15.478;4;no;no
57;Kaiden HIGGINS;DXR;2;Turn 4;5;12:28:01.622;4;no;no
57;Kaiden HIGGINS;DXR;3;Turn 1;6;12:29:35.876;4;no;no
57;Kaiden HIGGINS;DXR;4;Turn 5;11;12:40:48.666;4;no;no
62;Andre RODRIGUEZ;Monlau Motorsport;1;Turn 1;2;12:20:58.597;3;no;no
62;Andre RODRIGUEZ;Monlau Motorsport;2;Turn 1;5;12:27:47.171;3;no;no
62;Andre RODRIGUEZ;Monlau Motorsport;3;Turn 1;10;12:38:31.403;3;no;no
70;Aleksandar BOGUNOVIC;GRS Team;1;Turn 5;2;12:21:25.981;4;no;no
70;Aleksandar BOGUNOVIC;GRS Team;2;Turn 5;6;12:30:03.389;4;no;no
70;Aleksandar BOGUNOVIC;GRS Team;3;Turn 5;11;12:40:46.801;4;no;no
70;Aleksandar BOGUNOVIC;GRS Team;4;Turn 5;12;12:42:34.642;4;no;no
71;Daniel DALLAKYAN;GRS Team;1;Turn 1;10;12:38:28.467;2;no;no
71;Daniel DALLAKYAN;GRS Team;2;Turn 1;12;12:42:08.747;2;no;no
77;Andrej PETROVIC;T-Code by Amtog;1;Turn 1;10;12:38:25.593;3;no;no
77;Andrej PETROVIC;T-Code by Amtog;2;Turn 1;11;12:40:13.817;3;no;no
77;Andrej PETROVIC;T-Code by Amtog;3;Turn 1;13;12:43:49.333;3;no;no
78;Alfio SPINA;TC Racing;1;Turn 5;5;12:28:10.179;4;no;no
78;Alfio SPINA;TC Racing;2;Turn 1;10;12:38:25.593;4;no;no
78;Alfio SPINA;TC Racing;3;Turn 1;12;12:42:01.676;4;no;no
78;Alfio SPINA;TC Racing;4;Turn 5;12;12:42:30.134;4;no;no
81;Noah MONTEIRO;Campos Racing;1;Turn 5;11;12:40:44.860;1;no;no
91;Lorenzo CAMPOS;Monlau Motorsport;1;Turn 1;2;12:20:55.193;3;no;no
91;Lorenzo CAMPOS;Monlau Motorsport;2;Turn 5;5;12:28:12.312;3;no;no
91;Lorenzo CAMPOS;Monlau Motorsport;3;Turn 5;11;12:40:44.860;3;no;no
99;Thomas STRAUVEN;Griffin Core;1;Turn 1;2;12:20:49.275;3;no;no
99;Thomas STRAUVEN;Griffin Core;2;Turn 1;6;12:29:27.261;3;no;no
99;Thomas STRAUVEN;Griffin Core;3;Turn 1;12;12:41:56.535;3;no;no
